date,flow,power,sludge_wet,sludge_moisture,chemical,pac,pam,mlss,power_rate,chemical_rate,ss_in,ss_out,bod_in,bod_out,cod_in,cod_out,cod_reduction,ph_in,ph_out,tn_in,tn_out,tp_in,tp_out,nh3_in,nh3_out,nh3_reduction,color_in,color_out,carbon,month,month_sin,month_cos,doy_sin,doy_cos,dow_sin,dow_cos
2021-01-01,16851.0,5346.0,5.9,75.0,8.9,600.0,16.2,4324.0,1.5,127.0,5.0,67.5,4.2,146.6,11.2,2281.6,7.29,22.05,8.13,1.65,0.18,14.91,0.22,247.54,512.0,0.8587,0.2724236069076019,1.54,0.3323610586908789,1,0.49999999999999994,0.8660254037844387,0.017201575418260506,0.9998520419557735,-0.433883739117558,-0.9009688679024191
2021-01-02,15871.0,5035.0,5.85,75.0,8.8,562.5,15.25,4283.5,1.5,129.25,5.25,66.05,4.4,158.3,11.0,2326.1,7.25,22.545,8.120000000000001,1.7,0.16499999999999998,15.120000000000001,0.24,235.975,512.0,0.8587,0.27241819657716404,1.54,0.33211454317929884,1,0.49999999999999994,0.8660254037844387,0.02579981801593426,0.9996301267810166,-0.7044058256496908,-0.5617449009293669
2021-01-03,15845.666666666666,5027.0,6.616666666666667,75.0,9.950000000000001,558.3333333333334,15.166666666666666,4386.333333333333,1.5,128.0,5.0,64.16666666666667,4.2,158.70000000000002,10.833333333333334,2335.233333333333,7.293333333333333,22.08,8.126666666666667,1.6633333333333333,0.17666666666666667,14.816666666666668,0.24,230.87,512.0,0.8587,0.2724203129655505,1.54,0.3314961299785597,1,0.49999999999999994,0.8660254037844387,0.03439466763375896,0.9993096312833444,-0.7302143779224705,-0.16666666666666677
2021-01-04,16368.5,5192.75,7.5875,75.0,11.4125,581.25,15.7,4372.5,1.5,125.25,5.25,60.8,4.35,145.4,11.05,2172.05,7.295,21.7125,8.2925,1.62,0.165,14.475,0.22,232.7475,512.0,0.8587,0.27241473575555053,1.54,0.3320987797607777,1,0.49999999999999994,0.8660254037844387,0.04298485284560408,0.9988906101755195,-0.5476607834418529,0.12499999999999992
2021-01-05,16915.8,5366.4,7.35,75.0,11.05,600.0,16.14,4398.4,1.5,125.1,5.5,59.98,4.4799999999999995,138.95999999999998,11.1,2127.0,7.3,21.375999999999998,8.116,1.6039999999999999,0.162,14.197999999999999,0.22399999999999998,235.298,512.0,0.8587,0.27241575301166365,1.54,0.33204609734958,1,0.49999999999999994,0.8660254037844387,0.05156910312874981,0.9983731356602549,-0.28176233025987635,0.22469796037174666
2021-01-06,16653.6,5283.2,7.210000000000001,75.0,10.83,590.0,15.839999999999998,4414.6,1.5,125.6,5.4,57.94,4.36,134.16,11.04,2017.8399999999997,7.314,21.248,8.156,1.598,0.166,14.046000000000001,0.22799999999999998,229.02200000000002,512.0,0.8587,0.27241482828394,1.54,0.33196324211076067,1,0.49999999999999994,0.8660254037844387,0.06873506385373346,0.997338348506973,-2.2204460492503132e-17,0.3603875471609676
2021-01-07,17487.8,5547.8,7.05,75.0,10.59,620.0,16.580000000000002,4463.2,1.5,129.0,5.0,58.160000000000004,4.3,126.84,10.98,2012.2599999999998,7.3420000000000005,21.08,8.264,1.5879999999999999,0.17400000000000002,13.924000000000001,0.2,239.802,512.0,0.8587,0.27241300652929623,1.54,0.3319479295160481,1,0.49999999999999994,0.8660254037844387,0.08588068476748197,0.996008432890737,0.2817623302598763,0.22469796037174677
2021-01-08,17835.8,5658.2,6.459999999999999,75.0,9.7,635.0,16.919999999999998,4444.4,1.5,131.2,5.0,54.239999999999995,4.42,116.55999999999999,11.120000000000001,1881.3799999999999,7.33,20.881999999999998,8.26,1.574,0.16599999999999998,13.7,0.188,240.946,512.0,0.8587,0.27241282050600973,1.54,0.3323518441071617,1,0.49999999999999994,0.8660254037844387,0.1030008922049204,0.9943837823549737,0.35135187892997066,-0.08019377358048378
2021-01-09,16981.0,5387.0,5.42,75.0,8.14,600.0,16.080000000000002,4414.8,1.5,135.0,4.9,54.980000000000004,4.42,124.6,11.120000000000001,1911.0399999999997,7.336,21.474,8.096,1.6440000000000001,0.174,14.186000000000002,0.2,236.06199999999998,512.0,0.8587,0.2724103594013124,1.54,0.33177961487793184,1,0.49999999999999994,0.8660254037844387,0.12009062002123039,0.9924648776599149,0.15636629649360598,-0.3246979603717467
2021-01-10,15713.4,4984.8,5.180000000000001,75.0,7.779999999999999,555.0,14.939999999999998,4407.2,1.5,136.6,4.6,56.379999999999995,4.24,129.72,11.22,1845.9599999999998,7.376,21.982,8.112,1.67,0.16599999999999998,14.472,0.188,223.57799999999997,512.0,0.8587,0.27240646078871594,1.54,0.33178752371341325,1,0.49999999999999994,0.8660254037844387,0.13714481109100382,0.990252286640332,-0.15636629649360595,-0.32469796037174675
2021-01-11,15911.6,5047.6,5.159999999999999,75.0,7.76,560.0,15.180000000000001,4351.4,1.5,133.2,4.6,54.52,4.4,126.66,11.22,1817.52,7.398000000000001,21.736,7.9860000000000015,1.6380000000000003,0.162,14.296000000000001,0.182,223.52399999999997,512.0,0.8587,0.2724024028077158,1.54,0.3315796541174504,1,0.49999999999999994,0.8660254037844387,0.15415841880472758,0.9877466640375049,-0.35135187892997066,-0.08019377358048389
2021-01-12,15619.0,4954.8,6.6,75.0,9.92,550.0,14.919999999999998,4303.8,1.5,128.1,5.2,50.28,4.46,121.04,11.38,1679.8399999999997,7.397999999999999,21.344,7.783999999999999,1.58,0.16,13.962,0.20800000000000002,212.91600000000003,512.0,0.8587,0.27240342309459287,1.54,0.3318143960101437,1,0.49999999999999994,0.8660254037844387,0.17112640856215655,0.9849487513054734,-0.2817623302598763,0.22469796037174664
2021-01-13,15406.6,4887.4,6.82,75.0,10.260000000000002,545.0,14.7,4217.6,1.5,127.6,5.2,55.279999999999994,4.38,129.61999999999998,11.32,1801.6,7.406000000000001,22.14,7.772,1.6480000000000001,0.16999999999999998,14.49,0.22800000000000004,218.542,512.0,0.8587,0.27240259725588345,1.54,0.33210537235783594,1,0.49999999999999994,0.8660254037844387,0.1880437592621328,0.981859376391629,-4.4408920985006264e-17,0.3603875471609676
2021-01-14,15880.6,5037.8,7.119999999999999,75.0,10.7,565.0,15.040000000000001,4145.2,1.5,125.5,5.2,53.44,4.42,121.1,11.120000000000001,1731.72,7.398000000000001,21.458,8.184000000000001,1.596,0.174,13.968,0.23600000000000004,217.46800000000002,512.0,0.8587,0.2724049460903262,1.54,0.3324684032114723,1,0.49999999999999994,0.8660254037844387,0.20490546478841024,0.9784794534917118,0.2817623302598763,0.22469796037174666
2021-01-15,16474.2,5226.2,7.279999999999999,75.0,10.940000000000001,585.0,15.6,3900.8,1.5,125.1,4.9,50.739999999999995,4.5,115.05999999999999,10.82,1716.8,7.37,21.042,9.022,1.6,0.186,13.742,0.48999999999999994,218.42799999999997,512.0,0.8587,0.27241017295537534,1.54,0.3323659394241656,1,0.49999999999999994,0.8660254037844387,0.2217065354910448,0.9748099827792858,0.35135187892997066,-0.08019377358048381
2021-01-16,15596.6,4947.8,7.3199999999999985,75.0,11.0,555.0,14.74,3606.8,1.5,128.1,5.3,51.260000000000005,4.54,116.1,11.02,1642.4,7.3740000000000006,20.95,9.382,1.654,0.18,13.652000000000001,0.492,205.85,512.0,0.8587,0.2724097622904845,1.54,0.3324931472420105,1,0.49999999999999994,0.8660254037844387,0.23844199966291243,0.9708520501097709,0.15636629649360598,-0.3246979603717467
2021-01-17,14480.2,4593.6,5.890000000000001,75.0,8.86,515.0,13.6,3255.0,1.5,130.3,5.0,52.2,4.38,115.97999999999999,10.879999999999999,1537.7,7.348000000000001,21.028,9.336,1.7559999999999998,0.16999999999999998,13.732,0.472,192.762,512.0,0.8587,0.27240690140779933,1.54,0.33211238502428314,1,0.49999999999999994,0.8660254037844387,0.25510690501091693,0.966606826699121,-0.15636629649360595,-0.32469796037174675
2021-01-18,15096.0,4788.8,5.59,75.0,8.4,530.0,14.14,3149.2,1.5,131.6,5.6,51.720000000000006,4.42,112.31999999999998,10.919999999999998,1551.6200000000001,7.33,21.036,9.728,1.732,0.17200000000000001,13.907999999999998,0.458,205.99,512.0,0.8587,0.27239985968597863,1.54,0.33142225571048656,1,0.49999999999999994,0.8660254037844387,0.27169632012145317,0.9620755687772423,-0.35135187892997066,-0.08019377358048389
2021-01-19,15051.0,4774.6,5.2299999999999995,75.0,7.859999999999999,525.0,14.180000000000001,3177.8,1.5,131.6,5.8,53.44000000000001,4.279999999999999,114.6,11.080000000000002,1580.98,7.279999999999999,21.102,9.681999999999999,1.7120000000000002,0.16999999999999998,13.857999999999999,0.4539999999999999,204.678,512.0,0.8587,0.2724039300886129,1.54,0.3310372350358488,1,0.49999999999999994,0.8660254037844387,0.2882053359196921,0.957259617216255,-0.2817623302598763,0.22469796037174664
2021-01-20,15272.2,4844.6,5.59,75.0,8.4,535.0,14.34,3235.6,1.5,134.9,6.3,56.1,4.36,121.44000000000001,11.3,1714.2,7.267999999999999,21.546,9.102,1.718,0.16599999999999998,14.246,0.2,218.13000000000002,512.0,0.8587,0.27239492031000107,1.54,0.3312796906168962,1,0.49999999999999994,0.8660254037844387,0.30462906712225435,0.9521603971337068,-4.4408920985006264e-17,0.3603875471609676
2021-01-21,15810.0,5015.2,6.069999999999999,75.0,9.11,550.0,14.820000000000002,3557.8,1.5,140.7,6.0,57.08,4.3,125.08,11.02,1826.4399999999998,7.218000000000001,21.81,9.128,1.6939999999999997,0.176,14.565999999999999,0.188,229.83,512.0,0.8587,0.2723948735858062,1.54,0.33065577879749153,1,0.49999999999999994,0.8660254037844387,0.3209626536828448,0.9467794174708594,0.2817623302598763,0.22469796037174666
2021-01-22,16277.4,5163.6,6.58,75.0,9.870000000000001,565.0,15.34,3938.0,1.5,139.2,5.9,58.760000000000005,4.42,127.97999999999999,11.08,1911.1799999999998,7.238000000000001,22.048,9.664,1.6239999999999999,0.182,14.76,0.21400000000000002,238.458,512.0,0.8587,0.27240280883878704,1.54,0.33074524507180925,1,0.49999999999999994,0.8660254037844387,0.33720126223041785,0.9411182705461659,0.35135187892997066,-0.08019377358048381
2021-01-23,14585.4,4627.0,7.666666666666666,75.0,11.503333333333334,510.0,13.780000000000001,4148.2,1.5,134.6,5.5,56.9,4.5,122.88,11.059999999999999,1649.1,7.196,21.358,9.346,1.594,0.182,14.201999999999998,0.22000000000000003,204.454,512.0,0.8587,0.2724114437177018,1.54,0.33114219828132957,1,0.49999999999999994,0.8660254037844387,0.3533400874994503,0.9351786315840809,0.15636629649360598,-0.3246979603717467
2021-01-24,14455.6,4585.8,9.24,75.0,13.870000000000001,505.0,13.680000000000001,4296.6,1.5,140.0,4.9,58.17999999999999,4.58,124.35999999999999,10.8,1662.1199999999997,7.268000000000001,21.456,8.99,1.6480000000000001,0.19,14.294,0.22400000000000003,204.128,512.0,0.8587,0.2724102160485555,1.54,0.33094541783898807,1,0.49999999999999994,0.8660254037844387,0.3693743537518963,0.9289622582193328,-0.15636629649360595,-0.32469796037174675
2021-01-25,15543.2,4931.0,10.780000000000001,75.0,16.19,545.0,14.780000000000001,4429.8,1.5,140.3,4.7,53.94,4.5200000000000005,116.14000000000001,10.66,1625.02,7.2299999999999995,20.938,8.972,1.6019999999999999,0.2,13.992,0.252,213.254,512.0,0.8587,0.27241834988278385,1.54,0.33115806699121936,1,0.49999999999999994,0.8660254037844387,0.3852993161904052,0.922470989976812,-0.35135187892997066,-0.08019377358048389
2021-01-26,15962.6,5064.0,10.68,75.0,16.040000000000003,565.0,15.220000000000002,4360.4,1.5,134.4,4.8,55.339999999999996,4.64,117.92,10.86,1702.1799999999998,7.2299999999999995,21.264,8.941999999999998,1.6440000000000001,0.20800000000000002,13.956,0.274,218.254,512.0,0.8587,0.27241622613938843,1.54,0.3319172677860008,1,0.49999999999999994,0.8660254037844387,0.40111026236238345,0.9157067477272258,-0.2817623302598763,0.22469796037174664
2021-01-27,16819.4,5335.8,9.959999999999999,75.0,14.960000000000003,595.0,16.0,4357.4,1.5,138.2,5.2,54.739999999999995,4.8,117.74000000000001,10.9,1790.8799999999999,7.224000000000001,21.068,8.75,1.6480000000000001,0.21000000000000002,13.776,0.274,227.01399999999998,512.0,0.8587,0.2724147817585198,1.54,0.33178124517645663,1,0.49999999999999994,0.8660254037844387,0.4168025135544851,0.9086715331186825,-4.4408920985006264e-17,0.3603875471609676
2021-01-28,18409.2,5840.0,10.453333333333333,75.0,15.706666666666667,650.0,17.5,4364.6,1.5,141.4,5.1,55.61999999999999,4.8,121.17999999999999,11.059999999999999,2006.2599999999998,7.281999999999999,21.264000000000003,8.937999999999999,1.654,0.21400000000000002,13.863999999999999,0.27,250.356,512.0,0.8587,0.2724069763104928,1.54,0.3318836488292837,1,0.49999999999999994,0.8660254037844387,0.4323714261771183,0.9013674279843699,0.2817623302598763,0.22469796037174666
2021-01-29,18159.8,5760.8,10.0,75.0,15.020000000000001,645.0,17.220000000000002,4293.8,1.5,137.8,5.5,54.82000000000001,4.779999999999999,120.84,11.26,1970.8800000000003,7.273999999999999,21.656,9.291999999999998,1.658,0.20800000000000002,14.046000000000001,0.24600000000000005,249.926,512.0,0.8587,0.27240197538442645,1.54,0.33264975879709235,1,0.49999999999999994,0.8660254037844387,0.4478123931385583,0.8937965937265092,0.35135187892997066,-0.08019377358048381
2021-01-30,16104.4,5108.6,8.4,75.0,12.620000000000001,570.0,15.220000000000002,4379.4,1.5,132.6,5.4,57.21999999999999,4.68,124.0,11.24,1822.0,7.3180000000000005,21.762,9.581999999999999,1.6640000000000001,0.21200000000000002,13.978,0.23000000000000004,221.554,512.0,0.8587,0.27239299442984055,1.54,0.3324430969810967,1,0.49999999999999994,0.8660254037844387,0.4631208452082601,0.8859612706767607,0.15636629649360598,-0.3246979603717467
2021-01-31,15339.6,4866.0,8.89,75.0,13.36,540.0,14.48,4497.8,1.5,138.9,5.6,56.779999999999994,4.64,123.96,11.22,1723.7599999999998,7.345999999999999,21.838,9.34,1.616,0.2,13.982,0.22800000000000004,210.948,512.0,0.8587,0.272392996752173,1.54,0.3318879480803609,1,0.49999999999999994,0.8660254037844387,0.47829225236896666,0.8778637774332724,-0.15636629649360595,-0.32469796037174675
2021-02-01,16332.0,4998.4,10.45,75.0,15.7,575.0,15.440000000000001,4457.8,1.5,135.2,5.2,57.36,4.4399999999999995,124.96,11.28,1852.3200000000002,7.31,22.188,9.144,1.624,0.20400000000000001,14.181999999999999,0.21400000000000002,229.138,512.0,0.8587,0.26575466606591325,1.54,0.32541003264924784,2,0.5732050807568877,0.792820323027551,0.493322125157215,0.8695065101745717,-0.35135187892997066,-0.08019377358048389
2021-02-02,16733.0,4963.2,9.03,75.0,13.559999999999999,590.0,15.860000000000003,4336.0,1.5,132.6,5.2,57.160000000000004,4.42,123.12,11.16,1861.2800000000002,7.286,22.018,9.075999999999999,1.6039999999999999,0.198,13.966,0.20600000000000002,230.39000000000001,512.0,0.8587,0.25912851390321967,1.54,0.31866116928796495,2,0.6464101615137754,0.7196152422706633,0.5082060159918396,0.8608919419504957,-0.2817623302598763,0.22469796037174664
2021-02-03,17247.6,4999.2,9.290000000000001,75.0,13.959999999999999,610.0,16.279999999999998,4305.4,1.5,130.6,5.4,59.620000000000005,4.540000000000001,125.4,11.34,1952.0,7.284000000000001,22.006,8.694,1.596,0.198,13.906,0.22599999999999998,236.404,512.0,0.8587,0.25250085415058765,1.54,0.31215797474435164,2,0.7196152422706631,0.6464101615137755,0.5229395204900834,0.8520226219503769,-4.4408920985006264e-17,0.3603875471609676
2021-02-04,18893.6,5365.2,8.63,75.0,12.959999999999999,665.0,17.86,4195.0,1.5,136.3,5.2,62.339999999999996,4.6,132.18,11.239999999999998,2267.1600000000003,7.287999999999999,22.357999999999997,8.104,1.6039999999999999,0.192,14.058000000000002,0.22199999999999998,261.352,512.0,0.8587,0.2458752790067257,1.54,0.30507744324979846,2,0.7928203230275508,0.5732050807568878,0.5375182787709265,0.8429011747486974,0.2817623302598763,0.22469796037174666
2021-02-05,20662.4,5756.8,8.66,75.0,13.0,730.0,19.52,3970.2,1.5,133.6,4.9,58.8,4.68,124.64000000000001,11.239999999999998,2328.0800000000004,7.264,21.689999999999998,8.274,1.574,0.19,13.734,0.22999999999999998,278.82800000000003,512.0,0.8587,0.23924495043479724,1.54,0.29896617007403836,2,0.8660254037844386,0.5000000000000001,0.5519379767452436,0.8335302995284337,0.35135187892997066,-0.08019377358048381
2021-02-06,19944.2,5556.8,7.3,75.0,10.959999999999999,705.0,18.86,3838.6,1.5,133.4,5.1,60.5,4.76,129.28,11.2,2341.3599999999997,7.292,21.886,7.946000000000001,1.572,0.184,13.919999999999998,0.236,272.152,512.0,0.8587,0.23924888740362737,1.54,0.2988645804315385,2,0.8660254037844386,0.5000000000000001,0.5661943473924137,0.8239127692823265,0.15636629649360598,-0.3246979603717467
2021-02-07,19964.6,5562.4,7.7,75.0,11.559999999999999,705.0,18.86,3720.0,1.5,138.7,5.1,59.839999999999996,4.720000000000001,127.88000000000002,11.12,2315.5600000000004,7.295999999999999,21.669999999999998,7.552,1.5539999999999998,0.172,13.896,0.252,271.57,512.0,0.8587,0.23924547637899388,1.54,0.2988471978981627,2,0.8660254037844386,0.5000000000000001,0.5802831720229993,0.814051429992307,-0.15636629649360595,-0.32469796037174675
2021-02-08,20798.2,5794.6,6.56,75.0,9.84,730.0,19.76,3697.0,1.5,137.9,4.5,56.760000000000005,4.4399999999999995,125.12,10.8,2364.7799999999997,7.276000000000001,21.234,7.552,1.516,0.17,13.709999999999999,0.24,279.522,512.0,0.8587,0.23924318677937148,1.54,0.2982398161624847,2,0.8660254037844386,0.5000000000000001,0.5942002815271247,0.8039491997873244,-0.35135187892997066,-0.08019377358048389
2021-02-09,20214.0,5631.8,7.159999999999999,75.0,10.74,715.0,19.16,3778.0,1.5,131.0,4.6,53.279999999999994,4.34,115.85999999999999,10.959999999999999,2119.16,7.26,20.768,7.502,1.49,0.16199999999999998,13.504000000000001,0.23199999999999998,267.904,512.0,0.8587,0.23924163186410388,1.54,0.2988183579026874,2,0.8660254037844386,0.5000000000000001,0.6079415576081829,0.793609068079826,-0.2817623302598763,0.22469796037174664
2021-02-10,18612.2,5185.6,6.62,75.0,9.940000000000001,660.0,17.68,3931.6,1.5,131.6,4.7,56.86,4.26,122.04,10.8,2062.9,7.2780000000000005,21.375999999999998,7.082000000000001,1.532,0.15999999999999998,13.818000000000001,0.21200000000000002,252.79399999999995,512.0,0.8587,0.23924545767524963,1.54,0.2990374792093973,2,0.8660254037844386,0.5000000000000001,0.6215029340015057,0.7830340946811406,-4.4408920985006264e-17,0.3603875471609676
2021-02-11,17059.4,4753.0,7.195,75.0,10.8125,605.0,16.18,4013.2,1.5,131.3,4.9,55.379999999999995,4.38,117.22,10.9,1792.56,7.3,20.997999999999998,7.0120000000000005,1.516,0.156,13.538,0.20600000000000002,225.82,512.0,0.8587,0.23924884536850918,1.54,0.2988328016916588,2,0.8660254037844386,0.5000000000000001,0.6348803976776368,0.7722274088960318,0.2817623302598763,0.22469796037174666
2021-02-12,15951.4,4444.4,7.404999999999999,75.0,11.1375,565.0,15.16,4042.6,1.5,128.1,4.7,57.540000000000006,4.279999999999999,121.66,10.78,1755.8200000000002,7.306,21.131999999999998,7.048,1.56,0.158,13.581999999999999,0.198,212.45,512.0,0.8587,0.23925421279658945,1.54,0.2986020932425912,2,0.8660254037844386,0.5000000000000001,0.6480699900298517,0.7611922085966863,0.35135187892997066,-0.08019377358048381
2021-02-13,14821.4,4129.6,8.05,75.0,12.114999999999998,525.0,14.02,3950.8,1.5,128.9,5.0,58.04,4.42,121.54,10.940000000000001,1630.36,7.308,21.06,7.101999999999999,1.5559999999999998,0.16,13.558000000000002,0.198,197.422,512.0,0.8587,0.23925547539117914,1.54,0.29842253329447976,2,0.8660254037844386,0.5000000000000001,0.6610678080455733,0.7499317592764122,0.15636629649360598,-0.3246979603717467
2021-02-14,14020.2,3906.4,8.65,75.0,13.025,490.0,13.379999999999999,3897.2,1.5,137.1,5.3,61.17999999999999,4.54,126.24000000000001,10.919999999999998,1617.6799999999998,7.3,21.576,7.5680000000000005,1.6059999999999999,0.166,13.77,0.21000000000000002,189.64399999999998,512.0,0.8587,0.2392568637895645,1.54,0.29750466488702193,2,0.8660254037844386,0.5000000000000001,0.6738700054613357,0.7384493930833262,-0.15636629649360595,-0.32469796037174675
2021-02-15,13998.4,3900.2,9.425,75.0,14.1875,490.0,13.3,3899.0,1.5,131.6,5.2,59.58,4.58,120.84,10.92,1540.3200000000002,7.284000000000001,20.898,8.209999999999999,1.5619999999999998,0.178,13.478,0.21000000000000002,185.3,512.0,0.8587,0.2392490394546721,1.54,0.2973456090298189,2,0.8660254037844386,0.5000000000000001,0.6864727939009564,0.7267485078343185,-0.35135187892997066,-0.08019377358048389
2021-02-16,14968.0,4170.2,10.2,75.0,15.35,525.0,14.2,3937.0,1.5,132.3,5.2,59.96,4.5600000000000005,121.86000000000001,10.879999999999999,1665.78,7.276000000000001,20.57,9.431999999999999,1.5619999999999998,0.194,13.431999999999999,0.21400000000000002,197.86399999999998,512.0,0.8587,0.23924032050465405,1.54,0.29746362954607475,2,0.8660254037844386,0.5000000000000001,0.6988724439965763,0.7148325660095836,-0.2817623302598763,0.22469796037174664
2021-02-17,15298.4,4262.2,10.975,75.0,16.5125,535.0,14.4,3958.0,1.5,131.1,5.4,58.660000000000004,4.66,99.06,10.940000000000001,1310.9199999999998,7.279999999999999,20.509999999999998,10.312000000000001,1.552,0.202,13.430000000000001,0.202,202.352,512.0,0.8587,0.23923721713163268,1.54,0.2972961261238763,2,0.8660254037844386,0.5000000000000001,0.7110652864922413,0.7027050937280163,-4.4408920985006264e-17,0.3603875471609676
2021-02-18,15277.6,4256.4,11.75,75.0,17.675,540.0,14.419999999999998,4078.0,1.5,132.2,5.4,59.88000000000001,4.54,100.7,10.819999999999999,1334.94,7.289999999999999,20.476,10.947999999999999,1.572,0.196,13.592000000000002,0.21600000000000003,204.29000000000002,512.0,0.8587,0.2392369351620293,1.54,0.29833606419268693,2,0.8660254037844386,0.5000000000000001,0.7230477133296929,0.690369679703777,0.2817623302598763,0.22469796037174666
2021-02-19,15115.0,4211.0,10.91,75.0,16.405,540.0,14.219999999999999,4130.0,1.5,125.6,5.0,57.42,4.4799999999999995,97.67999999999999,10.7,1279.56,7.32,21.107999999999997,11.402,1.552,0.194,14.191999999999998,0.2,209.704,512.0,0.8587,0.23923027660481422,1.54,0.2992595525867924,2,0.8660254037844386,0.5000000000000001,0.734816178716051,0.6778299741843333,0.35135187892997066,-0.08019377358048381
2021-02-20,14605.6,4069.2,9.895000000000001,75.0,14.882499999999999,520.0,13.76,4184.8,1.5,124.8,5.2,58.58,4.6,102.67999999999999,11.02,1283.98,7.343999999999999,21.554,11.32,1.608,0.184,14.618,0.196,208.16199999999998,512.0,0.8587,0.23923843284883048,1.54,0.2992856050634264,2,0.8660254037844386,0.5000000000000001,0.7463672001730716,0.6650896878702927,0.15636629649360598,-0.3246979603717467
2021-02-21,13182.2,3672.6,8.805000000000001,75.0,13.247499999999999,470.0,12.48,4274.4,1.5,127.3,5.0,60.67999999999999,4.5200000000000005,113.41999999999999,10.879999999999999,1227.4,7.3420000000000005,22.683999999999997,10.638,1.668,0.184,15.695999999999998,0.192,199.61200000000002,512.0,0.8587,0.2392341373286771,1.54,0.2995766944044581,2,0.8660254037844386,0.5000000000000001,0.7576973595676674,0.6521525908173473,-0.15636629649360595,-0.32469796037174675
2021-02-22,12234.0,3408.4,7.540000000000001,75.0,11.34,440.0,11.62,4462.6,1.5,129.7,5.0,61.760000000000005,4.58,142.57999999999998,11.040000000000001,1584.8600000000001,7.332000000000001,23.35,9.922,1.682,0.188,16.066,0.196,191.762,512.0,0.8587,0.23923334967612914,1.54,0.3001902468553006,2,0.8660254037844386,0.5000000000000001,0.7688033041233888,0.6390225113206526,-0.35135187892997066,-0.08019377358048389
2021-02-23,12508.0,3484.8,6.180000000000001,75.0,9.3,445.0,11.860000000000001,4439.2,1.5,128.2,4.9,61.52,4.680000000000001,142.98,11.18,1620.52,7.328,24.288,9.592,1.716,0.194,16.63,0.176,204.988,512.0,0.8587,0.23923657203521928,1.54,0.29945446139527,2,0.8660254037844386,0.5000000000000001,0.7796817474125644,0.6257033347819745,-0.2817623302598763,0.22469796037174664
2021-02-24,13230.8,3686.2,7.38,75.0,11.1,470.0,12.459999999999999,4390.4,1.5,132.6,5.1,63.28000000000001,4.5600000000000005,147.98,11.18,1775.72,7.3180000000000005,23.688000000000002,9.482000000000001,1.7079999999999997,0.196,16.006,0.186,207.144,512.0,0.8587,0.2392388972276017,1.54,0.29946596676322557,2,0.8660254037844386,0.5000000000000001,0.7903294703288073,0.6121990025599359,-4.4408920985006264e-17,0.3603875471609676
2021-02-25,14927.4,4158.8,7.62,75.0,11.459999999999999,530.0,14.0,4230.4,1.5,140.8,4.6,60.08,4.279999999999999,140.62,10.88,1837.0400000000002,7.284000000000001,23.986,9.338,1.6880000000000002,0.202,16.048,0.194,232.75799999999998,512.0,0.8587,0.23923392329224374,1.54,0.29936794614345896,2,0.8660254037844386,0.5000000000000001,0.8007433220396015,0.5985135108037049,0.2817623302598763,0.22469796037174666
2021-02-26,16833.8,4690.0,7.859999999999999,75.0,11.82,595.0,15.84,4146.0,1.5,141.8,4.3,55.32000000000001,4.18,125.68000000000002,10.82,1871.6200000000001,7.26,22.702,9.362,1.6039999999999999,0.202,14.702000000000002,0.176,243.07399999999998,512.0,0.8587,0.2392399488296048,1.54,0.29910299974883936,2,0.8660254037844386,0.5000000000000001,0.810920220918683,0.5846509092704706,0.35135187892997066,-0.08019377358048381
2021-02-27,17544.4,4888.0,8.059999999999999,75.0,12.120000000000001,620.0,16.54,4074.8,1.5,144.5,4.2,50.44,4.180000000000001,112.05999999999999,10.739999999999998,1761.2400000000002,7.246,21.97,9.068000000000001,1.5379999999999998,0.188,14.108,0.178,244.112,512.0,0.8587,0.23924075629334998,1.54,0.2990306112767783,2,0.8660254037844386,0.5000000000000001,0.8208571554579427,0.5706153001270543,0.15636629649360598,-0.3246979603717467
2021-02-28,17508.8,4878.0,8.76,75.0,13.16,615.0,16.48,4107.8,1.5,151.7,4.4,46.660000000000004,4.24,105.74000000000001,10.78,1654.7800000000002,7.252000000000001,20.812,8.306000000000001,1.46,0.19,13.297999999999998,0.184,230.394,512.0,0.8587,0.2392364422016807,1.54,0.2984615816413735,2,0.8660254037844386,0.5000000000000001,0.8305511851585807,0.5564108367360133,-0.15636629649360595,-0.32469796037174675
2021-03-01,18994.0,5399.0,8.92,75.0,13.4,670.0,17.84,4218.6,1.5,152.9,4.2,49.38,4.380000000000001,116.22,10.86,2090.06,7.214,21.444,7.481999999999999,1.516,0.18000000000000002,13.674000000000001,0.19,259.804,512.0,0.8587,0.2431495414359543,1.54,0.302416376936541,3,0.8928203230275509,0.4000000000000001,0.8399994414012466,0.5420417224265924,-0.35135187892997066,-0.08019377358048389
2021-03-02,19527.2,5649.6,10.153333333333332,75.0,15.239999999999998,690.0,18.46,4302.6,1.5,146.3,4.4,50.4,4.4,121.92,10.9,2261.34,7.214,21.262,7.452,1.502,0.172,13.680000000000001,0.19,267.866,512.0,0.8587,0.24705596250350514,1.54,0.30624508345381324,3,0.9196152422706632,0.3000000000000001,0.8491991282949105,0.5275122092508928,-0.2817623302598763,0.22469796037174664
2021-03-03,18868.2,5539.8,11.4,75.0,17.1,670.0,17.8,4319.8,1.5,140.5,4.6,52.239999999999995,4.46,121.52000000000001,10.94,2190.94,7.231999999999999,21.412,7.184,1.5,0.158,13.838,0.21799999999999997,261.82800000000003,512.0,0.8587,0.25096467111586634,1.54,0.31025307161818,3,0.9464101615137753,0.2000000000000001,0.8581475235042115,0.5128265967256205,-4.4408920985006264e-17,0.3603875471609676
2021-03-04,18548.2,5516.4,12.8,75.0,19.2,660.0,17.5,4354.2,1.5,135.9,4.7,55.7,4.459999999999999,129.92,10.9,2286.46,7.2700000000000005,21.62,7.438,1.552,0.16,14.219999999999999,0.21000000000000002,263.646,512.0,0.8587,0.25486648628164466,1.54,0.314563651818913,3,0.9732050807568877,0.10000000000000006,0.8668419790550417,0.4979892305597905,0.2817623302598763,0.22469796037174666
2021-03-05,18710.0,5638.4,12.2,75.0,18.3,670.0,17.7,4402.0,1.5,134.7,4.9,58.64,4.5600000000000005,134.88,11.04,2381.54,7.256,21.952,7.964,1.6,0.15,14.398,0.21000000000000002,268.668,512.0,0.8587,0.2587749453732976,1.54,0.3190962809655674,3,1.0,6.123233995736766e-17,0.8752799221181231,0.48300450136876155,0.35135187892997066,-0.08019377358048381
2021-03-06,16639.2,5014.2,11.07,75.0,16.61,590.0,15.839999999999998,4316.6,1.5,135.8,5.3,53.9,4.56,123.78,11.16,1860.3200000000002,7.306,21.188,8.276,1.544,0.15799999999999997,14.228,0.202,233.836,512.0,0.8587,0.2587678543521413,1.54,0.3182052170657805,3,1.0,6.123233995736766e-17,0.8834588557703498,0.46787684337498237,0.15636629649360598,-0.3246979603717467
2021-03-07,14602.8,4400.6,9.876666666666667,75.0,14.830000000000002,520.0,13.839999999999998,4367.4,1.5,138.1,5.4,55.06,4.5200000000000005,128.23999999999998,11.28,1686.64,7.362,21.616,7.8,1.5799999999999998,0.156,14.368,0.194,205.308,512.0,0.8587,0.25877152628176975,1.54,0.31882618751296227,3,1.0,6.123233995736766e-17,0.8913763597336679,0.45261073309583394,-0.15636629649360595,-0.32469796037174675
2021-03-08,15498.8,4670.6,8.53,75.0,12.809999999999999,550.0,14.839999999999998,4397.0,1.5,144.1,5.3,53.239999999999995,4.4399999999999995,130.4,11.22,1816.6199999999997,7.390000000000001,21.932,7.9799999999999995,1.584,0.164,14.49,0.19,219.57200000000003,512.0,0.8587,0.2587706406958127,1.54,0.3188528675396448,3,1.0,6.123233995736766e-17,0.8990300910912741,0.437210688018956,-0.35135187892997066,-0.08019377358048389
2021-03-09,15842.2,4774.2,6.69,75.0,10.05,560.0,15.2,4403.8,1.5,142.6,5.3,52.239999999999995,4.28,124.7,11.18,1768.06,7.382,21.669999999999998,8.518,1.568,0.176,14.107999999999999,0.23399999999999999,217.452,512.0,0.8587,0.2587769880191373,1.54,0.31830590558626326,3,1.0,6.123233995736766e-17,0.9064177849809232,0.4216812652654497,-0.2817623302598763,0.22469796037174664
2021-03-10,15744.2,4744.6,6.29,75.0,9.45,555.0,15.1,4430.0,1.5,141.5,4.7,50.019999999999996,4.04,121.08,10.680000000000001,1706.2400000000002,7.382,21.654,8.712,1.534,0.19,14.157999999999998,0.236,216.93200000000002,512.0,0.8587,0.25877350156009404,1.54,0.318101041197036,3,1.0,6.123233995736766e-17,0.9135372552651363,0.406027060241352,-4.4408920985006264e-17,0.3603875471609676
2021-03-11,16614.4,5006.8,5.859999999999999,75.0,8.8,590.0,15.9,4453.8,1.5,134.3,4.4,50.36,3.9,117.5,10.459999999999999,1755.4199999999996,7.331999999999999,21.374000000000002,8.798,1.53,0.192,13.838,0.236,224.358,512.0,0.8587,0.2587724138600642,1.54,0.31871794953108734,3,1.0,6.123233995736766e-17,0.9203863951781155,0.3902527052777818,0.2817623302598763,0.22469796037174666
2021-03-12,17088.0,5149.6,5.4,75.0,8.1,605.0,16.4,4451.8,1.5,130.7,4.2,50.22,3.8600000000000003,110.1,10.32,1712.3200000000002,7.284000000000001,20.676,9.24,1.478,0.192,13.413999999999998,0.24,225.50799999999998,512.0,0.8587,0.25877678461617515,1.54,0.3183439461526234,3,1.0,6.123233995736766e-17,0.9269631779491683,0.37436286826015747,0.35135187892997066,-0.08019377358048381
2021-03-13,15075.8,4543.2,5.0,75.0,7.5,535.0,14.3,4463.8,1.5,126.5,4.3,52.56,3.8599999999999994,111.12,10.3,1512.3,7.232000000000001,20.588,9.198,1.508,0.194,13.572,0.23399999999999999,199.80599999999998,512.0,0.8587,0.25877617574188594,1.54,0.31846538668076135,3,1.0,6.123233995736766e-17,0.9332656574024624,0.35836225124689564,0.15636629649360598,-0.3246979603717467
2021-03-14,13911.0,4192.2,5.0,75.0,7.5,495.0,13.2,4434.0,1.5,125.8,4.4,52.6,4.02,113.08,10.34,1419.08,7.214,20.767999999999997,8.611999999999998,1.488,0.186,13.790000000000001,0.20800000000000002,188.61399999999998,512.0,0.8587,0.25877986131686126,1.54,0.3187657795927924,3,1.0,6.123233995736766e-17,0.9392919685329305,0.3422555890779956,-0.15636629649360595,-0.32469796037174675
2021-03-15,13159.0,3965.6,5.0,75.0,7.5,470.0,12.5,4423.4,1.5,122.7,4.6,56.04,4.1,118.28,10.56,1412.3600000000001,7.231999999999999,21.21,8.402,1.54,0.188,13.934000000000001,0.21200000000000002,180.18200000000002,512.0,0.8587,0.25878041561976634,1.54,0.31898225400610924,3,1.0,6.123233995736766e-17,0.9450403280581551,0.32604764797392444,-0.35135187892997066,-0.08019377358048389
2021-03-16,12211.6,3680.2,5.07,75.0,7.609999999999999,435.0,11.7,4388.4,1.5,128.1,5.1,57.120000000000005,4.279999999999999,120.88,10.92,1339.2599999999998,7.248,20.862000000000002,8.39,1.5699999999999998,0.2,13.618,0.21000000000000002,163.488,512.0,0.8587,0.25878573943721517,1.54,0.31871202279852684,3,1.0,6.123233995736766e-17,0.9505090349460703,0.30974322412521554,-0.2817623302598763,0.22469796037174664
2021-03-17,12730.2,3836.4,5.21,75.0,7.83,450.0,12.18,4332.8,1.5,132.6,5.0,55.86,4.3,120.8,10.82,1389.8,7.220000000000001,21.454,8.168,1.5699999999999998,0.21000000000000002,13.931999999999999,0.202,176.03,512.0,0.8587,0.25878074399197964,1.54,0.3183603591217391,3,1.0,6.123233995736766e-17,0.9556964709183251,0.2933471422731988,-4.4408920985006264e-17,0.3603875471609676
2021-03-18,14510.4,4372.8,5.470000000000001,75.0,8.23,515.0,13.88,4245.2,1.5,137.6,5.2,50.9,4.4,116.82000000000001,11.06,1503.36,7.234,21.952,8.251999999999999,1.518,0.22199999999999998,14.185999999999998,0.20400000000000001,206.69400000000002,512.0,0.8587,0.25877761806131805,1.54,0.31832528647336805,3,1.0,6.123233995736766e-17,0.9606011009291576,0.2768642542822817,0.2817623302598763,0.22469796037174666
2021-03-19,16054.2,4838.0,5.85,75.0,8.809999999999999,570.0,15.38,4248.2,1.5,137.7,5.5,50.42,4.6,114.42,11.4,1618.54,7.25,21.958000000000002,8.376000000000001,1.486,0.22800000000000004,13.974,0.196,223.074,512.0,0.8587,0.2587728847828501,1.54,0.31802207585279085,3,1.0,6.123233995736766e-17,0.9652214736196395,0.26029943770420483,0.35135187892997066,-0.08019377358048381
2021-03-20,16030.6,4831.0,6.35,75.0,9.57,570.0,15.319999999999999,4174.6,1.5,138.1,5.7,49.2,4.640000000000001,113.25999999999999,11.540000000000001,1599.48,7.223999999999999,21.642000000000003,8.476,1.448,0.22600000000000003,13.841999999999999,0.19,221.158,512.0,0.8587,0.25878053958869734,1.54,0.3182288657108491,3,1.0,6.123233995736766e-17,0.9695562217471568,0.24365759433469608,0.15636629649360598,-0.3246979603717467
2021-03-21,15790.0,4758.4,6.75,75.0,10.169999999999998,565.0,15.02,4247.0,1.5,133.3,5.4,47.82000000000001,4.680000000000001,114.05999999999999,11.42,1581.6200000000001,7.2379999999999995,22.528,8.373999999999999,1.434,0.21000000000000002,14.472,0.194,225.57200000000003,512.0,0.8587,0.2587736686674787,1.54,0.31869780403780634,3,1.0,6.123233995736766e-17,0.9736040625899998,0.22694364876294998,-0.15636629649360595,-0.32469796037174675
2021-03-22,15606.4,4703.0,7.05,75.0,10.610000000000001,560.0,14.88,4350.4,1.5,132.4,6.2,48.5,4.92,118.1,11.8,1623.48,7.272,22.796,9.024000000000001,1.488,0.21400000000000002,15.248000000000001,0.21000000000000002,235.18199999999996,512.0,0.8587,0.2587699589428084,1.54,0.3188867776471821,3,1.0,6.123233995736766e-17,0.977363798326939,0.2101625469143627,-0.35135187892997066,-0.08019377358048389
2021-03-23,15615.4,4705.8,7.290000000000001,75.0,10.970000000000002,560.0,14.919999999999998,4434.2,1.5,129.2,5.9,51.28000000000001,4.840000000000001,124.58000000000001,11.66,1753.9,7.252,22.694,9.443999999999999,1.588,0.21800000000000003,15.236,0.20400000000000001,235.206,512.0,0.8587,0.25877381753119355,1.54,0.3190441306457043,3,1.0,6.123233995736766e-17,0.9808343163916821,0.19331925458695323,-0.2817623302598763,0.22469796037174664
2021-03-24,15114.0,4554.6,8.91,75.0,13.39,540.0,14.419999999999998,4379.8,1.5,131.2,5.5,52.31999999999999,4.54,128.34,11.3,1771.44,7.223999999999999,23.128,9.919999999999998,1.652,0.21600000000000003,15.728,0.2,236.92399999999998,512.0,0.8587,0.25876872436777365,1.54,0.3192767896485783,3,1.0,6.123233995736766e-17,0.9840145898020978,0.1764187559819037,-4.4408920985006264e-17,0.3603875471609676
2021-03-25,16270.6,4903.0,8.85,75.0,13.290000000000001,580.0,15.62,4361.8,1.5,129.0,5.3,51.96,4.48,126.08,11.02,1863.6799999999998,7.206,23.535999999999998,10.046,1.6940000000000002,0.22200000000000003,15.848000000000003,0.20800000000000002,254.75,512.0,0.8587,0.2587600095517186,1.54,0.31904637381513756,3,1.0,6.123233995736766e-17,0.9869036774641188,0.1594660522286543,0.2817623302598763,0.22469796037174666
2021-03-26,17746.8,5348.0,8.879999999999999,75.0,13.34,630.0,17.06,4263.0,1.5,133.6,5.0,50.1,4.3,119.6,10.9,1924.9,7.168000000000001,22.79,9.91,1.682,0.22600000000000003,15.313999999999998,0.2,266.82599999999996,512.0,0.8587,0.2587686596982571,1.54,0.31888833523657345,3,1.0,6.123233995736766e-17,0.989500724450225,0.14246615990498832,0.35135187892997066,-0.08019377358048381
2021-03-27,18325.8,5522.6,8.940000000000001,75.0,13.440000000000001,650.0,17.559999999999995,4243.6,1.5,134.2,4.6,50.9,4.2,118.94000000000001,10.48,1986.98,7.142,21.884,8.834,1.672,0.21400000000000002,14.232,0.194,257.128,512.0,0.8587,0.2587742689148472,1.54,0.31883014304946194,3,1.0,6.123233995736766e-17,0.9918049622524301,0.12542410955254638,0.15636629649360598,-0.3246979603717467
2021-03-28,17584.0,5299.0,8.706666666666667,75.0,13.086666666666668,620.0,16.82,4265.4,1.5,132.4,4.6,51.4,4.22,113.25999999999999,10.42,1807.22,7.147999999999999,21.266,7.9719999999999995,1.596,0.188,13.602,0.194,235.49200000000002,512.0,0.8587,0.25877144751758907,1.54,0.3182915858490781,3,1.0,6.123233995736766e-17,0.9938157090096975,0.10834494418820795,-0.15636629649360595,-0.32469796037174675
2021-03-29,17925.2,5401.8,6.74,75.0,10.14,635.0,17.119999999999997,4318.6,1.5,133.5,4.8,52.739999999999995,4.22,115.16,10.459999999999999,1878.14,7.151999999999999,21.07,7.182,1.64,0.16999999999999998,13.52,0.192,239.04399999999995,512.0,0.8587,0.25877056335580617,1.54,0.318120108484201,3,1.0,6.123233995736766e-17,0.9955323697097114,0.09123371781178172,-0.35135187892997066,-0.08019377358048389
2021-03-30,18242.4,5497.4,6.1,75.0,9.180000000000001,645.0,17.380000000000003,4421.6,1.5,140.8,5.0,50.480000000000004,4.4,113.02000000000001,10.68,1863.2599999999998,7.1579999999999995,20.316000000000003,6.802,1.5379999999999998,0.16799999999999998,13.248,0.192,238.13600000000002,512.0,0.8587,0.2587712399746298,1.54,0.3179261553565413,3,1.0,6.123233995736766e-17,0.9969544363649527,0.07409549391044556,-0.2817623302598763,0.22469796037174664
2021-03-31,18254.2,5501.0,5.4,75.0,8.120000000000001,645.0,17.339999999999996,4423.6,1.5,141.7,5.2,51.08,4.44,115.12,10.66,1908.2099999999998,7.1579999999999995,20.404000000000003,6.684,1.526,0.176,13.388,0.2,246.317,512.0,0.8587,0.2587732177100248,1.54,0.3178019887204996,3,1.0,6.123233995736766e-17,0.9980814881630191,0.05693534396037945,-4.4408920985006264e-17,0.3603875471609676
2021-04-01,18820.6,5427.6,4.9,75.0,7.359999999999999,665.0,17.9,4453.0,1.5,143.3,4.9,52.06,4.5200000000000005,111.75999999999999,10.68,1898.35,7.15,20.45,6.837999999999999,1.49,0.18,13.347999999999999,0.202,253.055,512.0,0.8587,0.24925478129461612,1.54,0.3082142272595967,4,0.9732050807568877,-0.09999999999999991,0.9989131915911509,0.03975834592603385,0.2817623302598763,0.22469796037174666
2021-04-02,20052.0,5554.6,4.633333333333333,75.0,6.953333333333333,710.0,19.1,4392.0,1.5,148.3,5.1,51.68000000000001,4.619999999999999,110.58,10.8,1985.4699999999998,7.15,20.292,6.818,1.484,0.178,13.334,0.20400000000000001,268.14300000000003,512.0,0.8587,0.23973942024825234,1.54,0.2989769185258725,4,0.9464101615137755,-0.19999999999999987,0.9994493005349231,0.022569582757478453,0.35135187892997066,-0.08019377358048381
2021-04-03,20999.4,5596.0,4.6,75.0,6.9,740.0,20.0,4338.0,1.5,150.5,4.6,50.980000000000004,4.640000000000001,107.96,10.8,2044.2099999999998,7.13,20.114,6.698,1.436,0.18,13.241999999999999,0.202,279.481,435.2,0.8587,0.23022094250847527,1.54,0.28924959425769126,4,0.9196152422706632,-0.2999999999999999,0.9996896563510738,0.0053741408862754535,0.15636629649360598,-0.3246979603717467
2021-04-04,21320.8,5454.4,4.8,75.0,7.2,750.0,20.3,4269.2,1.5,142.2,4.5,54.44,4.5,113.67999999999999,10.66,2198.9900000000002,7.122,20.506000000000004,6.540000000000001,1.512,0.162,13.532,0.196,289.973,358.4,0.8587,0.22070085470818596,1.54,0.2795378785380332,4,0.8928203230275511,-0.3999999999999998,0.9996341879144502,-0.011822891279677361,-0.15636629649360595,-0.32469796037174675
2021-04-05,21978.8,5405.2,5.0,75.0,7.5,775.0,20.9,4307.2,1.5,136.3,4.4,56.120000000000005,4.64,113.64000000000001,10.680000000000001,2261.2200000000003,7.128,20.596,6.616,1.518,0.154,13.754,0.198,297.894,281.6,0.8587,0.21117819056253456,1.54,0.2701405311901475,4,0.8660254037844387,-0.4999999999999998,0.9992829116390552,-0.029016424861888535,-0.35135187892997066,-0.08019377358048389
2021-04-06,21860.6,5376.0,5.0,75.0,7.5,770.0,20.8,4276.6,1.5,135.9,4.3,55.08,4.5600000000000005,119.2,10.76,2367.1800000000003,7.152000000000001,20.546,6.958,1.5459999999999998,0.148,13.878,0.194,299.062,281.6,0.8587,0.21117301918399872,1.54,0.2700756352069026,4,0.8660254037844387,-0.4999999999999998,0.9986359314731901,-0.04620137201715365,-0.2817623302598763,0.22469796037174664
2021-04-07,21886.0,5382.2,5.0,75.0,7.5,770.0,20.8,4249.0,1.5,137.5,4.1,53.36,4.48,118.82000000000001,10.8,2360.1,7.15,20.619999999999997,6.964,1.538,0.146,13.791999999999998,0.186,297.65199999999993,281.6,0.8587,0.21117120549249457,1.54,0.27000622501522603,4,0.8660254037844387,-0.4999999999999998,0.9976934388686949,-0.06337264744313033,-4.4408920985006264e-17,0.3603875471609676
2021-04-08,21898.4,5385.4,5.0,75.0,7.5,770.0,20.8,4295.6,1.5,130.3,4.5,53.94,4.48,119.66,10.8,2380.0000000000005,6.83,20.676,7.002,1.5539999999999998,0.15999999999999998,13.856,0.196,299.014,281.6,0.8587,0.21117706501362057,1.54,0.2699789695453364,4,0.8660254037844387,-0.4999999999999998,0.9964557127242945,-0.08052516988316069,0.2817623302598763,0.22469796037174666
2021-04-09,22106.0,5436.6,5.0,75.0,7.5,780.0,21.0,4312.2,1.5,130.9,4.7,52.96,4.619999999999999,121.5,10.98,2442.06,6.846000000000001,20.732,6.87,1.5779999999999998,0.15999999999999998,13.924000000000001,0.21000000000000002,303.206,281.6,0.8587,0.2111827549798749,1.54,0.2702856328065984,4,0.8660254037844387,-0.4999999999999998,0.9949231193030681,-0.09765386362989724,0.35135187892997066,-0.08019377358048381
2021-04-10,21150.4,5201.6,5.0,75.0,7.5,745.0,20.1,4291.2,1.5,135.2,5.2,52.379999999999995,4.62,120.75999999999999,11.080000000000002,2330.1400000000003,6.866000000000001,20.704,6.776000000000001,1.548,0.152,13.672,0.198,285.55,358.4,0.8587,0.21118346431652196,1.54,0.27024541782887057,4,0.8660254037844387,-0.4999999999999998,0.993096112124066,-0.11475366002728613,0.15636629649360598,-0.3246979603717467
2021-04-11,20784.0,5111.6,5.0,75.0,7.5,735.0,19.7,4329.2,1.5,137.7,5.7,51.239999999999995,4.62,114.02000000000001,11.22,2149.7,6.859999999999999,20.413999999999998,6.614,1.4940000000000002,0.154,13.274000000000001,0.20600000000000002,272.47799999999995,358.4,0.8587,0.21118801967674253,1.54,0.2703717570693494,4,0.8660254037844387,-0.4999999999999998,0.9909752318281064,-0.13181949897046408,-0.15636629649360595,-0.32469796037174675
2021-04-12,20725.8,5097.2,5.0,75.0,7.5,735.0,19.6,4449.4,1.5,130.8,5.9,54.86,4.64,120.17999999999999,11.26,2278.52,6.858,20.766000000000002,6.608,1.54,0.154,13.782,0.21000000000000002,282.79400000000004,307.2,0.8587,0.2111845984148828,1.54,0.27051752295248865,4,0.8660254037844387,-0.4999999999999998,0.9885611060177905,-0.14884633040312487,-0.35135187892997066,-0.08019377358048389
2021-04-13,20644.6,5077.2,5.0,75.0,7.5,735.0,19.5,4451.8,1.5,133.6,5.7,53.220000000000006,4.720000000000001,116.94000000000001,11.3,2198.18,7.208,20.612000000000002,6.85,1.5400000000000003,0.15,13.746,0.20400000000000001,281.016,332.8,0.8587,0.21118344522776278,1.54,0.27072974087410107,4,0.8660254037844387,-0.4999999999999998,0.9858544490717851,-0.16582911581191218,-0.2817623302598763,0.22469796037174664
2021-04-14,20358.0,5006.6,5.0,75.0,7.5,725.0,19.2,4431.4,1.5,140.1,5.5,54.279999999999994,4.4399999999999995,114.22,11.120000000000001,2108.16,7.215999999999999,20.566,7.1259999999999994,1.532,0.154,13.604,0.186,274.216,409.6,0.8587,0.21117884409920448,1.54,0.27074319758723125,4,0.8660254037844387,-0.4999999999999998,0.9828560619334263,-0.18276282971739682,-4.4408920985006264e-17,0.3603875471609676
2021-04-15,20221.8,4973.0,5.0,75.0,7.5,720.0,19.1,4457.0,1.5,136.5,5.5,55.46,4.380000000000001,115.66,11.16,2118.5,7.204000000000001,20.686,7.453999999999999,1.576,0.154,13.882,0.198,276.948,358.4,0.8587,0.21117358634802025,1.54,0.2707316279335414,4,0.8660254037844387,-0.4999999999999998,0.9795668318737081,-0.19964246116119688,0.2817623302598763,0.22469796037174666
2021-04-16,19868.2,4886.0,5.0,75.0,7.5,705.0,18.8,4485.4,1.5,129.3,5.1,57.64,4.3,123.05999999999999,11.06,2220.3599999999997,7.208,21.374000000000002,7.912000000000001,1.674,0.154,14.386,0.19,281.86,307.2,0.8587,0.21117193005083834,1.54,0.2706470247631537,4,0.8660254037844387,-0.4999999999999998,0.9759877322287235,-0.21646301518880104,0.35135187892997066,-0.08019377358048381
2021-04-17,18607.2,4576.0,5.0,75.0,7.5,660.0,17.6,4390.0,1.5,130.5,5.3,59.52,4.4399999999999995,132.74,11.1,2224.06,7.24,21.868,8.384,1.7060000000000002,0.158,14.484,0.188,265.018,307.2,0.8587,0.21117676755360004,1.54,0.2706619602605079,4,0.8660254037844387,-0.4999999999999998,0.9721198221116396,-0.23321951432765572,0.15636629649360598,-0.3246979603717467
2021-04-18,17084.2,4201.4,5.0,75.0,7.5,605.0,16.2,4370.8,1.5,136.7,5.2,59.4,4.44,134.66,10.96,2104.38,7.2379999999999995,21.93,8.394,1.686,0.15000000000000002,14.494,0.182,244.33200000000002,358.4,0.8587,0.2111747486159076,1.54,0.27065895112062005,4,0.8660254037844387,-0.4999999999999998,0.967964246099289,-0.24990700006007974,-0.15636629649360595,-0.32469796037174675
2021-04-19,16890.0,4153.6,5.0,75.0,7.5,600.0,16.0,4405.2,1.5,130.8,4.9,57.4,4.5600000000000005,112.02000000000001,11.02,1624.96,7.244,21.628,8.28,1.682,0.14200000000000002,14.352,0.178,238.84,358.4,0.8587,0.21117290100712652,1.54,0.2708138855189689,4,0.8660254037844387,-0.4999999999999998,0.9635222338934701,-0.2665205342905689,-0.35135187892997066,-0.08019377358048389
2021-04-20,18178.4,4470.6,5.0,75.0,7.5,645.0,17.2,4390.2,1.5,133.4,4.5,56.36,4.5,109.75999999999999,10.88,1710.2,7.242,21.392000000000003,8.026,1.6600000000000001,0.146,14.09,0.17,251.21599999999998,409.6,0.8587,0.2111792692647349,1.54,0.27072178545210734,4,0.8660254037844387,-0.4999999999999998,0.9587950999570604,-0.2830552008070585,-0.2817623302598763,0.22469796037174664
2021-04-21,19011.6,4675.4,5.0,74.8,7.5,675.0,18.0,4328.8,1.5,138.0,4.8,56.36,4.58,105.32000000000001,10.959999999999999,1717.1,7.26,20.892000000000003,7.453999999999999,1.592,0.13799999999999998,13.925999999999998,0.16199999999999998,259.858,460.8,0.8587,0.2111748946290366,1.54,0.2707517028311607,4,0.8660254037844387,-0.4999999999999998,0.9537842431250432,-0.2995061067357089,-4.4408920985006264e-17,0.3603875471609676
2021-04-22,20761.4,5105.6,5.162000000000001,74.6,7.74,735.0,19.7,4374.6,1.5,136.8,4.8,54.1,4.62,97.4,10.92,1812.8799999999999,7.2,20.65,6.837999999999999,1.548,0.144,14.040000000000001,0.172,288.79,435.2,0.8587,0.21117009526358715,1.54,0.2704785659149485,4,0.8660254037844387,-0.4999999999999998,0.9484911461905725,-0.31586838398878636,0.2817623302598763,0.22469796037174666
2021-04-23,22798.8,5606.6,5.486,74.4,8.22,805.0,21.619999999999997,4434.0,1.5,132.7,5.2,55.08,4.64,99.44000000000001,11.02,2079.7599999999998,7.172,21.086000000000002,6.575999999999999,1.5699999999999998,0.16599999999999998,14.219999999999999,0.182,321.05,384.0,0.8587,0.21116816051902748,1.54,0.270272272413142,4,0.8660254037844387,-0.4999999999999998,0.9429173754661889,-0.33213719070520786,0.35135187892997066,-0.08019377358048381
2021-04-24,23616.8,5807.8,5.824,74.2,8.72,830.0,22.419999999999998,4459.2,1.5,139.5,5.6,55.2,4.68,120.22,10.9,2586.8599999999997,7.162000000000001,20.918,6.312,1.496,0.186,14.213999999999999,0.186,331.66999999999996,384.0,0.8587,0.2111699487115204,1.54,0.26999117482265705,4,0.8660254037844387,-0.4999999999999998,0.9370645803203228,-0.34830771268332616,0.15636629649360598,-0.3246979603717467
2021-04-25,23784.4,5849.0,6.054,74.2,9.059999999999999,835.0,22.580000000000002,4446.4,1.5,134.9,5.7,55.2,4.76,123.6,10.84,2685.64,7.142,21.032,5.798,1.516,0.182,14.366,0.198,337.21799999999996,307.2,0.8587,0.21116922634811758,1.54,0.2699461432729403,4,0.8660254037844387,-0.4999999999999998,0.9309344926892209,-0.36437516480552923,-0.15636629649360595,-0.32469796037174675
2021-04-26,24219.6,5956.2,6.15,74.4,9.2,850.0,22.94,4411.2,1.5,131.4,5.5,55.620000000000005,4.8,127.14000000000001,10.780000000000001,2818.3599999999997,7.087999999999999,21.285999999999998,5.622,1.5379999999999998,0.2,14.45,0.202,345.11800000000005,230.4,0.8587,0.21117564519092796,1.54,0.2699262195981019,4,0.8660254037844387,-0.4999999999999998,0.9245289265644361,-0.38033479245423363,-0.35135187892997066,-0.08019377358048389
2021-04-27,24040.8,5912.4,6.374,74.6,9.54,845.0,22.76,4404.8,1.5,131.5,5.0,56.11999999999999,4.54,124.24000000000001,10.52,2734.24,7.151999999999999,21.076,5.692,1.5559999999999998,0.21400000000000002,14.032,0.19,332.82,256.0,0.8587,0.2111818091571669,1.54,0.27015519614237854,4,0.8660254037844387,-0.4999999999999998,0.9178497774560409,-0.3961818729188524,-0.2817623302598763,0.22469796037174664
2021-04-28,22972.0,5649.6,6.2540000000000004,74.8,9.36,810.0,21.740000000000002,4405.2,1.5,131.3,4.5,57.21999999999999,4.52,127.12,10.379999999999999,2665.64,7.1819999999999995,21.278,5.808,1.576,0.21200000000000002,14.128,0.184,319.078,256.0,0.8587,0.2111834576782398,1.54,0.2703889291485988,4,0.8660254037844387,-0.4999999999999998,0.9108990218317133,-0.41191171679332106,-4.4408920985006264e-17,0.3603875471609676
2021-04-29,21785.6,5357.8,6.018,75.0,9.01,770.0,20.640000000000004,4399.2,1.5,125.1,4.7,58.44,4.62,130.32,10.6,2595.2599999999998,7.1819999999999995,21.736,6.17,1.6300000000000001,0.21600000000000003,14.139999999999997,0.192,303.456,179.2,0.8587,0.2111812501515443,1.54,0.2704048144838011,4,0.8660254037844387,-0.4999999999999998,0.9036787165318699,-0.4275196693637683,0.2817623302598763,0.22469796037174666
2021-04-30,20616.4,5070.2,5.787999999999999,75.0,8.67,730.0,19.580000000000002,4460.2,1.5,127.8,4.8,59.82000000000001,4.76,130.94,10.780000000000001,2473.4,7.215999999999999,22.378,6.758,1.634,0.236,14.2,0.188,288.69,179.2,0.8587,0.2111790653738513,1.54,0.2705186713055786,4,0.8660254037844387,-0.4999999999999998,0.8961909981610121,-0.4430011119859206,0.35135187892997066,-0.08019377358048381
2021-05-01,20574.8,4995.0,5.692,75.0,8.53,730.0,19.52,4521.0,1.5,126.9,4.8,59.760000000000005,4.64,129.42000000000002,10.76,2432.3199999999997,7.252,22.612000000000002,7.078,1.6480000000000001,0.25,14.228,0.188,288.774,179.2,0.8587,0.2088510489082019,1.54,0.26828015606180994,5,0.7928203230275509,-0.5732050807568875,0.8884380824554718,-0.4583514634518339,0.15636629649360598,-0.3246979603717467
2021-05-02,19832.4,4759.0,5.306,75.0,7.95,705.0,18.8,4495.2,1.5,126.1,5.1,60.7,4.88,131.9,11.040000000000001,2392.8,7.254,23.036,7.268000000000001,1.65,0.25,14.452000000000002,0.19,283.066,153.6,0.8587,0.20652286160315372,1.54,0.26602641511209524,5,0.7196152422706631,-0.6464101615137754,0.8804222636277386,-0.4735661813455458,-0.15636629649360595,-0.32469796037174675
2021-05-03,20837.6,4941.4,5.101999999999999,75.0,7.65,735.0,19.7,4432.0,1.5,131.5,5.6,59.54,5.0600000000000005,125.17999999999999,11.379999999999999,2357.2400000000002,7.252,22.102,7.3,1.552,0.24200000000000005,13.991999999999999,0.192,287.26000000000005,204.8,0.8587,0.20419738834906362,1.54,0.26324835594610485,5,0.6464101615137754,-0.7196152422706631,0.8721459136875657,-0.4886407633872503,-0.35135187892997066,-0.08019377358048389
2021-05-04,22033.4,5169.8,5.0,75.0,7.5,775.0,20.8,4430.0,1.5,132.5,5.3,58.44,5.0200000000000005,122.96,11.4,2446.58,7.225999999999999,21.932,6.7620000000000005,1.5639999999999998,0.22600000000000003,14.081999999999999,0.19,305.338,230.4,0.8587,0.20187550725233225,1.54,0.2608538690961725,5,0.5732050807568877,-0.792820323027551,0.8636114817400541,-0.5035707487655945,-0.2817623302598763,0.22469796037174664
2021-05-05,23046.2,5355.6,5.0,75.0,7.5,810.0,21.8,4466.0,1.5,130.6,5.5,58.98,5.0200000000000005,124.97999999999999,11.48,2606.6400000000003,7.202,21.942,6.38,1.5899999999999999,0.21200000000000002,14.245999999999999,0.192,323.25,230.4,0.8587,0.19954933754641493,1.54,0.25843397042849126,5,0.49999999999999994,-0.8660254037844387,0.854821493260923,-0.5183517194577048,-4.4408920985006264e-17,0.3603875471609676
2021-05-06,22818.8,5302.8,5.0,75.0,7.5,800.0,21.6,4453.0,1.5,135.4,5.7,57.4,5.040000000000001,122.5,11.459999999999999,2524.2200000000003,7.268000000000001,21.676,6.13,1.548,0.184,14.15,0.20800000000000002,317.452,307.2,0.8587,0.19955105078269506,1.54,0.25830410865736614,5,0.49999999999999994,-0.8660254037844387,0.8457785493491808,-0.5329793015365502,0.2817623302598763,0.22469796037174666
2021-05-07,23460.0,5451.8,5.0,75.0,7.5,820.0,22.2,4458.8,1.5,136.7,5.8,56.94,4.9399999999999995,120.7,11.379999999999999,2563.44,7.242,21.607999999999997,6.392,1.5479999999999998,0.17400000000000002,13.984,0.21800000000000003,322.84,307.2,0.8587,0.19955083460827044,1.54,0.2580904623573476,5,0.49999999999999994,-0.8660254037844387,0.8364853259574175,-0.5474491664652585,0.35135187892997066,-0.08019377358048381
2021-05-08,22580.8,5247.6,5.0,75.0,7.5,790.0,21.4,4465.8,1.5,129.4,5.6,56.46,4.74,121.8,11.120000000000001,2504.36,7.242,21.83,6.862,1.5919999999999999,0.17,14.004,0.238,311.534,230.4,0.8587,0.1995558407825105,1.54,0.258145023838864,5,0.49999999999999994,-0.8660254037844387,0.8269445730999487,-0.5617570323779997,0.15636629649360598,-0.3246979603717467
2021-05-09,20885.6,4853.8,5.0,75.0,7.5,730.0,19.8,4441.2,1.5,127.0,5.3,57.379999999999995,4.58,123.62,10.86,2352.46,7.2459999999999996,22.628,7.12,1.6079999999999999,0.17400000000000002,14.392000000000001,0.23400000000000004,294.486,204.8,0.8587,0.19956311043899863,1.54,0.25813708805271257,5,0.49999999999999994,-0.8660254037844387,0.8171591140390408,-0.5758986653470586,-0.15636629649360595,-0.32469796037174675
2021-05-10,20856.4,4847.0,5.0,75.0,7.5,730.0,19.7,4420.0,1.5,134.6,5.1,54.720000000000006,4.819999999999999,118.12,10.879999999999999,2220.7400000000002,7.256,21.716,7.364,1.538,0.168,13.936000000000002,0.238,283.378,281.6,0.8587,0.19956257702386898,1.54,0.25820451077637563,5,0.49999999999999994,-0.8660254037844387,0.807131844449463,-0.5898698806357225,-0.35135187892997066,-0.08019377358048389
2021-05-11,20838.4,4842.8,5.0,75.0,7.5,730.0,19.7,4545.0,1.5,130.1,5.0,55.660000000000004,4.859999999999999,121.05999999999999,10.9,2285.28,7.164,22.152,7.672,1.6019999999999999,0.17200000000000001,14.02,0.23199999999999998,285.178,204.8,0.8587,0.19956194269924482,1.54,0.2582503419371088,5,0.49999999999999994,-0.8660254037844387,0.7968657315616096,-0.6036665439366128,-0.2817623302598763,0.22469796037174664
2021-05-12,20176.8,4689.2,5.386666666666667,75.0,8.08,705.0,19.1,4589.2,1.5,127.8,4.8,55.46,4.840000000000001,120.9,10.940000000000001,2205.94,7.1739999999999995,22.195999999999998,7.659999999999999,1.6,0.16,14.065999999999999,0.22400000000000003,277.1,204.8,0.8587,0.19956832242977665,1.54,0.25800097079838513,5,0.49999999999999994,-0.8660254037844387,0.7863638132834502,-0.6172845725950913,-4.4408920985006264e-17,0.3603875471609676
2021-05-13,20752.0,4822.8,6.16,75.0,9.24,730.0,19.7,4658.6,1.5,131.2,5.1,55.08,5.0,120.47999999999999,11.16,2251.54,7.026000000000001,22.360000000000003,7.624,1.6099999999999999,0.15,14.072,0.2,285.168,281.6,0.8587,0.19956505520408743,1.54,0.25825354760340397,5,0.49999999999999994,-0.8660254037844387,0.7756291973015632,-0.6307199368173851,0.2817623302598763,0.22469796037174666
2021-05-14,22500.6,5229.0,7.32,75.0,10.98,795.0,21.360000000000003,4628.8,1.5,135.8,5.3,54.04,5.1,115.85999999999999,11.440000000000001,2340.04,7.0200000000000005,21.522000000000002,7.651999999999999,1.5719999999999998,0.13599999999999998,13.638,0.20800000000000002,301.71999999999997,307.2,0.8587,0.19955746394160992,1.54,0.2585764758408812,5,0.49999999999999994,-0.8660254037844387,0.7646650601615207,-0.6439686608630667,0.35135187892997066,-0.08019377358048381
2021-05-15,22738.2,5284.4,9.34,75.0,14.02,805.0,21.62,4582.2,1.5,134.7,5.7,52.82000000000001,4.88,114.9,11.559999999999999,2336.3599999999997,7.002,21.524,7.276000000000001,1.576,0.13399999999999998,13.588,0.198,303.704,307.2,0.8587,0.19956402943077184,1.54,0.2588754616214131,5,0.49999999999999994,-0.8660254037844387,0.7534746463278986,-0.6570268242215394,0.15636629649360598,-0.3246979603717467
2021-05-16,23027.0,5351.6,9.34,75.0,14.02,815.0,21.919999999999998,4492.4,1.5,138.9,5.9,52.239999999999995,5.04,112.82000000000001,11.860000000000001,2312.84,7.002,20.774,6.542,1.502,0.134,13.24,0.2,299.324,332.8,0.8587,0.199567008154892,1.54,0.25886322910812437,5,0.49999999999999994,-0.8660254037844387,0.7420612672241866,-0.6698905627721797,-0.15636629649360595,-0.32469796037174675
2021-05-17,23881.8,5550.2,8.953333333333333,75.0,13.440000000000001,845.0,22.72,4498.6,1.5,145.5,6.2,49.239999999999995,5.08,108.92,12.080000000000002,2311.0800000000004,6.978,19.902,5.9079999999999995,1.466,0.138,12.998,0.194,305.726,409.6,0.8587,0.19956434455999927,1.54,0.25899481400852314,5,0.49999999999999994,-0.8660254037844387,0.7304283002528853,-0.6825560699277929,-0.35135187892997066,-0.08019377358048389
2021-05-18,23966.8,5570.0,8.180000000000001,75.0,12.279999999999998,845.0,22.72,4477.4,1.5,146.7,6.3,48.88,5.16,108.97999999999999,12.4,2313.7200000000003,7.106,19.806,5.248,1.47,0.14600000000000002,13.348000000000003,0.21000000000000002,314.46,358.4,0.8587,0.19956608635060524,1.54,0.2588770907115692,5,0.49999999999999994,-0.8660254037844387,0.7185791877960778,-0.6950195977610434,-0.2817623302598763,0.22469796037174664
2021-05-19,23799.0,5531.2,7.0200000000000005,75.0,10.540000000000001,835.0,22.56,4543.0,1.5,148.7,6.5,48.7,5.18,108.82000000000001,12.4,2294.0,7.144,19.658,5.33,1.4780000000000002,0.158,13.224,0.21800000000000003,309.072,409.6,0.8587,0.19957309038820187,1.54,0.2585036208822761,5,0.49999999999999994,-0.8660254037844387,0.706517436196774,-0.7072774581135262,-4.4408920985006264e-17,0.3603875471609676
2021-05-20,22958.4,5335.8,5.0,75.0,7.5,800.0,21.8,4514.2,1.5,142.0,6.3,52.620000000000005,5.160000000000001,116.06000000000002,12.2,2368.62,7.1819999999999995,20.344,5.68,1.5459999999999998,0.16799999999999998,13.565999999999999,0.20600000000000002,305.91600000000005,332.8,0.8587,0.19957184034177394,1.54,0.2579439128859983,5,0.49999999999999994,-0.8660254037844387,0.6942466147213271,-0.7193260236871531,0.2817623302598763,0.22469796037174666
2021-05-21,22446.6,5216.8,5.0,75.0,7.5,780.0,21.3,4477.0,1.5,138.7,5.8,55.42,4.98,121.12,11.8,2432.48,7.202,21.354,6.288,1.5879999999999999,0.18,13.896,0.19,307.056,307.2,0.8587,0.19956983172169443,1.54,0.25780174104531256,5,0.49999999999999994,-0.8660254037844387,0.68177035450323,-0.7311617291175281,0.35135187892997066,-0.08019377358048381
2021-05-22,22309.8,5185.0,5.0,75.0,7.5,775.0,21.2,4493.6,1.5,140.0,5.4,57.620000000000005,4.84,124.9,11.44,2515.84,7.203999999999999,21.718,6.644,1.592,0.184,13.984,0.196,307.192,307.2,0.8587,0.19956957855328103,1.54,0.25778719134236,5,0.49999999999999994,-0.8660254037844387,0.6690923474686052,-0.7427810720289962,0.15636629649360598,-0.3246979603717467
2021-05-23,21745.4,5053.8,5.0,75.0,7.5,755.0,20.7,4512.4,1.5,141.1,5.1,57.54,4.7,122.9,11.06,2427.16,7.194,21.454,6.504,1.552,0.184,13.508000000000001,0.194,289.41999999999996,358.4,0.8587,0.1995682985741442,1.54,0.2577841670842609,5,0.49999999999999994,-0.8660254037844387,0.6562163452437036,-0.7541806140710525,-0.15636629649360595,-0.32469796037174675
2021-05-24,21007.8,4882.2,5.0,75.0,7.5,730.0,20.0,4520.4,1.5,135.5,5.0,58.339999999999996,4.8,127.64000000000001,11.08,2452.2400000000002,7.142,22.048000000000002,6.186,1.542,0.19,13.803999999999998,0.186,286.064,281.6,0.8587,0.19956116032818635,1.54,0.25784906954461034,5,0.49999999999999994,-0.8660254037844387,0.6431461580447386,-0.7653569819358058,-0.35135187892997066,-0.08019377358048389
2021-05-25,20382.4,4736.8,5.0,75.0,7.5,710.0,19.4,4568.6,1.5,139.5,4.6,56.92,4.58,122.81999999999998,10.860000000000001,2294.16,7.112,21.558,5.85,1.506,0.2,13.638,0.194,274.32,358.4,0.8587,0.19955862928085383,1.54,0.2580268358547739,5,0.49999999999999994,-0.8660254037844387,0.6298856535503816,-0.7763068683561947,-0.2817623302598763,0.22469796037174664
2021-05-26,19523.2,4537.2,5.0,75.0,7.5,680.0,18.6,4582.0,1.5,145.1,4.9,53.78000000000001,4.66,115.96,10.9,2060.16,7.114,20.631999999999998,5.776,1.482,0.196,13.475999999999999,0.21000000000000002,259.104,435.2,0.8587,0.19956259198859866,1.54,0.25804013211152144,5,0.49999999999999994,-0.8660254037844387,0.6164387557572533,-0.7870270330846603,-4.4408920985006264e-17,0.3603875471609676
2021-05-27,18117.6,4210.6,5.0,75.0,7.5,635.0,17.3,4610.2,1.5,138.9,5.5,54.7,4.88,117.28000000000002,11.080000000000002,1919.6,7.122,20.990000000000002,5.428,1.518,0.20800000000000002,13.752,0.242,244.33800000000002,358.4,0.8587,0.19956620720011978,1.54,0.2584404596460776,5,0.49999999999999994,-0.8660254037844387,0.6028094438187505,-0.7975143038519887,0.2817623302598763,0.22469796037174666
2021-05-28,17342.8,4030.6,5.0,75.0,7.5,610.0,16.6,4609.2,1.5,138.3,5.7,55.96,4.86,119.82000000000001,11.1,1889.3,7.153999999999999,21.276,5.4159999999999995,1.57,0.22400000000000003,13.852,0.27599999999999997,235.86600000000004,307.2,0.8587,0.19956954320867687,1.54,0.25868564164576835,5,0.49999999999999994,-0.8660254037844387,0.5890017508675502,-0.807765577306036,0.35135187892997066,-0.08019377358048381
2021-05-29,16580.0,3853.4,5.0,75.0,7.5,585.0,15.9,4636.2,1.5,138.7,5.5,57.98,4.76,120.96,10.8,1822.86,7.208,21.368,5.608,1.626,0.22600000000000003,13.882,0.288,225.234,307.2,0.8587,0.1995726634643044,1.54,0.25888535357189146,5,0.49999999999999994,-0.8660254037844387,0.5750197628221414,-0.81777781993006,0.15636629649360598,-0.3246979603717467
2021-05-30,16366.0,3803.6,5.6593333333333335,74.8,8.486666666666668,575.0,15.6,4639.0,1.5,135.1,5.6,59.14000000000001,4.84,123.74000000000001,10.879999999999999,1843.7599999999998,7.248,21.828,5.7379999999999995,1.6420000000000001,0.23199999999999998,14.029999999999998,0.30600000000000005,224.498,230.4,0.8587,0.19956905410724526,1.54,0.2584867859547269,5,0.49999999999999994,-0.8660254037844387,0.5608676171777349,-0.8275480689403867,-0.15636629649360595,-0.32469796037174675
2021-05-31,16121.0,3746.6,6.978,74.4,10.459999999999999,570.0,15.3,4638.6,1.5,129.9,5.8,62.0,4.92,129.28000000000003,11.04,1906.2,7.2459999999999996,22.544,5.656000000000001,1.682,0.24,14.24,0.30000000000000004,224.73600000000002,153.6,0.8587,0.19956607753260797,1.54,0.2586948499929851,5,0.49999999999999994,-0.8660254037844387,0.5465495017819135,-0.8370734331631458,-0.35135187892997066,-0.08019377358048389
2021-06-01,17550.4,4141.2,8.956,73.8,13.419999999999998,620.0,16.54,4633.4,1.5,130.5,5.1,62.4,4.720000000000001,130.04,10.84,2098.38,7.244,22.464,6.0,1.672,0.23399999999999999,14.078,0.276,242.29000000000002,153.6,0.8587,0.20186399968598306,1.54,0.26107627902420716,6,0.39999999999999997,-0.8928203230275511,0.5320696535953788,-0.8463510938898153,-0.2817623302598763,0.22469796037174664
2021-06-02,19018.2,4545.2,10.656,73.8,15.98,675.0,17.8,4649.0,1.5,125.2,4.8,62.82000000000001,4.64,131.44,10.719999999999999,2287.0,7.287999999999999,22.672,6.332,1.668,0.21800000000000003,14.172,0.248,263.706,128.0,0.8587,0.2041629486903786,1.54,0.26367550627567665,6,0.29999999999999993,-0.9196152422706632,0.5174323574381677,-0.8553783057113231,-4.4408920985006264e-17,0.3603875471609676
2021-06-03,20603.6,4978.4,12.815999999999999,73.8,19.22,730.0,19.259999999999998,4536.0,1.5,126.0,4.9,62.8,4.46,132.95999999999998,10.74,2521.2200000000003,7.294,22.674,6.492,1.652,0.21000000000000002,14.206,0.246,287.422,204.8,0.8587,0.2064672319603277,1.54,0.26605200088372893,6,0.2,-0.9464101615137755,0.5026419447217044,-0.8641523973304572,0.2817623302598763,0.22469796037174666
2021-06-04,22212.4,5416.8,13.916666666666666,74.0,20.87333333333333,790.0,20.82,4524.8,1.5,128.7,5.0,63.2,4.6,134.95999999999998,10.879999999999999,2755.3,7.2700000000000005,22.945999999999998,6.764,1.656,0.182,14.418000000000001,0.24,314.88199999999995,204.8,0.8587,0.20877273289070533,1.54,0.26894239513468554,6,0.10000000000000005,-0.9732050807568878,0.4877027921670668,-0.8726707723523461,0.35135187892997066,-0.08019377358048381
2021-06-05,22738.2,5589.2,14.838,74.4,22.26,810.0,21.36,4527.2,1.5,127.9,5.1,63.339999999999996,4.56,137.07999999999998,10.860000000000001,2861.42,7.287999999999999,22.910000000000004,6.94,1.6420000000000001,0.16599999999999998,14.330000000000002,0.238,320.794,204.8,0.8587,0.21107420995077328,1.54,0.2717532280763542,6,1.2246467991473532e-16,-1.0,0.47261932050984334,-0.8809309100527732,0.15636629649360598,-0.3246979603717467
2021-06-06,21716.6,5338.0,14.979999999999999,75.0,22.479999999999997,775.0,20.44,4779.6,1.5,128.2,5.6,62.5,4.9,135.18,10.92,2699.4800000000005,7.32,22.496000000000002,6.906000000000001,1.6199999999999999,0.16199999999999998,14.26,0.256,305.054,204.8,0.8587,0.21107021773071516,1.54,0.2719565403411668,6,1.2246467991473532e-16,-1.0,0.4573959931919675,-0.8889303661241004,-0.15636629649360595,-0.32469796037174675
2021-06-07,21806.0,5360.0,15.459999999999999,75.0,23.2,775.0,20.619999999999997,4713.8,1.5,129.0,5.7,62.02,4.94,134.5,11.059999999999999,2689.8599999999997,7.272,22.408,6.806,1.6239999999999999,0.174,14.396,0.254,309.54,204.8,0.8587,0.2110711175362825,1.54,0.27178573172257336,6,1.2246467991473532e-16,-1.0,0.44203731504091215,-0.8966667733985769,-0.35135187892997066,-0.08019377358048389
2021-06-08,21826.0,5364.8,15.66,75.0,23.5,775.0,20.62,4787.0,1.5,129.7,5.8,60.6,5.0,131.1,11.059999999999999,2610.12,7.290000000000001,22.318,6.715999999999999,1.59,0.182,14.396,0.254,309.83000000000004,204.8,0.8587,0.2110669964808373,1.54,0.2717511626639945,6,1.2246467991473532e-16,-1.0,0.4265478309366396,-0.9041378425488237,-0.2817623302598763,0.22469796037174664
2021-06-09,21063.2,5177.4,16.16888888888889,75.0,24.264444444444443,745.0,19.860000000000003,4751.2,1.5,130.0,5.4,60.879999999999995,4.86,133.18,10.92,2558.1600000000003,7.279999999999999,22.133999999999997,6.4879999999999995,1.5779999999999998,0.194,14.236,0.246,295.38800000000003,204.8,0.8587,0.21107106109791393,1.54,0.27124441638758073,6,1.2246467991473532e-16,-1.0,0.41093212446669825,-0.9113413627652811,-4.4408920985006264e-17,0.3603875471609676
2021-06-10,22249.2,5469.0,16.106666666666666,75.0,24.173333333333332,780.0,20.92,4760.2,1.5,135.2,5.2,57.46,4.74,126.58000000000001,10.919999999999998,2557.06,7.2540000000000004,21.558,6.1259999999999994,1.554,0.198,14.186000000000002,0.242,310.716,281.6,0.8587,0.21107352259087597,1.54,0.27033501492339657,6,1.2246467991473532e-16,-1.0,0.3951948165698651,-0.9182752024104234,0.2817623302598763,0.22469796037174666
2021-06-11,23277.8,5722.0,16.073333333333334,75.0,24.126666666666665,815.0,21.9,4464.6,1.5,135.7,5.2,56.75999999999999,4.5,127.4,10.879999999999999,2694.2,7.212000000000001,21.572,5.904,1.56,0.20800000000000002,14.129999999999999,0.272,322.492,307.2,0.8587,0.21108043421923636,1.54,0.26982616977979523,6,1.2246467991473532e-16,-1.0,0.37934056416873563,-0.9249373096495453,0.35135187892997066,-0.08019377358048381
2021-06-12,22352.8,5494.6,15.88888888888889,75.0,23.84444444444444,780.0,20.96,4520.4,1.5,140.1,5.6,55.98,4.819999999999999,126.44000000000001,10.879999999999999,2576.0600000000004,7.217999999999999,21.46,5.684,1.532,0.196,13.87,0.274,304.54200000000003,384.0,0.8587,0.21107928123360015,1.54,0.2693331263117036,6,1.2246467991473532e-16,-1.0,0.36337405879166595,-0.9313257130579313,0.15636629649360598,-0.3246979603717467
2021-06-13,20794.0,5111.6,15.433333333333334,75.0,23.166666666666668,725.0,19.5,4466.2,1.5,139.8,5.7,56.58,4.92,126.56000000000002,10.94,2397.1600000000003,7.231999999999999,21.432,5.561999999999999,1.572,0.192,13.84,0.268,281.40600000000006,307.2,0.8587,0.2110865177357085,1.54,0.2689890273857636,6,1.2246467991473532e-16,-1.0,0.34730002518447334,-0.9374385222042338,-0.15636629649360595,-0.32469796037174675
2021-06-14,21046.6,5173.6,14.977777777777778,75.0,22.488888888888887,735.0,19.7,4553.2,1.5,136.6,6.0,54.7,4.9,120.38,10.98,2298.3599999999997,7.298,21.148000000000003,5.497999999999999,1.552,0.2,13.754000000000001,0.28400000000000003,282.78599999999994,307.2,0.8587,0.2110827262927301,1.54,0.269077570779457,6,1.2246467991473532e-16,-1.0,0.3311232199123085,-0.9432739282098803,-0.35135187892997066,-0.08019377358048389
2021-06-15,20566.2,5055.4,14.522222222222222,75.0,21.81111111111111,720.0,19.3,4526.0,1.5,131.2,5.8,56.7,4.94,121.97999999999999,11.0,2283.9,7.345999999999999,21.168,5.772,1.584,0.21000000000000002,13.754000000000001,0.298,275.916,230.4,0.8587,0.21107861616434337,1.54,0.2691901534326263,6,1.2246467991473532e-16,-1.0,0.3148484299521111,-0.9488302042843515,-0.2817623302598763,0.22469796037174664
2021-06-16,20549.6,5051.2,14.066666666666666,75.0,21.133333333333333,715.0,19.3,4503.2,1.5,128.3,5.6,55.8,4.88,117.16,11.22,2164.7200000000003,7.388,21.241999999999997,6.18,1.57,0.20600000000000002,13.501999999999999,0.254,270.86199999999997,204.8,0.8587,0.21107421030007942,1.54,0.26887936894845377,6,1.2246467991473532e-16,-1.0,0.2984804712760668,-0.9541057062361646,-4.4408920985006264e-17,0.3603875471609676
2021-06-17,21326.0,5242.0,13.61111111111111,75.0,20.455555555555556,745.0,20.1,4506.8,1.5,125.7,4.8,57.6,4.38,120.2,10.98,2320.6400000000003,7.386,21.427999999999997,6.7299999999999995,1.6039999999999999,0.22200000000000003,13.735999999999999,0.22999999999999998,286.648,204.8,0.8587,0.21107267182324616,1.54,0.2693353988101072,6,1.2246467991473532e-16,-1.0,0.2820241874264828,-0.9590988729594179,0.2817623302598763,0.22469796037174666
2021-06-18,22743.6,5590.4,13.466666666666665,75.0,20.233333333333334,795.0,21.46,4503.6,1.5,124.2,4.7,56.9,4.4,118.3,11.28,2432.9,7.33,21.035999999999998,6.973999999999999,1.5699999999999998,0.23399999999999999,13.296000000000001,0.21800000000000003,297.092,204.8,0.8587,0.21106929138373337,1.54,0.26963290768600334,6,1.2246467991473532e-16,-1.0,0.26548444808250643,-0.9638082268957453,0.35135187892997066,-0.08019377358048381
2021-06-19,23182.4,5698.2,11.993333333333334,75.0,18.026666666666667,810.0,21.96,4497.8,1.5,129.8,4.6,58.02,4.4399999999999995,120.81999999999998,11.24,2540.4800000000005,7.294,20.798000000000002,7.464,1.5779999999999998,0.24400000000000005,13.206,0.192,301.556,281.6,0.8587,0.21106720832592868,1.54,0.26974662413946265,6,1.2246467991473532e-16,-1.0,0.24886614761910844,-0.9682323744715509,0.15636629649360598,-0.3246979603717467
2021-06-20,23353.4,5740.2,10.63111111111111,75.0,15.975555555555554,815.0,22.119999999999997,4552.6,1.5,129.2,4.9,57.96,4.28,120.21999999999998,11.16,2547.48,7.236,20.683999999999997,7.422,1.544,0.24400000000000005,13.046000000000001,0.178,300.504,281.6,0.8587,0.21106603156531917,1.54,0.26981441523024163,6,1.2246467991473532e-16,-1.0,0.23217420365875877,-0.9723700065103895,-0.15636629649360595,-0.32469796037174675
2021-06-21,22494.2,5529.0,9.52,75.0,14.3,790.0,21.32,4603.2,1.5,133.6,4.9,60.98,4.199999999999999,127.8,10.959999999999999,2615.18,7.220000000000001,20.976,6.8340000000000005,1.576,0.24200000000000005,13.51,0.176,299.09000000000003,281.6,0.8587,0.21106553627426253,1.54,0.27020383590845226,6,1.2246467991473532e-16,-1.0,0.21541355561622266,-0.9762198986203723,-0.35135187892997066,-0.08019377358048389
2021-06-22,21601.0,5309.6,8.66,75.0,13.0,755.0,20.4,4586.4,1.5,134.1,4.9,60.96,4.16,127.05999999999999,11.02,2493.66,7.220000000000001,21.144,6.514,1.594,0.238,13.559999999999999,0.19,287.332,204.8,0.8587,0.2110721125759266,1.54,0.26988010701518694,6,1.2246467991473532e-16,-1.0,0.19858916323690892,-0.9797809115564856,-0.2817623302598763,0.22469796037174664
2021-06-23,20468.8,5031.2,8.940000000000001,75.0,13.419999999999998,715.0,19.380000000000003,4590.6,1.5,134.0,4.8,60.64,4.08,126.16,10.680000000000001,2365.1,7.209999999999999,21.052,6.4879999999999995,1.574,0.22600000000000003,13.6,0.186,274.158,204.8,0.8587,0.2110677693466873,1.54,0.2699754247345182,6,1.2246467991473532e-16,-1.0,0.181706005129201,-0.9830519915577101,-4.4408920985006264e-17,0.3603875471609676
2021-06-24,19365.4,4760.0,10.48,75.0,15.719999999999999,680.0,18.36,4496.8,1.5,131.4,4.9,59.3,4.06,126.34,10.68,2236.18,7.2379999999999995,21.612000000000002,5.912,1.6039999999999999,0.22599999999999998,13.88,0.188,264.524,128.0,0.8587,0.21106792975708824,1.54,0.270518580945569,6,1.2246467991473532e-16,-1.0,0.1647690772912068,-0.9860321706588471,0.2817623302598763,0.22469796037174666
2021-06-25,18364.0,4514.0,10.559999999999999,75.0,15.84,650.0,17.44,4461.6,1.5,132.8,4.6,59.0,4.22,126.6,10.6,2133.5800000000004,7.282000000000001,21.874000000000002,5.896,1.6600000000000001,0.22400000000000003,13.898,0.188,251.98200000000003,128.0,0.8587,0.21107440441829978,1.54,0.2709919162845387,6,1.2246467991473532e-16,-1.0,0.14778339163236254,-0.9887205669769539,0.35135187892997066,-0.08019377358048381
2021-06-26,18138.0,4458.4,10.32,75.0,15.48,640.0,17.22,4481.6,1.5,129.6,4.6,55.98,4.34,119.78,10.680000000000001,1980.7599999999998,7.304,21.546,6.282,1.6239999999999999,0.23399999999999999,13.674000000000001,0.172,245.05,128.0,0.8587,0.21107197483846168,1.54,0.27097719813307675,6,1.2246467991473532e-16,-1.0,0.13075397449032808,-0.9911163849723079,0.15636629649360598,-0.3246979603717467
2021-06-27,18028.6,4431.4,9.879999999999999,75.0,14.819999999999999,640.0,17.18,4436.4,1.5,132.1,5.2,56.24000000000001,4.4399999999999995,121.97999999999999,10.72,2007.3799999999999,7.332000000000001,21.523999999999997,6.282,1.6,0.24,13.719999999999999,0.178,244.234,204.8,0.8587,0.21106696835825728,1.54,0.2712663546873094,6,1.2246467991473532e-16,-1.0,0.1136858651436127,-0.9932189156838194,-0.15636629649360595,-0.32469796037174675
2021-06-28,18142.0,4459.4,8.14,75.0,12.22,645.0,17.199999999999996,4382.4,1.5,134.0,5.5,56.88000000000001,4.499999999999999,124.21999999999998,10.9,2056.92,7.356,21.644,6.302,1.6600000000000001,0.23199999999999998,13.812000000000001,0.19,247.13000000000002,230.4,0.8587,0.21107291559327082,1.54,0.2711264904215707,6,1.2246467991473532e-16,-1.0,0.09658411432037162,-0.9950275369388241,-0.35135187892997066,-0.08019377358048389
2021-06-29,18168.0,4465.8,6.4799999999999995,75.0,9.74,645.0,17.2,4413.4,1.5,131.2,5.5,57.1,4.380000000000001,120.42,10.879999999999999,1990.8799999999999,7.33,21.082,6.856,1.6580000000000001,0.23200000000000004,13.341999999999999,0.198,238.76399999999998,230.4,0.8587,0.21107335977827518,1.54,0.27083125618390635,6,1.2246467991473532e-16,-1.0,0.07945378270381415,-0.9965417135371949,-0.2817623302598763,0.22469796037174664
2021-06-30,18128.2,4456.0,6.34,75.0,9.540000000000001,640.0,17.22,4454.4,1.5,134.5,5.7,58.02,4.18,121.96,10.959999999999999,2012.64,7.336,21.056,7.142,1.6059999999999999,0.23600000000000004,13.469999999999999,0.20400000000000001,240.43400000000003,256.0,0.8587,0.21107259436858525,1.54,0.27049709834472857,6,1.2246467991473532e-16,-1.0,0.06229993943466629,-0.9977609974097156,-4.4408920985006264e-17,0.3603875471609676
2021-07-01,19363.6,4763.6,8.559999999999999,75.0,11.120000000000001,685.0,18.34,4395.0,1.4,139.3,5.5,58.98,4.0,122.75999999999999,11.0,2151.08,7.31,20.758,7.348000000000001,1.6440000000000001,0.22800000000000004,13.412,0.20600000000000002,255.32600000000002,332.8,0.8587,0.2112143289946627,1.54,0.27080921458505747,7,-0.0999999999999999,-0.9732050807568877,0.04512766061113004,-0.9986850277506718,0.2817623302598763,0.22469796037174666
2021-07-02,20533.8,5055.2,10.879999999999999,75.0,12.819999999999999,725.0,19.44,4493.8,1.3,137.3,5.2,57.92,4.06,120.12,11.2,2230.4199999999996,7.284000000000001,20.318,7.386,1.616,0.23200000000000004,13.406,0.20600000000000002,271.916,332.8,0.8587,0.21135593185986998,1.54,0.2708951946399304,7,-0.19999999999999987,-0.9464101615137755,0.02794202778678482,-0.9993135311246195,0.35135187892997066,-0.08019377358048381
2021-07-03,21539.6,5306.2,13.2,75.0,14.48,765.0,20.36,4584.6,1.2,134.7,4.9,58.18000000000001,3.96,121.46,11.06,2377.9800000000005,7.290000000000001,20.424,7.146000000000001,1.584,0.23000000000000004,13.645999999999997,0.21000000000000002,290.47799999999995,332.8,0.8587,0.21149325018032106,1.54,0.27141768666972743,7,-0.2999999999999998,-0.9196152422706632,0.010748126466873488,-0.9996463215472989,0.15636629649360598,-0.3246979603717467
2021-07-04,20865.8,5143.0,15.440000000000001,75.0,16.1,740.0,19.619999999999997,4608.2,1.1,135.9,5.0,59.379999999999995,4.1,125.96000000000001,11.080000000000002,2376.2799999999997,7.286,20.706,6.406000000000001,1.566,0.22599999999999998,14.004,0.21000000000000002,287.53,358.4,0.8587,0.21163213317279683,1.54,0.2716328250577879,7,-0.3999999999999998,-0.8928203230275511,-0.00644895539658012,-0.9996833005406695,-0.15636629649360595,-0.32469796037174675
2021-07-05,22063.0,5441.0,17.76,75.0,17.76,785.0,20.639999999999997,4605.4,1.0,137.2,4.6,58.580000000000005,4.1,129.16000000000003,10.98,2595.92,7.281999999999999,21.101999999999997,5.888,1.6220000000000003,0.22599999999999998,14.303999999999998,0.20400000000000001,311.064,409.6,0.8587,0.2117650200295404,1.54,0.2720398604421375,7,-0.4999999999999997,-0.8660254037844388,-0.023644128910378252,-0.9994244571620523,-0.35135187892997066,-0.08019377358048389
2021-07-06,22064.6,5441.4,17.76,75.0,17.76,785.0,20.639999999999997,4561.0,1.0,132.4,4.8,59.67999999999999,4.26,132.28000000000003,10.919999999999998,2672.46,7.295999999999999,21.464000000000002,5.3340000000000005,1.58,0.22200000000000003,14.412,0.22199999999999998,313.246,332.8,0.8587,0.2117652142030828,1.54,0.2720360656595974,7,-0.4999999999999997,-0.8660254037844388,-0.040832305746034345,-0.9988698680073675,-0.2817623302598763,0.22469796037174664
2021-07-07,22053.8,5438.6,17.839999999999996,75.0,17.84,785.0,20.56,4524.4,1.0,128.2,4.6,59.540000000000006,4.24,130.48,10.72,2632.92,7.287999999999999,21.514,4.9799999999999995,1.576,0.2,14.241999999999999,0.20400000000000001,309.448,256.0,0.8587,0.21176032629714503,1.54,0.2720582982128891,7,-0.4999999999999997,-0.8660254037844388,-0.05800839964549156,-0.9980196971884686,-4.4408920985006264e-17,0.3603875471609676
2021-07-08,22201.6,5475.0,17.759999999999998,75.0,17.759999999999998,785.0,20.740000000000002,4555.6,1.0,129.0,5.0,59.120000000000005,4.32,129.76000000000002,11.02,2625.9199999999996,7.3,21.3,4.654,1.5459999999999998,0.20600000000000002,14.106,0.192,308.536,230.4,0.8587,0.21175852588267136,1.54,0.27168829128230876,7,-0.4999999999999997,-0.8660254037844388,-0.07516732792622835,-0.9968741962845785,0.2817623302598763,0.22469796037174666
2021-07-09,24039.8,5928.4,17.560000000000002,75.0,17.56,850.0,22.54,4578.6,1.0,126.8,5.0,56.720000000000006,4.14,123.55999999999999,10.98,2705.6400000000003,7.328,21.11,4.674,1.532,0.196,13.76,0.194,326.06,204.8,0.8587,0.2117620139397284,1.54,0.2715746438202922,7,-0.4999999999999997,-0.8660254037844388,-0.09230401298530576,-0.9954337042678443,0.35135187892997066,-0.08019377358048381
2021-07-10,23666.8,5836.4,17.54,75.0,17.54,835.0,22.160000000000004,4537.6,1.0,122.4,5.7,57.08,4.26,119.61999999999998,11.08,2566.62,7.382,20.674,4.7379999999999995,1.498,0.18,13.65,0.194,318.012,128.0,0.8587,0.21176129606545704,1.54,0.27146295815685256,7,-0.4999999999999997,-0.8660254037844388,-0.10941338380191197,-0.9936986474030288,0.15636629649360598,-0.3246979603717467
2021-07-11,23086.0,5693.2,17.74,75.0,17.74,815.0,21.560000000000002,4574.6,1.0,122.4,5.8,56.120000000000005,4.36,117.05999999999999,11.16,2442.92,7.398000000000001,20.56,4.880000000000001,1.52,0.186,13.634,0.188,310.03599999999994,128.0,0.8587,0.21176248273063486,1.54,0.27154817746866405,7,-0.4999999999999997,-0.8660254037844388,-0.12649037743795902,-0.9916695391213729,-0.15636629649360595,-0.32469796037174675
2021-07-12,23126.8,5703.4,17.740000000000002,75.0,17.740000000000002,815.0,21.66,4610.4,1.0,128.4,6.3,56.4,4.459999999999999,117.64000000000001,11.32,2457.3,7.434,20.488,5.128,1.544,0.19,13.553999999999998,0.20400000000000001,308.268,204.8,0.8587,0.21176741205082644,1.54,0.2714579937624061,7,-0.4999999999999997,-0.8660254037844388,-0.14352994053628773,-0.9893469798686623,-0.35135187892997066,-0.08019377358048389
2021-07-13,22966.4,5663.8,17.94,75.0,17.94,815.0,21.46,4626.0,1.0,128.7,6.1,57.160000000000004,4.3,116.38,10.959999999999999,2417.88,7.418000000000001,20.596,5.476,1.54,0.20600000000000002,13.564000000000002,0.21600000000000003,306.054,204.8,0.8587,0.21176581546144496,1.54,0.2718642201613566,7,-0.4999999999999997,-0.8660254037844388,-0.16052703081603703,-0.9867316569275462,-0.2817623302598763,0.22469796037174664
2021-07-14,22947.4,5659.0,18.3,75.0,18.3,815.0,21.4,4690.6,1.0,131.9,6.0,60.1,4.26,121.96,10.98,2549.7,7.386,20.806,5.986,1.568,0.21400000000000002,13.868,0.21800000000000003,313.074,230.4,0.8587,0.21176173426833733,1.54,0.2719265477326725,7,-0.4999999999999997,-0.8660254037844388,-0.17747661856473626,-0.9838243442141593,-4.4408920985006264e-17,0.3603875471609676
2021-07-15,23234.6,5730.0,18.360000000000003,75.0,18.360000000000003,825.0,21.74,4749.6,1.0,132.9,5.8,60.239999999999995,4.26,122.46,10.959999999999999,2594.62,7.306,20.828,6.228,1.5859999999999999,0.238,13.746,0.22000000000000003,314.336,256.0,0.8587,0.21176824282119364,1.54,0.2719190315074684,7,-0.4999999999999997,-0.8660254037844388,-0.19437368812667796,-0.9806259020491078,0.2817623302598763,0.22469796037174666
2021-07-16,23047.4,5683.8,18.26,75.0,18.26,820.0,21.639999999999997,4809.8,1.0,134.3,5.5,61.56,3.9799999999999995,126.24000000000001,10.84,2653.88,7.264,21.008,6.324,1.584,0.244,13.856,0.20800000000000002,314.304,281.6,0.8587,0.2117667988836614,1.54,0.2720603326544554,7,-0.4999999999999997,-0.8660254037844388,-0.2112132393871311,-0.9771372769028863,0.35135187892997066,-0.08019377358048381
2021-07-17,22234.0,5483.2,18.3,75.0,18.3,795.0,20.8,4788.0,1.0,134.3,5.3,60.92,3.8200000000000003,125.35999999999999,10.620000000000001,2554.4,7.290000000000001,20.996000000000002,6.476000000000001,1.5859999999999999,0.258,13.930000000000001,0.198,305.394,281.6,0.8587,0.21176710886355785,1.54,0.2723957347156771,7,-0.4999999999999997,-0.8660254037844388,-0.22799028925195536,-0.9733595011158022,0.15636629649360598,-0.3246979603717467
2021-07-18,21574.4,5320.6,18.2,75.0,18.2,770.0,20.2,4832.0,1.0,138.1,5.5,59.38000000000001,4.0200000000000005,124.38,10.860000000000001,2457.3199999999997,7.306,20.982,6.3340000000000005,1.614,0.26,14.002,0.19,298.09799999999996,358.4,0.8587,0.21176962343328548,1.54,0.27234839340368844,7,-0.4999999999999997,-0.8660254037844388,-0.244699873122179,-0.9692936925924892,-0.15636629649360595,-0.32469796037174675
2021-07-19,20581.4,5075.8,18.28,75.0,18.28,735.0,19.32,4757.2,1.0,138.4,5.5,59.04,4.08,124.3,10.9,2334.6800000000003,7.316,20.784,6.022,1.614,0.258,13.946000000000002,0.18,283.45,358.4,0.8587,0.21177283960223736,1.54,0.2724330900322937,7,-0.4999999999999997,-0.8660254037844388,-0.2613370463631034,-0.9649410544711022,-0.35135187892997066,-0.08019377358048389
2021-07-20,19689.0,4855.6,17.53333333333333,75.0,17.53333333333333,705.0,18.48,4643.8,1.0,137.7,5.6,58.46,4.1,122.9,11.020000000000001,2201.82,7.33,20.68,5.74,1.6219999999999999,0.25,13.738,0.194,266.82,358.4,0.8587,0.21176811337435955,1.54,0.27230588581988163,7,-0.4999999999999997,-0.8660254037844388,-0.2778968857675001,-0.9603028747672884,-0.2817623302598763,0.22469796037174664
2021-07-21,19411.6,4787.2,16.06,75.0,16.059999999999995,690.0,18.18,4542.4,1.0,136.1,5.8,56.260000000000005,4.279999999999999,117.72,11.2,2066.9000000000005,7.362,20.404000000000003,5.97,1.6400000000000001,0.242,13.4,0.198,256.53000000000003,358.4,0.8587,0.21176849203461692,1.54,0.27159451432447185,7,-0.4999999999999997,-0.8660254037844388,-0.2943744910124672,-0.9553805259930435,-4.4408920985006264e-17,0.3603875471609676
2021-07-22,19169.6,4727.4,13.720000000000002,75.0,13.719999999999999,680.0,18.02,4487.4,1.0,131.4,5.7,56.9,4.38,118.74000000000001,11.14,2062.44,7.353999999999999,20.516000000000002,5.958,1.67,0.24400000000000005,13.394,0.20400000000000001,253.048,307.2,0.8587,0.2117632390799761,1.54,0.271312545402703,7,-0.4999999999999997,-0.8660254037844388,-0.3107649861095136,-0.9501754647505625,0.2817623302598763,0.22469796037174666
2021-07-23,18890.0,4658.4,11.431999999999999,75.0,11.431999999999999,665.0,17.76,4428.8,1.0,126.0,5.1,58.0,4.26,121.84,11.02,2093.6,7.337999999999999,20.752000000000002,6.534000000000001,1.704,0.246,13.482,0.21399999999999997,250.61999999999998,256.0,0.8587,0.2117611311074869,1.54,0.2706059340376482,7,-0.4999999999999997,-0.8660254037844388,-0.3270635208474422,-0.9446892313012085,0.35135187892997066,-0.08019377358048381
2021-07-24,18819.6,4641.0,9.096,75.0,9.096,660.0,17.660000000000004,4462.4,1.0,125.4,5.1,57.61999999999999,4.459999999999999,120.32000000000001,11.0,2057.04,7.388,20.854,7.124,1.6920000000000002,0.27,13.535999999999998,0.21600000000000003,250.63199999999998,256.0,0.8587,0.21175937735157796,1.54,0.2700854984658796,7,-0.4999999999999997,-0.8660254037844388,-0.343265272227606,-0.9389234491097243,0.15636629649360598,-0.3246979603717467
2021-07-25,18748.4,4623.4,7.558666666666667,75.0,7.558666666666667,655.0,17.560000000000002,4525.4,1.0,123.4,5.4,58.64,4.640000000000001,122.9,11.34,2091.06,7.4,20.976,7.369999999999999,1.658,0.266,13.758000000000001,0.21600000000000003,253.85999999999999,256.0,0.8587,0.21175745788015451,1.54,0.2698662929475864,7,-0.4999999999999997,-0.8660254037844388,-0.35936544589111047,-0.9328798243638229,-0.15636629649360595,-0.32469796037174675
2021-07-26,18740.6,4621.6,6.82,75.0,6.82,655.0,17.560000000000002,4586.0,1.0,124.2,5.4,60.419999999999995,4.5,125.18000000000002,11.16,2136.4399999999996,7.412000000000001,21.082,7.3180000000000005,1.672,0.27,13.917999999999997,0.22399999999999998,256.61400000000003,256.0,0.8587,0.2117631149814614,1.54,0.26989584021520624,7,-0.4999999999999997,-0.8660254037844388,-0.3753592775375418,-0.9265601454692988,-0.35135187892997066,-0.08019377358048389
2021-07-27,18566.0,4578.6,6.88,75.0,6.88,650.0,17.4,4605.8,1.0,126.1,5.7,61.0,4.5200000000000005,127.08000000000001,11.459999999999999,2146.4,7.38,21.292,7.343999999999999,1.69,0.27199999999999996,14.016,0.22000000000000003,256.11400000000003,256.0,0.8587,0.21176579460518266,1.54,0.27002061209596495,7,-0.4999999999999997,-0.8660254037844388,-0.39124203433479965,-0.9199662825208111,-0.2817623302598763,0.22469796037174664
2021-07-28,18602.2,4587.6,6.868,75.0,6.868,655.0,17.46,4576.6,1.0,131.9,6.4,60.260000000000005,4.74,124.67999999999999,11.78,2099.4,7.4079999999999995,20.944,7.2379999999999995,1.7060000000000002,0.27399999999999997,13.856,0.21000000000000002,253.8,307.2,0.8587,0.21176911026075196,1.54,0.27045630502787166,7,-0.4999999999999997,-0.8660254037844388,-0.40700901631961883,-0.9131001867484911,-4.4408920985006264e-17,0.3603875471609676
2021-07-29,18543.0,4573.0,6.9239999999999995,75.0,6.9239999999999995,655.0,17.44,4561.6,1.0,130.8,6.5,60.7,4.640000000000001,126.88,11.8,2132.84,7.358,21.26,7.126,1.7260000000000002,0.258,13.994,0.21000000000000002,255.51800000000003,307.2,0.8587,0.21176906739129486,1.54,0.2707588382953522,7,-0.4999999999999997,-0.8660254037844388,-0.4226555577883636,-0.9059638899405431,0.2817623302598763,0.22469796037174666
2021-07-30,18497.2,4561.8,6.9879999999999995,75.0,6.9879999999999995,655.0,17.4,4582.6,1.0,133.2,6.4,59.68000000000001,4.619999999999999,124.47999999999999,11.620000000000001,2086.46,7.386,21.146,7.636,1.7120000000000002,0.27199999999999996,13.834,0.21600000000000003,251.82200000000003,307.2,0.8587,0.21177345136920223,1.54,0.2710243153908573,7,-0.4999999999999997,-0.8660254037844388,-0.4381770286776848,-0.8985595038420042,0.35135187892997066,-0.08019377358048381
2021-07-31,18427.4,4544.4,7.1,75.0,7.1,655.0,17.3,4593.2,1.0,133.4,6.3,58.8,4.779999999999999,123.98000000000002,11.459999999999999,2072.62,7.376,21.238,7.936,1.704,0.26799999999999996,13.901999999999997,0.22000000000000003,252.094,307.2,0.8587,0.21176484229924747,1.54,0.2713513722173499,7,-0.4999999999999997,-0.8660254037844388,-0.4535688359346297,-0.8908892195298461,0.15636629649360598,-0.3246979603717467
2021-08-01,19159.6,4771.6,7.2,75.0,8.7,680.0,18.0,4592.8,1.2,132.0,5.9,58.660000000000004,4.7,124.35999999999999,11.26,2170.2,7.378,21.1,7.880000000000001,1.666,0.25799999999999995,13.957999999999998,0.21600000000000003,263.572,307.2,0.8587,0.2136116192294514,1.54,0.27318678843293187,8,-0.5732050807568875,-0.7928203230275511,-0.4688264248758006,-0.8829553067646,-0.15636629649360595,-0.32469796037174675
2021-08-02,19882.2,4998.0,7.06,75.2,9.76,705.0,18.74,4610.4,1.4,126.8,5.6,58.82000000000001,4.68,124.14000000000001,10.94,2249.3199999999997,7.374,21.092000000000002,7.824,1.61,0.252,13.884,0.22000000000000003,271.6,256.0,0.8587,0.21545107309619685,1.54,0.2750253805423289,8,-0.6464101615137754,-0.7196152422706634,-0.48394528053515884,-0.8747601133186972,-0.35135187892997066,-0.08019377358048389
2021-08-03,20782.2,5269.2,6.839999999999999,75.4,10.74,735.0,19.560000000000002,4618.6,1.6,128.0,5.5,58.52,4.78,123.2,11.08,2336.18,7.35,20.85,7.766,1.624,0.246,13.862,0.23600000000000004,283.86,256.0,0.8587,0.21729688989206858,1.54,0.276786657577093,8,-0.719615242270663,-0.6464101615137758,-0.49892092900007584,-0.8663060642817264,-0.2817623302598763,0.22469796037174664
2021-08-04,21525.2,5500.0,6.6,75.6,11.7,760.0,20.3,4625.8,1.8,128.2,4.9,58.660000000000004,4.68,127.51999999999998,10.739999999999998,2520.3,7.3180000000000005,20.816,7.478,1.654,0.244,14.136,0.22599999999999998,299.864,256.0,0.8587,0.21914222431123737,1.54,0.27859190620380037,8,-0.7928203230275508,-0.5732050807568881,-0.5137489387352359,-0.8575956613428104,-4.4408920985006264e-17,0.3603875471609676
2021-08-05,22346.4,5751.0,6.3,75.8,12.6,790.0,21.2,4620.6,2.0,132.6,5.2,59.56,4.7,129.26,10.959999999999999,2642.46,7.306,20.812,6.85,1.6880000000000002,0.25,14.256,0.21400000000000002,313.758,307.2,0.8587,0.2209924637112842,1.54,0.280561854397683,8,-0.8660254037844385,-0.5000000000000004,-0.5284249218939985,-0.8486314820503156,0.2817623302598763,0.22469796037174666
2021-08-06,22542.4,5801.4,6.2,76.0,12.4,795.0,21.4,4580.0,2.0,132.0,5.4,58.06,4.839999999999999,126.6,11.16,2600.98,7.286,20.742,6.748,1.6759999999999997,0.23400000000000004,14.065999999999999,0.22999999999999998,311.874,307.2,0.8587,0.22099079005134845,1.54,0.28039492981888364,8,-0.8660254037844385,-0.5000000000000004,-0.5429445356168331,-0.8394161790491144,0.35135187892997066,-0.08019377358048381
2021-08-07,22633.2,5824.8,6.4,76.0,12.8,795.0,21.4,4546.0,2.0,131.4,5.5,57.04,4.720000000000001,124.16000000000001,11.28,2551.9399999999996,7.294,20.762,6.332,1.7,0.21800000000000003,14.114,0.21800000000000003,314.446,307.2,0.8587,0.22099206275834335,1.54,0.28018619075714385,8,-0.8660254037844385,-0.5000000000000004,-0.5573034833164412,-0.8299524792956248,0.15636629649360598,-0.3246979603717467
2021-08-08,21798.4,5610.0,6.6,76.0,13.2,765.0,20.7,4530.8,2.0,128.9,5.4,56.120000000000005,4.5,119.84,11.1,2375.34,7.33,20.589999999999996,5.898,1.672,0.194,13.925999999999998,0.20400000000000001,299.164,307.2,0.8587,0.22099383931686215,1.54,0.2801895628318748,8,-0.8660254037844385,-0.5000000000000004,-0.5714975159491852,-0.8202431832508601,-0.15636629649360595,-0.32469796037174675
2021-08-09,22149.6,5700.4,6.8,76.0,13.6,780.0,21.0,4506.2,2.0,132.4,5.2,56.379999999999995,4.380000000000001,116.54,11.040000000000001,2344.4,7.336,20.804,5.59,1.6920000000000002,0.174,13.790000000000001,0.2,301.104,358.4,0.8587,0.22099432268045702,1.54,0.2803847082632505,8,-0.8660254037844385,-0.5000000000000004,-0.5855224332724489,-0.8102911640517277,-0.35135187892997066,-0.08019377358048389
2021-08-10,21942.0,5647.0,7.0,76.0,14.0,770.0,20.8,4483.2,2.0,127.6,5.2,55.88000000000001,4.34,114.74000000000001,11.059999999999999,2281.5,7.345999999999999,20.676,5.926,1.6480000000000001,0.15599999999999997,13.748000000000001,0.20600000000000002,297.17400000000004,307.2,0.8587,0.2209954708339291,1.54,0.28022456259975165,8,-0.8660254037844385,-0.5000000000000004,-0.599374085087557,-0.8000993666608214,-0.2817623302598763,0.22469796037174664
2021-08-11,20790.6,5350.6,7.0,76.0,14.0,730.0,19.7,4572.0,2.0,126.6,5.1,56.019999999999996,4.119999999999999,113.32000000000001,10.780000000000001,2141.6800000000003,7.336,20.71,6.290000000000001,1.6199999999999999,0.16399999999999998,13.719999999999999,0.192,281.77200000000005,307.2,0.8587,0.22099153534694635,1.54,0.28034684125448395,8,-0.8660254037844385,-0.5000000000000004,-0.6130483724678861,-0.7896708069949587,-4.4408920985006264e-17,0.3603875471609676
2021-08-12,18639.6,4797.0,6.8,76.0,13.6,660.0,17.7,4603.0,2.0,133.2,4.9,58.28000000000001,4.180000000000001,119.23999999999998,10.66,2012.92,7.31,21.136,6.734,1.668,0.156,13.831999999999999,0.192,254.206,358.4,0.8587,0.22098750379431711,1.54,0.28112145700989644,8,-0.8660254037844385,-0.5000000000000004,-0.626541248971802,-0.7790085710327249,0.2817623302598763,0.22469796037174666
2021-08-13,18459.6,4750.6,6.6,76.0,13.2,655.0,17.5,4551.4,2.0,140.7,5.3,59.06,4.38,121.33999999999999,10.82,2029.92,7.279999999999999,21.131999999999998,6.998,1.7079999999999997,0.156,13.709999999999999,0.194,249.558,409.6,0.8587,0.2209839181893188,1.54,0.28120557426346304,8,-0.8660254037844385,-0.5000000000000004,-0.6398487218400676,-0.7681158139012797,0.35135187892997066,-0.08019377358048381
2021-08-14,18041.8,4643.0,6.4,76.0,12.8,640.0,17.1,4487.0,2.0,142.1,5.5,57.58,4.3,117.34,10.820000000000002,1894.22,7.294,20.866,7.2379999999999995,1.6440000000000001,0.152,13.5,0.196,239.154,409.6,0.8587,0.22098109111478065,1.54,0.28118141752910014,8,-0.8660254037844385,-0.5000000000000004,-0.6529668531773646,-0.756995758942706,0.15636629649360598,-0.3246979603717467
2021-08-15,17170.4,4418.6,6.4,76.0,12.8,610.0,16.2,4427.2,2.0,146.1,5.3,56.04,4.3,114.53999999999999,10.78,1754.98,7.281999999999999,20.746000000000002,7.122,1.6019999999999999,0.15,13.23,0.21000000000000002,222.33800000000002,460.8,0.8587,0.22097469739267458,1.54,0.281261721526523,8,-0.8660254037844385,-0.5000000000000004,-0.66589176111758,-0.7456516967601704,-0.15636629649360595,-0.32469796037174675
2021-08-16,17645.4,4540.8,6.4,76.0,12.8,625.0,16.6,4373.6,2.0,152.0,5.3,56.620000000000005,4.6,115.6,11.0,1818.2,7.302000000000001,20.666,6.8260000000000005,1.614,0.15,13.212,0.22000000000000003,228.02200000000002,512.0,0.8587,0.22097316597702393,1.54,0.2810686194106995,8,-0.8660254037844385,-0.5000000000000004,-0.6786196209725125,-0.7340869842441813,-0.35135187892997066,-0.08019377358048389
2021-08-17,19351.6,4980.0,6.6,76.0,13.2,680.0,18.3,4328.0,2.0,146.8,5.2,55.120000000000005,4.359999999999999,113.5,10.959999999999999,1987.6,7.31,20.312,6.8759999999999994,1.608,0.154,13.16,0.22200000000000003,250.808,460.8,0.8587,0.22097992132801664,1.54,0.2803648073263835,8,-0.8660254037844385,-0.5000000000000004,-0.6911466663636593,-0.7223050435792304,-0.2817623302598763,0.22469796037174664
2021-08-18,20398.0,5249.4,6.8,76.0,13.6,718.0,19.3,4305.6,2.0,146.1,4.7,54.779999999999994,4.2,111.01999999999998,10.84,2045.7400000000002,7.3340000000000005,20.3,6.9,1.558,0.16599999999999998,13.15,0.22000000000000003,264.134,460.8,0.8587,0.220984247326412,1.54,0.2804431829755504,8,-0.8660254037844385,-0.5000000000000004,-0.7034691903367486,-0.7103093612311137,-4.4408920985006264e-17,0.3603875471609676
2021-08-19,20734.2,5336.0,7.0,76.0,14.0,728.0,19.7,4317.2,2.0,140.9,4.8,57.540000000000006,4.299999999999999,116.72,10.94,2209.54,7.2780000000000005,20.658,6.754,1.6019999999999999,0.174,13.404,0.21800000000000003,274.44199999999995,409.6,0.8587,0.2209871184925713,1.54,0.2803307861242421,8,-0.8660254037844385,-0.5000000000000004,-0.7155835464586864,-0.6981034869152298,0.2817623302598763,0.22469796037174666
2021-08-20,22157.2,5702.2,7.0,76.0,14.0,778.0,21.1,4446.6,2.0,137.5,5.2,60.96,4.46,124.2,11.36,2511.2200000000003,7.279999999999999,21.596,6.724000000000001,1.688,0.19,13.964000000000002,0.20600000000000002,305.804,358.4,0.8587,0.22098764615220173,1.54,0.2802690584790989,8,-0.8660254037844385,-0.5000000000000004,-0.7274861498965948,-0.6856910325461627,0.35135187892997066,-0.08019377358048381
2021-08-21,22441.6,5775.4,7.0,76.0,14.0,788.0,21.4,4410.8,2.0,134.0,5.5,60.760000000000005,4.42,123.8,11.379999999999999,2531.88,7.286,21.562,6.742,1.686,0.196,13.968,0.21600000000000003,309.364,307.2,0.8587,0.22098832262162582,1.54,0.28026019707404337,8,-0.8660254037844385,-0.5000000000000004,-0.7391734784786219,-0.6730756711688572,0.15636629649360598,-0.3246979603717467
2021-08-22,21991.2,5659.4,7.0,76.0,14.0,773.0,20.9,4395.8,2.0,135.3,5.5,61.760000000000005,4.540000000000001,124.16,11.42,2486.44,7.264,21.714,6.4079999999999995,1.652,0.21200000000000002,14.108,0.21400000000000002,305.798,307.2,0.8587,0.220984325289782,1.54,0.2803424671839399,8,-0.8660254037844385,-0.5000000000000004,-0.7506420737362096,-0.6602611358717068,-0.15636629649360595,-0.32469796037174675
2021-08-23,22061.2,5677.4,7.0,76.0,14.0,775.0,20.9,4383.0,2.0,132.4,5.7,63.35999999999999,4.72,130.24,11.499999999999998,2633.6800000000003,7.242,22.146,6.18,1.674,0.21800000000000003,14.34,0.21000000000000002,312.226,256.0,0.8587,0.22098374688266667,1.54,0.280302127076556,8,-0.8660254037844385,-0.5000000000000004,-0.7618885419275089,-0.6472512186818717,-0.35135187892997066,-0.08019377358048389
2021-08-24,22292.4,5736.8,7.0,76.0,14.0,785.0,21.1,4353.2,2.0,137.6,5.8,60.06,4.880000000000001,123.92,11.68,2502.24,7.247999999999999,21.618000000000002,5.976,1.612,0.22000000000000003,13.872,0.20800000000000002,303.996,307.2,0.8587,0.22098014019982445,1.54,0.28041198422954855,8,-0.8660254037844385,-0.5000000000000004,-0.7729095550416438,-0.6340497694431577,-0.2817623302598763,0.22469796037174664
2021-08-25,21502.2,5533.6,7.13,76.0,14.26,758.0,20.339999999999996,4212.8,2.0,141.8,5.5,57.260000000000005,4.659999999999999,118.4,11.3,2297.58,7.232000000000001,20.728,5.524,1.5299999999999998,0.22199999999999998,13.430000000000001,0.2,283.216,358.4,0.8587,0.22098636955251302,1.54,0.2805295631438963,8,-0.8660254037844385,-0.5000000000000004,-0.7837018517835231,-0.6206606946767856,-4.4408920985006264e-17,0.3603875471609676
2021-08-26,21438.4,5517.2,7.13,76.0,14.26,756.0,20.339999999999996,4198.6,2.0,145.1,5.0,58.040000000000006,4.4,120.96,11.040000000000001,2348.6,7.206,20.766000000000002,5.258,1.516,0.22799999999999998,13.524000000000001,0.188,284.552,409.6,0.8587,0.22098711483631134,1.54,0.2805566246326797,8,-0.8660254037844385,-0.5000000000000004,-0.7942622385389093,-0.6070879564253884,0.2817623302598763,0.22469796037174666
2021-08-27,21813.0,5613.6,7.13,76.0,14.26,769.0,20.639999999999997,4216.4,2.0,150.0,5.4,54.720000000000006,4.58,117.32000000000001,11.16,2315.4,7.238000000000001,20.392000000000003,5.0280000000000005,1.436,0.22000000000000003,13.098000000000003,0.186,281.338,460.8,0.8587,0.2209872180930903,1.54,0.28051685540830473,8,-0.8660254037844385,-0.5000000000000004,-0.8045875903194609,-0.5933355710805789,0.35135187892997066,-0.08019377358048381
2021-08-28,21189.6,5453.0,7.13,76.0,14.26,747.0,20.04,4299.0,2.0,147.3,5.5,53.06,4.66,115.35999999999999,11.059999999999999,2199.2,7.288000000000001,20.028,4.880000000000001,1.424,0.22800000000000004,13.142000000000001,0.186,273.47200000000004,512.0,0.8587,0.22098050498132288,1.54,0.2805340012382155,8,-0.8660254037844385,-0.5000000000000004,-0.8146748516874677,-0.579407608194435,0.15636629649360598,-0.3246979603717467
2021-08-29,20321.4,5229.6,7.13,76.0,14.26,715.0,19.139999999999997,4319.6,2.0,142.3,5.9,55.620000000000005,4.84,121.24000000000001,11.379999999999999,2232.5,7.314,20.390000000000004,5.008,1.494,0.23200000000000004,13.632,0.174,273.476,460.8,0.8587,0.22098171680876771,1.54,0.28047442576456677,8,-0.8660254037844385,-0.5000000000000004,-0.8245210376600021,-0.5653081892752544,-0.15636629649360595,-0.32469796037174675
2021-08-30,20324.4,5230.2,7.0,76.0,14.0,715.0,19.1,4378.0,2.0,137.0,6.0,56.32000000000001,4.999999999999999,123.17999999999999,11.579999999999998,2268.12,7.322,20.692,5.412000000000001,1.546,0.22800000000000004,13.829999999999998,0.174,277.534,409.6,0.8587,0.22097443363950825,1.54,0.28043562878879713,8,-0.8660254037844385,-0.5000000000000004,-0.834123234592225,-0.551041486567933,-0.35135187892997066,-0.08019377358048389
2021-08-31,20368.6,5241.6,6.9799999999999995,75.97999999999999,13.960000000000003,717.0,19.1,4458.8,2.0,134.8,6.4,57.660000000000004,5.32,125.82000000000001,11.9,2321.0199999999995,7.348000000000001,21.145999999999997,5.7620000000000005,1.6079999999999999,0.22200000000000003,14.064000000000002,0.16199999999999998,283.198,358.4,0.8587,0.2209755088284397,1.54,0.2802574071807308,8,-0.8660254037844385,-0.5000000000000004,-0.8434786010395795,-0.536611721819331,-0.2817623302598763,0.22469796037174664
2021-09-01,20680.6,5229.4,6.94,75.94,13.88,729.0,19.5,4499.6,2.0,129.5,5.8,60.32000000000001,5.14,127.61999999999998,11.74,2394.1600000000003,7.324000000000001,21.522000000000002,6.2540000000000004,1.656,0.22599999999999998,14.412,0.168,294.53599999999994,307.2,0.8587,0.2173501856561953,1.54,0.27650422812178743,9,-0.8928203230275509,-0.40000000000000036,-0.8525843685986209,-0.5220231650289905,-4.4408920985006264e-17,0.3603875471609676
2021-09-02,21237.6,5275.4,6.88,75.88,13.760000000000002,746.0,20.1,4491.2,2.0,129.8,6.0,60.919999999999995,5.0600000000000005,127.94000000000001,11.94,2461.8199999999997,7.286,21.568,6.694,1.6780000000000002,0.22599999999999998,14.520000000000001,0.184,304.61,256.0,0.8587,0.21373053791205435,1.54,0.2724939641269209,9,-0.9196152422706632,-0.3000000000000004,-0.86143784272623,-0.5072801331855727,0.2817623302598763,0.22469796037174666
2021-09-03,21970.0,5362.6,6.8,75.8,13.6,768.0,20.9,4460.8,2.0,126.5,5.5,60.06,4.76,122.36000000000001,11.459999999999999,2427.1,7.302,21.496,7.122,1.656,0.22400000000000003,14.354000000000003,0.19,310.918,256.0,0.8587,0.21010010147890448,1.54,0.2684010766012776,9,-0.9464101615137753,-0.20000000000000026,-0.8700364035369745,-0.4923869889893928,0.35135187892997066,-0.08019377358048381
2021-09-04,22588.8,5423.2,6.7,75.7,13.4,790.0,21.6,4470.8,2.0,129.2,5.2,62.17999999999999,4.5,125.18000000000002,11.120000000000001,2569.1200000000003,7.3420000000000005,21.682000000000002,7.162000000000001,1.6619999999999997,0.22800000000000004,14.565999999999999,0.194,324.43199999999996,256.0,0.8587,0.20647849009731783,1.54,0.26458838248065064,9,-0.9732050807568878,-0.10000000000000024,-0.8783775065783725,-0.4773481395614261,0.15636629649360598,-0.3246979603717467
2021-09-05,22475.4,5309.4,6.6,75.6,13.2,785.0,21.5,4469.8,2.0,129.6,4.7,61.92,4.14,123.5,10.84,2526.6800000000003,7.3340000000000005,21.834000000000003,6.932,1.67,0.22999999999999998,14.63,0.198,323.968,256.0,0.8587,0.20285196496428712,1.54,0.2608807784679754,9,-1.0,-1.8369701987210297e-16,-0.8864586835838388,-0.46216803513916993,-0.15636629649360595,-0.32469796037174675
2021-09-06,22678.2,5357.4,6.5,75.5,13.0,790.0,21.7,4467.4,2.0,133.2,5.3,62.2,4.2,123.52000000000001,10.94,2546.46,7.3260000000000005,21.678,6.822,1.6780000000000002,0.22799999999999998,14.498,0.196,323.83599999999996,307.2,0.8587,0.20285546385697603,1.54,0.2607309609947845,9,-1.0,-1.8369701987210297e-16,-0.8942775432030838,-0.44685116775974754,-0.35135187892997066,-0.08019377358048389
2021-09-07,22716.4,5366.4,6.4,75.4,12.8,790.0,21.7,4430.8,2.0,132.2,5.5,61.08,4.279999999999999,120.47999999999999,10.92,2480.6400000000003,7.3100000000000005,21.686,7.286000000000001,1.64,0.22400000000000003,14.336000000000002,0.196,320.62600000000003,307.2,0.8587,0.20285455173691552,1.54,0.26063560739564273,9,-1.0,-1.8369701987210297e-16,-0.9018317717097529,-0.43140206993064084,-0.2817623302598763,0.22469796037174664
2021-09-08,21786.6,5146.8,6.3,75.3,12.6,760.0,20.8,4448.6,2.0,136.9,5.6,61.760000000000005,4.4,128.74,11.12,2548.94,7.287999999999999,22.208000000000002,7.062,1.666,0.22800000000000004,14.702000000000002,0.198,315.21400000000006,307.2,0.8587,0.20285600158591688,1.54,0.2608059074554255,9,-1.0,-1.8369701987210297e-16,-0.9091191336860952,-0.41582531328844974,-4.4408920985006264e-17,0.3603875471609676
2021-09-09,21499.6,5079.0,6.2,75.2,12.4,750.0,20.5,4300.0,2.0,134.3,5.8,60.0,4.380000000000001,125.0,11.180000000000001,2429.3999999999996,7.274000000000001,22.04,6.954000000000001,1.6480000000000001,0.22400000000000003,14.414000000000001,0.198,304.582,307.2,0.8587,0.20285606246866356,1.54,0.26098187028701336,9,-1.0,-1.8369701987210297e-16,-0.9161374726844592,-0.4001255072460708,0.2817623302598763,0.22469796037174666
2021-09-10,21970.4,5190.2,6.119999999999999,75.12,12.24,765.0,21.0,4193.4,2.0,133.4,6.1,59.52,4.5200000000000005,124.42,11.2,2472.38,7.258,21.630000000000003,7.0840000000000005,1.6280000000000001,0.22000000000000003,14.322,0.198,309.58000000000004,307.2,0.8587,0.2028555012393943,1.54,0.2610451732357655,9,-1.0,-1.8369701987210297e-16,-0.9228847118654212,-0.38430729762869714,0.35135187892997066,-0.08019377358048381
2021-09-11,21425.4,5061.4,6.06,75.06,12.12,745.0,20.5,4130.4,2.0,131.3,6.1,60.239999999999995,4.54,126.32000000000001,11.2,2452.88,7.316,22.06,6.9159999999999995,1.652,0.22400000000000003,14.498,0.196,305.87800000000004,256.0,0.8587,0.2028535538665564,1.54,0.2611494875523393,9,-1.0,-1.8369701987210297e-16,-0.929358854612355,-0.3683753652990453,0.15636629649360598,-0.3246979603717467
2021-09-12,20837.2,4922.4,6.02,75.02000000000001,12.040000000000001,730.0,20.0,4135.8,2.0,134.7,6.1,61.48,4.42,129.7,11.24,2460.8199999999997,7.354000000000001,22.362000000000002,6.088,1.6960000000000002,0.22599999999999998,14.66,0.174,301.434,256.0,0.8587,0.20285181483488834,1.54,0.261748707270251,9,-1.0,-1.8369701987210297e-16,-0.9355579851222627,-0.3523344247722119,-0.15636629649360595,-0.32469796037174675
2021-09-13,21028.0,4967.6,6.0,75.0,12.0,735.0,20.2,4195.2,2.0,131.3,5.7,60.260000000000005,4.18,123.74000000000001,10.98,2370.9399999999996,7.394,21.936,5.936,1.666,0.21000000000000002,14.516,0.186,301.17400000000004,256.0,0.8587,0.2028572644219909,1.54,0.2618042952280413,9,-1.0,-1.8369701987210297e-16,-0.9414802689726922,-0.33618922282057256,-0.35135187892997066,-0.08019377358048389
2021-09-14,21231.6,5015.6,6.0,75.0,12.0,740.0,20.4,4377.8,2.0,131.8,5.4,60.2,4.5200000000000005,120.85999999999999,11.379999999999999,2317.3599999999997,7.366,21.863999999999997,6.0280000000000005,1.652,0.202,14.716,0.184,308.578,307.2,0.8587,0.20285356285171482,1.54,0.2616391638995942,9,-1.0,-1.8369701987210297e-16,-0.9471239536645717,-0.31994453706913595,-0.2817623302598763,0.22469796037174664
2021-09-15,21385.0,5051.8,6.49,75.0,12.979999999999999,750.0,20.520000000000003,4424.8,2.0,131.4,5.5,58.839999999999996,4.72,119.52000000000001,11.620000000000001,2298.68,7.366,22.048000000000002,6.428,1.6480000000000001,0.21000000000000002,14.696000000000002,0.178,310.482,307.2,0.8587,0.20285221373513534,1.54,0.26202386918614584,9,-1.0,-1.8369701987210297e-16,-0.9524873691408026,-0.30360517458176817,-4.4408920985006264e-17,0.3603875471609676
2021-09-16,22104.0,5221.6,6.69,75.0,13.379999999999999,775.0,21.12,4425.8,2.0,131.6,5.2,58.839999999999996,4.78,120.66,11.64,2408.5,7.328,22.152,6.603999999999999,1.654,0.20600000000000002,14.886000000000001,0.19,324.98400000000004,358.4,0.8587,0.20285030469096252,1.54,0.26201965260160864,9,-1.0,-1.8369701987210297e-16,-0.9575689282804565,-0.287175970438704,0.2817623302598763,0.22469796037174666
2021-09-17,22258.0,5258.0,6.69,75.0,13.379999999999999,780.0,21.220000000000002,4425.4,2.0,129.7,4.6,58.419999999999995,4.68,119.08,11.360000000000001,2399.3199999999997,7.274000000000001,22.044,7.075999999999999,1.6219999999999999,0.21600000000000003,14.746,0.198,324.144,358.4,0.8587,0.20285111663914615,1.54,0.26197291099899983,9,-1.0,-1.8369701987210297e-16,-0.9623671273684294,-0.27066178630577,0.35135187892997066,-0.08019377358048381
2021-09-18,21937.6,5182.2,6.69,75.0,13.379999999999999,770.0,20.92,4454.8,2.0,133.8,4.6,59.3,4.720000000000001,121.28,11.319999999999999,2407.26,7.220000000000001,22.25,7.12,1.638,0.238,14.690000000000001,0.188,318.666,409.6,0.8587,0.20284633630398052,1.54,0.2620772689903422,9,-1.0,-1.8369701987210297e-16,-0.9668805465404162,-0.25406750899573866,0.15636629649360598,-0.3246979603717467
2021-09-19,21657.6,5116.0,6.69,75.0,13.379999999999999,760.0,20.62,4463.6,2.0,140.7,4.8,58.06,4.5600000000000005,121.04,11.02,2383.22,7.217999999999999,21.904,7.266,1.616,0.252,14.2,0.182,304.142,409.6,0.8587,0.20284402431291118,1.54,0.26206455036741405,9,-1.0,-1.8369701987210297e-16,-0.9711078502030691,-0.23739804902224235,-0.15636629649360595,-0.32469796037174675
2021-09-20,21626.6,5108.8,6.2,75.0,12.4,755.0,20.6,4459.6,2.0,141.8,4.6,60.1,4.4,124.42,10.84,2461.7400000000002,7.226000000000001,22.224,6.866,1.652,0.242,14.456,0.18,309.628,409.6,0.8587,0.2028486020488324,1.54,0.2617312955162847,9,-1.0,-1.8369701987210297e-16,-0.975047787429224,-0.22065833914667285,-0.35135187892997066,-0.08019377358048389
2021-09-21,21283.0,5027.6,5.8,75.0,11.6,745.0,20.3,4428.2,2.0,138.4,4.3,59.760000000000005,4.14,121.6,10.66,2361.8,7.203999999999999,21.881999999999998,6.406000000000001,1.626,0.25,14.301999999999998,0.172,301.192,358.4,0.8587,0.20284729847782543,1.54,0.2618305277650087,9,-1.0,-1.8369701987210297e-16,-0.9786991923280685,-0.20385333291849853,-0.2817623302598763,0.22469796037174664
2021-09-22,20859.4,4927.4,5.6,75.0,11.2,730.0,19.9,4411.8,2.0,139.7,4.4,61.54,4.24,125.4,10.8,2383.8,7.244,22.142,5.944,1.6460000000000001,0.236,14.524000000000001,0.17,299.47400000000005,358.4,0.8587,0.202841453885353,1.54,0.2618161213087961,9,-1.0,-1.8369701987210297e-16,-0.9820609843901467,-0.18698800320942882,-4.4408920985006264e-17,0.3603875471609676
2021-09-23,20888.4,4934.2,5.4,75.0,10.8,735.0,19.9,4338.0,2.0,136.1,4.6,61.4,4.299999999999999,125.94000000000001,10.860000000000001,2396.2,7.234,22.618000000000002,5.840000000000001,1.6179999999999999,0.22200000000000003,14.854000000000003,0.162,306.23999999999995,307.2,0.8587,0.20283914379758755,1.54,0.26212100734712085,9,-1.0,-1.8369701987210297e-16,-0.9851321688071023,-0.17006734074186178,0.2817623302598763,0.22469796037174666
2021-09-24,20272.0,4788.6,5.2,75.0,10.4,715.0,19.3,4320.2,2.0,129.9,4.6,62.48,4.32,131.78,10.76,2450.04,7.248,23.118000000000002,5.644,1.652,0.21600000000000003,15.286000000000001,0.178,306.428,256.0,0.8587,0.20283907058591946,1.54,0.26224055526774076,9,-1.0,-1.8369701987210297e-16,-0.9879118367660551,-0.15309635261204882,0.35135187892997066,-0.08019377358048381
2021-09-25,19294.2,4557.6,5.0,75.0,10.0,680.0,18.4,4375.2,2.0,125.8,4.5,59.94,4.18,125.64000000000001,10.760000000000002,2214.92,7.276000000000001,22.546,5.648000000000001,1.596,0.22800000000000004,14.896,0.192,283.71000000000004,256.0,0.8587,0.20283887107768103,1.54,0.26216386345637677,9,-1.0,-1.8369701987210297e-16,-0.9903991657185358,-0.13608006080841467,0.15636629649360598,-0.3246979603717467
2021-09-26,18694.8,4416.0,5.0,75.0,10.0,660.0,17.8,4510.0,2.0,126.3,5.1,59.14000000000001,4.4399999999999995,124.34,11.02,2120.3599999999997,7.306,22.342000000000002,5.952,1.6019999999999999,0.23200000000000004,14.706,0.196,271.354,256.0,0.8587,0.2028383302407925,1.54,0.2622716852451634,9,-1.0,-1.8369701987210297e-16,-0.9925934196238899,-0.11902350072546963,-0.15636629649360595,-0.32469796037174675
2021-09-27,18579.4,4388.8,5.0,75.0,10.0,655.0,17.8,4454.8,2.0,128.7,5.2,57.42,4.36,120.33999999999999,10.9,2033.8400000000001,7.318,21.958000000000002,6.148000000000001,1.594,0.238,14.506,0.198,265.878,307.2,0.8587,0.20284103594696634,1.54,0.26220933550749714,9,-1.0,-1.8369701987210297e-16,-0.9944939491670848,-0.10193171967375594,-0.35135187892997066,-0.08019377358048389
2021-09-28,18516.4,4374.0,5.0,75.0,10.0,650.0,17.7,4490.2,2.0,133.4,5.4,55.42,4.42,115.32000000000001,11.02,1931.3,7.3340000000000005,21.140000000000004,6.2379999999999995,1.5799999999999998,0.238,13.906,0.21000000000000002,253.56199999999998,358.4,0.8587,0.2028448194142185,1.54,0.2619727437077661,9,-1.0,-1.8369701987210297e-16,-0.9961001919508521,-0.0848097753862671,-0.2817623302598763,0.22469796037174664
2021-09-29,18517.6,4374.4,5.0,75.0,10.0,650.0,17.7,4522.2,2.0,133.9,5.8,56.36,4.6,114.92,11.440000000000001,1916.28,7.32,20.966,6.236,1.568,0.23000000000000004,13.907999999999998,0.196,253.87600000000003,358.4,0.8587,0.2028502310385904,1.54,0.261974313523385,9,-1.0,-1.8369701987210297e-16,-0.99741167266211,-0.06766273452178341,-4.4408920985006264e-17,0.3603875471609676
2021-09-30,18648.0,4405.2,5.0,75.0,10.0,655.0,17.8,4483.0,2.0,137.0,5.8,58.739999999999995,4.58,120.97999999999999,11.44,2015.7800000000002,7.314,21.234,6.088,1.5959999999999999,0.22800000000000004,14.036000000000001,0.188,259.364,358.4,0.8587,0.20284997536667823,1.54,0.26200927828845805,9,-1.0,-1.8369701987210297e-16,-0.9984280032126165,-0.0504956711655658,0.2817623302598763,0.22469796037174666
2021-10-01,18910.0,4554.6,5.0,75.0,10.180000000000001,665.0,18.2,4435.0,2.036,138.4,5.4,59.44,4.52,123.47999999999999,11.24,2097.1,7.31,21.48,6.26,1.5959999999999999,0.21400000000000002,14.157999999999998,0.186,265.42199999999997,358.4,0.8587,0.20653616743040812,1.54,0.265603198257505,10,-0.9732050807568878,0.09999999999999988,-0.9991488828538102,-0.033313665327853084,0.35135187892997066,-0.08019377358048381
2021-10-02,19551.6,4799.0,5.0,75.0,10.540000000000001,685.0,18.7,4525.6,2.1079999999999997,133.4,5.1,59.14,4.5200000000000005,122.85999999999999,11.32,2153.2400000000002,7.294,21.462,6.12,1.5799999999999998,0.20800000000000002,14.101999999999999,0.18,273.45799999999997,307.2,0.8587,0.21022309890939245,1.54,0.2689157594381919,10,-0.9464101615137755,0.19999999999999993,-0.9995740982658079,-0.01612180144060451,0.15636629649360598,-0.3246979603717467
2021-10-03,19898.4,4967.8,5.0,75.0,11.080000000000002,695.0,19.1,4524.0,2.216,128.3,5.1,62.58,4.58,129.62,11.379999999999999,2321.2,7.318,22.029999999999998,6.178,1.634,0.21600000000000003,14.559999999999999,0.178,287.208,256.0,0.8587,0.21391169704702762,1.54,0.27226756229519294,10,-0.9196152422706632,0.3,-0.9997035236205278,0.0010748331470651796,-0.15636629649360595,-0.32469796037174675
2021-10-04,20055.2,5087.6,5.0,75.0,11.8,700.0,19.3,4545.4,2.3600000000000003,128.8,4.3,62.779999999999994,4.3,129.78000000000003,10.879999999999999,2352.18,7.359999999999999,22.594,6.18,1.6580000000000001,0.22200000000000003,14.693999999999999,0.178,292.038,256.0,0.8587,0.21759797611580875,1.54,0.275748378743229,10,-0.8928203230275511,0.4000000000000001,-0.9995371206189254,0.01827114967431425,-0.35135187892997066,-0.08019377358048389
2021-10-05,19833.8,5111.0,5.0,75.0,12.7,695.0,19.1,4580.2,2.54,129.8,4.6,64.28,4.4799999999999995,131.9,10.959999999999999,2386.98,7.337999999999999,22.852,6.246,1.666,0.21600000000000003,14.919999999999998,0.182,291.622,256.0,0.8587,0.22127937744286133,1.54,0.2797644807093625,10,-0.8660254037844386,0.5000000000000001,-0.9990749385023259,0.03546205947441998,-0.2817623302598763,0.22469796037174664
2021-10-06,19340.2,4983.8,5.0,75.0,13.419999999999998,675.0,18.5,4575.8,2.684,129.5,5.0,64.78,4.5200000000000005,132.04000000000002,11.1,2330.82,7.33,22.796,6.192,1.668,0.20800000000000002,14.951999999999998,0.192,285.062,256.0,0.8587,0.22127886402314215,1.54,0.2797823951896069,10,-0.8660254037844386,0.5000000000000001,-0.9983171140378533,0.05264247548059755,-4.4408920985006264e-17,0.3603875471609676
2021-10-07,18002.4,4639.0,5.0,75.0,13.959999999999999,630.0,17.3,4541.6,2.792,131.8,5.4,65.0,4.539999999999999,132.35999999999999,11.28,2188.98,7.314,22.694,6.764,1.656,0.192,14.984,0.21800000000000003,266.476,256.0,0.8587,0.22127517094008148,1.54,0.2802366964643811,10,-0.8660254037844386,0.5000000000000001,-0.997263871477959,0.06980731373134444,0.2817623302598763,0.22469796037174666
2021-10-08,17751.4,4574.2,5.0,75.0,14.319999999999999,625.0,17.0,4548.8,2.864,134.1,5.8,64.64000000000001,4.7,131.01999999999998,11.36,2130.1400000000003,7.295999999999999,22.724,6.803999999999999,1.656,0.18,15.030000000000001,0.22200000000000003,263.476,256.0,0.8587,0.221270015548932,1.54,0.2807773311554093,10,-0.8660254037844386,0.5000000000000001,-0.9959155224940615,0.0869514948748665,0.35135187892997066,-0.08019377358048381
2021-10-09,17898.0,4612.0,5.0,75.0,14.5,630.0,17.1,4454.4,2.9,139.1,6.0,65.4,4.739999999999999,134.49999999999997,11.440000000000001,2215.7200000000003,7.267999999999999,22.628,7.284000000000001,1.6640000000000001,0.182,15.162,0.24000000000000005,267.956,307.2,0.8587,0.22127090502890567,1.54,0.2809875769024458,10,-0.8660254037844386,0.5000000000000001,-0.994272466084318,0.10406994567214008,0.15636629649360598,-0.3246979603717467
2021-10-10,17846.4,4598.8,5.0,75.0,14.5,625.0,17.0,4485.2,2.9,142.2,5.6,59.48,4.64,125.94000000000001,11.3,2062.1800000000003,7.268000000000001,21.91,7.864,1.5979999999999999,0.184,14.675999999999998,0.25,258.52599999999995,358.4,0.8587,0.22127564053767185,1.54,0.2806962482652353,10,-0.8660254037844386,0.5000000000000001,-0.9923351884555544,0.12115760049816504,-0.15636629649360595,-0.32469796037174675
2021-10-11,18022.4,4644.2,5.0,75.0,14.5,630.0,17.2,4485.8,2.9,142.8,5.1,59.4,4.4399999999999995,125.62,11.059999999999999,2080.7,7.223999999999999,22.242,8.094,1.5699999999999998,0.188,14.588,0.236,259.634,358.4,0.8587,0.2212778972785237,1.54,0.2805913064871661,10,-0.8660254037844386,0.5000000000000001,-0.9901042628793887,0.13820940284096422,-0.35135187892997066,-0.08019377358048389
2021-10-12,18697.2,4818.2,5.0,75.0,14.5,655.0,17.8,4521.8,2.9,141.0,4.9,58.86,4.359999999999999,124.83999999999999,10.82,2143.88,7.192,22.125999999999998,8.28,1.6099999999999999,0.202,14.512,0.21000000000000002,268.158,358.4,0.8587,0.22128381935459362,1.54,0.2806506462388355,10,-0.8660254037844386,0.5000000000000001,-0.9875803495225911,0.1552203067978873,-0.2817623302598763,0.22469796037174664
2021-10-13,18290.2,4713.4,5.0,75.0,14.5,640.0,17.4,4512.2,2.9,143.5,4.5,57.1,4.06,121.47999999999999,10.580000000000002,2042.2,7.168000000000001,22.130000000000003,8.534,1.5559999999999998,0.21400000000000002,14.528,0.20600000000000002,262.258,409.6,0.8587,0.22128773511221808,1.54,0.28063215907457917,10,-0.8660254037844386,0.5000000000000001,-0.9847641952517299,0.17218527856877425,-4.4408920985006264e-17,0.3603875471609676
2021-10-14,17728.0,4568.4,5.0,75.0,14.5,620.0,16.9,4599.0,2.9,141.1,5.1,51.879999999999995,4.119999999999999,112.53999999999999,10.719999999999999,1809.1799999999998,7.126,21.514000000000003,9.068000000000001,1.534,0.22000000000000003,13.95,0.198,243.7,409.6,0.8587,0.22128192311253883,1.54,0.2806343274996198,10,-0.8660254037844386,0.5000000000000001,-0.9816566334121613,0.18909929794553781,0.2817623302598763,0.22469796037174666
2021-10-15,17681.2,4556.4,5.0,75.0,14.5,620.0,16.9,4543.2,2.9,141.1,5.7,52.06,4.28,114.1,10.879999999999999,1828.78,7.114,21.508000000000003,9.318000000000001,1.564,0.21600000000000003,13.884,0.188,242.12800000000001,409.6,0.8587,0.2212849452099487,1.54,0.28079702417428143,10,-0.8660254037844386,0.5000000000000001,-0.9782585835814294,0.2059573597977241,0.35135187892997066,-0.08019377358048381
2021-10-16,17562.4,4525.8,5.0,75.0,14.5,620.0,16.8,4580.0,2.9,144.0,5.8,47.44,4.24,110.55999999999999,11.0,1748.6799999999998,7.12,20.98,9.55,1.5580000000000003,0.23200000000000004,13.784,0.198,238.48200000000003,460.8,0.8587,0.22128556853500125,1.54,0.28117209973877966,10,-0.8660254037844386,0.5000000000000001,-0.9745710512971485,0.22275447555361091,0.15636629649360598,-0.3246979603717467
2021-10-17,17168.0,4424.2,5.0,75.0,14.5,605.0,16.4,4640.0,2.9,143.9,5.8,47.839999999999996,4.22,112.47999999999999,10.98,1738.72,7.1259999999999994,21.622000000000003,9.612,1.574,0.238,13.940000000000001,0.20800000000000002,235.448,460.8,0.8587,0.22128753928760597,1.54,0.2811024973850401,10,-0.8660254037844386,0.5000000000000001,-0.9705951277594483,0.2394856746764066,-0.15636629649360595,-0.32469796037174675
2021-10-18,17115.8,4410.8,5.0,75.0,14.5,600.0,16.4,4643.2,2.9,138.4,6.2,48.06,4.46,112.17999999999999,11.360000000000001,1721.94,7.13,21.381999999999998,10.498000000000001,1.6440000000000001,0.24000000000000005,13.768,0.21000000000000002,231.74200000000002,409.6,0.8587,0.22129023150150812,1.54,0.2808076462085982,10,-0.8660254037844386,0.5000000000000001,-0.9663319895080701,0.25614600613511146,-0.35135187892997066,-0.08019377358048389
2021-10-19,17597.6,4535.0,5.0,75.0,14.5,620.0,16.8,4571.0,2.9,138.8,6.0,51.739999999999995,4.42,116.52000000000001,11.280000000000001,1852.6,7.132,22.032,10.610000000000001,1.666,0.23600000000000004,14.124,0.21200000000000002,244.81199999999998,409.6,0.8587,0.22129252900751806,1.54,0.2810370797354434,10,-0.8660254037844386,0.5000000000000001,-0.9617828980742097,0.27273053986960816,-0.2817623302598763,0.22469796037174664
2021-10-20,19071.2,4914.6,5.0,75.0,14.5,670.0,18.2,4618.8,2.9,137.4,5.4,54.5,4.3,117.22,11.059999999999999,2024.6,7.1,22.058,10.684,1.67,0.23600000000000004,14.2,0.21000000000000002,265.528,409.6,0.8587,0.22128642687423955,1.54,0.28085236766989563,10,-0.8660254037844386,0.5000000000000001,-0.9569491996072103,0.2892343682495448,-4.4408920985006264e-17,0.3603875471609676
2021-10-21,19999.4,5153.8,5.0,75.0,14.5,700.0,19.1,4539.4,2.9,132.8,5.3,59.779999999999994,4.32,121.78,11.059999999999999,2217.04,7.078,22.439999999999998,10.83,1.7079999999999997,0.23600000000000004,14.356,0.194,281.784,358.4,0.8587,0.22128686172660875,1.54,0.2805806101242392,10,-0.8660254037844386,0.5000000000000001,-0.9518323244762147,0.30565260752658313,0.2817623302598763,0.22469796037174666
2021-10-22,20618.8,5313.4,5.0,75.0,14.5,720.0,19.7,4455.0,2.9,133.7,5.4,58.86,4.4,122.74000000000001,11.14,2305.56,7.075999999999999,22.348,10.693999999999999,1.718,0.23600000000000004,14.456,0.186,292.846,358.4,0.8587,0.22128564883639648,1.54,0.2803865696765935,10,-0.8660254037844386,0.5000000000000001,-0.9464337868468972,0.3219803992795766,0.35135187892997066,-0.08019377358048381
2021-10-23,20845.8,5371.8,5.0,75.0,14.5,730.0,19.9,4416.0,2.9,132.9,4.9,58.04,4.220000000000001,124.16,10.72,2361.24,7.097999999999999,22.332,9.924000000000001,1.682,0.22800000000000004,14.378,0.18,294.868,358.4,0.8587,0.22128068657966854,1.54,0.28056057273514823,10,-0.8660254037844386,0.5000000000000001,-0.9407551842333961,0.3382129118522569,0.15636629649360598,-0.3246979603717467
2021-10-24,20259.0,5220.6,5.0,75.0,14.5,710.0,19.4,4376.8,2.9,129.3,4.9,57.4,4.24,124.08,10.74,2293.02,7.097999999999999,21.85,9.578,1.682,0.23200000000000004,14.1,0.16399999999999998,281.998,307.2,0.8587,0.22128126328306555,1.54,0.28069809904931275,10,-0.8660254037844386,0.5000000000000001,-0.9347981970255848,0.35434534178299726,-0.15636629649360595,-0.32469796037174675
2021-10-25,18740.2,4829.2,5.0,75.0,14.5,660.0,17.9,4354.6,2.9,125.5,5.1,56.98,4.16,124.91999999999999,10.74,2146.2599999999998,7.114,22.154,9.693999999999999,1.7260000000000002,0.246,14.046000000000001,0.162,261.146,256.0,0.8587,0.2212797054136837,1.54,0.28102469962116217,10,-0.8660254037844386,0.5000000000000001,-0.9285645879918171,0.37037291522623594,-0.35135187892997066,-0.08019377358048389
2021-10-26,17512.2,4512.8,5.0,75.0,14.5,620.0,16.7,4426.4,2.9,128.8,5.4,55.1,4.34,130.54000000000002,10.84,2093.7,7.145999999999999,22.676000000000002,10.102,1.762,0.242,14.368,0.166,249.09399999999997,256.0,0.8587,0.22128213103265898,1.54,0.2813886214154804,10,-0.8660254037844386,0.5000000000000001,-0.9220562017572949,0.38629088936513173,-0.2817623302598763,0.22469796037174664
2021-10-27,17294.0,4456.6,5.4799999999999995,75.0,15.892000000000001,610.0,16.5,4354.0,2.9,128.2,5.2,55.720000000000006,4.2,129.14000000000001,10.8,2042.64,7.138,22.514,10.26,1.7079999999999997,0.242,14.15,0.164,241.856,256.0,0.8587,0.2212836029930826,1.54,0.281307450565185,10,-0.8660254037844386,0.5000000000000001,-0.9152749642582145,0.40209455381504167,-4.4408920985006264e-17,0.3603875471609676
2021-10-28,17120.0,4411.8,5.92,75.0,17.168,605.0,16.32,4295.8,2.9,129.3,5.5,55.68000000000001,4.26,126.67999999999999,11.12,1976.3799999999999,7.122,22.57,10.362,1.698,0.25,14.094,0.154,238.606,256.0,0.8587,0.22128556048535106,1.54,0.2815429307431704,10,-0.8660254037844386,0.5000000000000001,-0.9082228821718523,0.41777923201739836,0.2817623302598763,0.22469796037174666
2021-10-29,17066.6,4398.0,6.38,75.0,18.502000000000002,600.0,16.28,4357.8,2.9,134.1,5.7,56.879999999999995,4.3,127.52000000000001,11.26,1981.8400000000001,7.140000000000001,22.886000000000003,10.691999999999998,1.6880000000000002,0.24200000000000005,14.206,0.156,239.706,307.2,0.8587,0.22128350415037862,1.54,0.28136751133961035,10,-0.8660254037844386,0.5000000000000001,-0.9009020423227542,0.43334028262357976,0.35135187892997066,-0.08019377358048381
2021-10-30,17107.4,4408.6,6.779999999999999,75.0,19.662,600.0,16.32,4305.0,2.9,134.3,6.1,58.88000000000001,4.299999999999999,129.84,11.5,2022.0,7.142,23.076,10.876000000000001,1.6740000000000002,0.24400000000000005,14.406,0.15,243.762,307.2,0.8587,0.2212878564993405,1.54,0.28133650155568957,10,-0.8660254037844386,0.5000000000000001,-0.8933146110652126,0.4487731008683579,0.15636629649360598,-0.3246979603717467
2021-10-31,16809.4,4331.8,7.220000000000001,75.0,20.938,585.0,16.04,4280.6,2.9,130.4,5.9,59.0,4.220000000000001,121.84,11.4,1858.44,7.12,22.312,10.982,1.6300000000000001,0.24800000000000005,13.912,0.154,231.498,307.2,0.8587,0.2212876740607173,1.54,0.28103470877825615,10,-0.8660254037844386,0.5000000000000001,-0.8854628336422069,0.4640731199325242,-0.15636629649360595,-0.32469796037174675
2021-11-01,16154.6,4248.2,7.359999999999999,75.0,19.886,565.0,15.3,4352.2,2.7199999999999998,132.5,5.7,60.0,4.38,123.35999999999999,11.3,1808.92,7.126,22.294,11.447999999999999,1.6480000000000001,0.25,14.014,0.156,223.88400000000001,307.2,0.8587,0.2261403136754619,1.54,0.28609524417209475,11,-0.792820323027551,0.5732050807568878,-0.877349033520999,0.4792358122942841,-0.35135187892997066,-0.08019377358048389
2021-11-02,15872.4,4263.2,7.159999999999999,75.0,18.19,555.0,15.0,4471.0,2.54,133.6,5.3,62.279999999999994,4.5,125.4,11.120000000000001,1816.2199999999998,7.12,22.488,11.995999999999999,1.672,0.254,14.169999999999998,0.16399999999999998,222.24,307.2,0.8587,0.23099178504202386,1.54,0.29080956792511936,11,-0.7196152422706634,0.6464101615137754,-0.8689756117055838,0.4942566910690232,-0.2817623302598763,0.22469796037174664
2021-11-03,15368.2,4211.8,6.859999999999999,75.0,16.276,535.0,14.419999999999998,4466.2,2.3600000000000003,128.9,5.1,62.279999999999994,4.54,125.47999999999999,11.219999999999999,1757.2599999999998,7.1240000000000006,22.772000000000002,12.065999999999999,1.704,0.25800000000000006,14.569999999999999,0.176,220.706,256.0,0.8587,0.23584716824840615,1.54,0.2952427228102149,11,-0.6464101615137758,0.719615242270663,-0.8603450460261918,0.5091313113370494,-4.4408920985006264e-17,0.3603875471609676
2021-11-04,14868.2,4165.6,6.659999999999999,75.0,14.616,520.0,13.879999999999999,4484.2,2.18,129.9,4.9,60.839999999999996,4.720000000000001,123.12,11.239999999999998,1662.1,7.132000000000001,23.381999999999998,11.69,1.7,0.25000000000000006,15.413999999999998,0.188,225.93,256.0,0.8587,0.24069361284107385,1.54,0.30024637584520064,11,-0.5732050807568883,0.7928203230275507,-0.8514598904060595,0.523855271458916,0.2817623302598763,0.22469796037174666
2021-11-05,15853.8,4533.4,6.359999999999999,75.0,12.72,555.0,14.780000000000001,4483.2,2.0,136.8,5.0,60.96,4.799999999999999,126.24000000000001,11.34,1827.4,7.144,23.888,11.55,1.736,0.24200000000000005,15.618,0.188,243.08800000000002,307.2,0.8587,0.24554513178519125,1.54,0.3049258608793589,11,-0.5000000000000004,0.8660254037844384,-0.842322774105684,0.538424214377937,0.35135187892997066,-0.08019377358048381
2021-11-06,17391.8,4973.2,5.9799999999999995,75.0,11.96,610.0,16.240000000000002,4453.6,2.0,139.4,5.4,59.220000000000006,4.88,121.34,11.48,1898.8,7.132,23.538000000000004,11.142000000000001,1.6919999999999997,0.24200000000000005,15.178,0.193,254.904,358.4,0.8587,0.245544291409057,1.54,0.3048656666102666,11,-0.5000000000000004,0.8660254037844384,-0.83293640094478,0.5528338289095106,0.15636629649360598,-0.3246979603717467
2021-11-07,17335.6,4957.2,5.9,75.0,11.8,605.0,16.200000000000003,4411.4,2.0,140.2,5.8,57.779999999999994,4.92,120.5,11.66,1877.22,7.108,23.166,9.952000000000002,1.666,0.23200000000000004,14.912,0.195,249.99200000000002,358.4,0.8587,0.24554826706276187,1.54,0.3045395203259266,11,-0.5000000000000004,0.8660254037844384,-0.8233035485021786,0.5670798510168689,-0.15636629649360595,-0.32469796037174675
2021-11-08,19218.8,5495.8,5.96,75.0,11.92,670.0,17.98,4432.0,2.0,138.1,5.9,53.2,4.86,114.78000000000002,11.42,1968.5199999999998,7.08,22.42,9.096,1.636,0.23400000000000004,14.378,0.183,267.338,358.4,0.8587,0.24555185195859847,1.54,0.3044897750920515,11,-0.5000000000000004,0.8660254037844384,-0.8134270672938948,0.581158065072874,-0.35135187892997066,-0.08019377358048389
2021-11-09,20420.6,5839.6,6.32,75.0,12.639999999999999,710.0,19.160000000000004,4459.2,2.0,138.6,6.1,53.64,4.88,117.4,11.42,2153.2599999999998,7.074000000000001,21.782000000000004,8.908000000000001,1.592,0.23800000000000004,13.7,0.191,274.9,358.4,0.8587,0.24555943437170963,1.54,0.3042408186305311,11,-0.5000000000000004,0.8660254037844384,-0.8033098799296157,0.5950643051074896,-0.2817623302598763,0.22469796037174664
2021-11-10,20015.2,5723.6,7.12,75.0,14.239999999999998,700.0,18.76,4389.4,2.0,133.1,6.3,54.339999999999996,4.9,115.96000000000001,11.379999999999999,2078.8,7.072,21.33,8.526,1.584,0.24400000000000005,13.6,0.195,267.23400000000004,307.2,0.8587,0.24555594225379931,1.54,0.3047571400522597,11,-0.5000000000000004,0.8660254037844384,-0.7929549802478524,0.6087944560405602,-4.4408920985006264e-17,0.3603875471609676
2021-11-11,19556.8,5592.4,9.1,75.0,18.2,685.0,18.4,4476.0,2.0,126.4,6.3,54.120000000000005,4.859999999999999,117.58000000000001,11.32,2069.2799999999997,7.081999999999999,21.29,8.578,1.612,0.24800000000000005,13.844,0.202,266.74,256.0,0.8587,0.24555118125674183,1.54,0.3051620855384865,11,-0.5000000000000004,0.8660254037844384,-0.7823654324300147,0.6223444548995272,0.2817623302598763,0.22469796037174666
2021-11-12,19759.4,5650.2,9.84,75.0,19.68,695.0,18.52,4492.8,2.0,127.0,6.0,53.419999999999995,4.6,120.28,10.98,2139.4199999999996,7.078,21.54,9.504,1.652,0.25200000000000006,14.097999999999999,0.2,273.61,256.0,0.8587,0.24554384704233762,1.54,0.30557499287556417,11,-0.5000000000000004,0.8660254037844384,-0.7715443700936714,0.63571029202173,0.35135187892997066,-0.08019377358048381
2021-11-13,18841.0,5387.4,11.84,75.0,23.68,670.0,17.619999999999997,4439.8,2.0,127.9,5.5,55.9,4.4799999999999995,122.4,10.86,2099.7,7.086,21.674,9.948,1.6440000000000001,0.26000000000000006,14.242,0.21000000000000002,264.12199999999996,256.0,0.8587,0.24553634207536268,1.54,0.3064982861393307,11,-0.5000000000000004,0.8660254037844384,-0.7604949953652623,0.6488880122409284,0.15636629649360598,-0.3246979603717467
2021-11-14,18263.2,5222.2,11.580000000000002,75.0,23.160000000000004,650.0,17.04,4475.6,2.0,127.4,5.1,55.44,4.36,121.3,10.68,2012.98,7.095999999999999,21.951999999999998,10.28,1.6800000000000002,0.274,14.142000000000001,0.20800000000000002,253.916,256.0,0.8587,0.2455377726183045,1.54,0.30651513566522404,11,-0.5000000000000004,0.8660254037844384,-0.7492205779325365,0.6618737160577004,-0.15636629649360595,-0.32469796037174675
2021-11-15,17994.0,5145.2,11.540000000000001,75.0,23.080000000000002,640.0,16.72,4532.4,2.0,129.2,4.9,53.58,4.36,117.8,10.559999999999999,1925.58,7.097999999999999,22.776,10.47,1.6759999999999997,0.28,14.966,0.20800000000000002,264.03599999999994,256.0,0.8587,0.24553642721329316,1.54,0.30649406851208794,11,-0.5000000000000004,0.8660254037844384,-0.7377244540770004,0.674663560793367,-0.35135187892997066,-0.08019377358048389
2021-11-16,16285.0,4656.6,11.74,75.0,23.48,580.0,15.120000000000001,4460.4,2.0,131.8,4.5,53.779999999999994,4.22,121.5,10.5,1792.3200000000002,7.1,23.346,10.677999999999999,1.6600000000000001,0.2780000000000001,15.096,0.2,242.798,256.0,0.8587,0.2455412856970572,1.54,0.3069728907619868,11,-0.5000000000000004,0.8660254037844384,-0.7260100256866578,0.6872537617271016,-0.2817623302598763,0.22469796037174664
2021-11-17,15973.8,4567.6,11.580000000000002,75.0,23.160000000000004,570.0,14.84,4391.2,2.0,131.4,4.5,54.14,4.26,121.3,10.540000000000001,1752.2400000000002,7.124,23.912,10.629999999999999,1.6460000000000001,0.2720000000000001,15.536000000000001,0.21200000000000002,244.53199999999998,256.0,0.8587,0.24554027202217785,1.54,0.3070879732648256,11,-0.5000000000000004,0.8660254037844384,-0.7140807592493366,0.6996405932158914,-4.4408920985006264e-17,0.3603875471609676
2021-11-18,16040.4,4586.8,10.559999999999999,75.0,21.119999999999997,570.0,14.98,4418.0,2.0,131.7,4.5,55.4,4.28,123.54,10.5,1802.3200000000002,7.13,24.136,10.98,1.64,0.254,15.569999999999999,0.20800000000000002,246.17,256.0,0.8587,0.2455473598122923,1.54,0.3067226246960723,11,-0.5000000000000004,0.8660254037844384,-0.7019401848268986,0.7118203897970139,0.2817623302598763,0.22469796037174666
2021-11-19,16315.6,4665.4,12.120000000000001,75.0,24.240000000000002,585.0,15.26,4393.8,2.0,128.7,5.1,52.160000000000004,4.4799999999999995,119.34,10.72,1749.9800000000002,7.101999999999999,23.902,11.158,1.612,0.24600000000000005,15.492,0.196,248.804,256.0,0.8587,0.24554290067252485,1.54,0.30740497676288964,11,-0.5000000000000004,0.8660254037844384,-0.6895918950106388,0.7237895472727066,0.35135187892997066,-0.08019377358048381
2021-11-20,16892.0,4830.4,13.14,75.0,26.28,605.0,15.819999999999999,4360.2,2.0,128.3,5.4,53.17999999999999,4.5,122.24000000000001,10.9,1859.4600000000003,7.103999999999999,23.324,11.158,1.638,0.24800000000000005,14.703999999999999,0.2,243.53400000000002,256.0,0.8587,0.24555126974215996,1.54,0.3074727936654862,11,-0.5000000000000004,0.8660254037844384,-0.6770395438581787,0.7355445237767071,0.15636629649360598,-0.3246979603717467
2021-11-21,18187.0,5200.6,10.68,75.0,21.36,650.0,17.04,4309.4,2.0,133.3,5.5,55.879999999999995,4.66,122.92,10.879999999999999,2031.6200000000001,7.117999999999999,23.348000000000003,10.716,1.6940000000000002,0.25000000000000006,14.782,0.198,263.238,307.2,0.8587,0.24554539311422752,1.54,0.30664051223179095,11,-0.5000000000000004,0.8660254037844384,-0.6642868458121718,0.7470818408223489,-0.15636629649360595,-0.32469796037174675
2021-11-22,18254.4,5220.0,9.870000000000001,75.0,19.740000000000002,650.0,17.119999999999997,4339.6,2.0,132.1,5.3,56.739999999999995,4.72,122.25999999999999,10.94,2028.6200000000001,7.112,22.857999999999997,10.646,1.716,0.25400000000000006,14.290000000000001,0.192,257.06,307.2,0.8587,0.2455527268904615,1.54,0.3060258827851482,11,-0.5000000000000004,0.8660254037844384,-0.6513375746011416,0.7583980843319,-0.35135187892997066,-0.08019377358048389
2021-11-23,17657.6,5049.2,8.569999999999999,75.0,17.139999999999997,630.0,16.52,4301.8,2.0,133.7,5.7,57.879999999999995,4.92,128.3,11.120000000000001,2056.18,7.103999999999999,23.278,10.674,1.7260000000000002,0.272,14.41,0.20600000000000002,250.456,307.2,0.8587,0.24554558880687813,1.54,0.30594850233434445,11,-0.5000000000000004,0.8660254037844384,-0.638195562122773,0.7694899056468456,-0.2817623302598763,0.22469796037174664
2021-11-24,16882.8,4827.6,7.2299999999999995,75.0,14.459999999999999,595.0,15.8,4260.0,2.0,135.3,5.6,59.86,4.88,130.92,11.34,2019.1399999999999,7.118,23.398,10.638,1.7440000000000002,0.2760000000000001,14.456,0.22000000000000003,240.22799999999998,307.2,0.8587,0.24554281572812328,1.54,0.30508549834380727,11,-0.5000000000000004,0.8660254037844384,-0.624864697309993,0.780354022518808,-4.4408920985006264e-17,0.3603875471609676
2021-11-25,15819.6,4523.4,7.43,75.0,14.86,560.0,14.8,4331.4,2.0,134.8,5.6,60.86,4.779999999999999,143.7,11.32,2084.84,7.12,23.698,10.815999999999999,1.746,0.2700000000000001,14.714000000000002,0.21200000000000002,229.26399999999998,307.2,0.8587,0.24553381088793302,1.54,0.3056125467281615,11,-0.5000000000000004,0.8660254037844384,-0.6113489249801725,0.7909872200808185,0.2817623302598763,0.22469796037174666
2021-11-26,15229.2,4354.6,9.0,75.0,18.0,540.0,14.219999999999999,4399.0,2.0,130.8,6.1,58.7,4.659999999999999,140.68,11.48,1961.0399999999997,7.117999999999999,23.502000000000002,11.152000000000001,1.7580000000000002,0.274,14.572,0.22599999999999998,218.30599999999998,256.0,0.8587,0.24553459430542873,1.54,0.30554082563342677,11,-0.5000000000000004,0.8660254037844384,-0.5976522446677921,0.8013863517986458,0.35135187892997066,-0.08019377358048381
2021-11-27,15175.8,4339.2,10.01,75.0,20.02,540.0,14.14,4453.0,2.0,133.4,6.4,59.46,4.7,144.2,11.580000000000002,2005.5399999999997,7.114,23.72,11.364,1.75,0.278,14.804000000000002,0.238,220.79000000000002,256.0,0.8587,0.24552708658117695,1.54,0.30613911825872,11,-0.5000000000000004,0.8660254037844384,-0.5837787094409143,0.8115483404019098,0.15636629649360598,-0.3246979603717467
2021-11-28,14589.4,4171.6,10.73,75.0,21.46,515.0,13.64,4505.8,2.0,133.3,6.1,58.42,4.5200000000000005,139.26,11.440000000000001,1859.9800000000002,7.128,23.344,11.304,1.7560000000000002,0.27999999999999997,14.85,0.21800000000000003,213.18200000000002,256.0,0.8587,0.2455315373807759,1.54,0.30548219990106823,11,-0.5000000000000004,0.8660254037844384,-0.5697324247018167,0.8214701787946913,-0.15636629649360595,-0.32469796037174675
2021-11-29,14362.8,4106.8,10.51,75.0,21.02,510.0,13.38,4491.8,2.0,136.0,5.4,61.44,4.3,144.34,10.919999999999998,1914.8600000000001,7.136,23.676,11.098,1.782,0.274,14.934000000000001,0.20600000000000002,211.368,256.0,0.8587,0.24553102873821203,1.54,0.3057733912081572,11,-0.5000000000000004,0.8660254037844384,-0.5555175469721365,0.8311489309453833,-0.35135187892997066,-0.08019377358048389
2021-11-30,14641.2,4186.4,9.209999999999999,75.0,18.419999999999998,515.0,13.680000000000001,4496.0,2.0,134.8,5.4,60.24000000000001,4.46,130.62,10.92,1747.7400000000002,7.153999999999999,23.412,11.116,1.7120000000000002,0.28200000000000003,14.534,0.21600000000000003,209.16000000000003,256.0,0.8587,0.2455309678041749,1.54,0.3049282830255825,11,-0.5000000000000004,0.8660254037844384,-0.5411382826628894,0.8405817327555078,-0.2817623302598763,0.22469796037174664
2021-12-01,14431.2,4213.0,9.846,75.0,20.642,510.0,13.5,4539.8,2.0599999999999996,134.5,5.4,60.120000000000005,4.52,128.78,11.02,1696.6,7.146000000000001,23.08,11.1,1.6620000000000001,0.28600000000000003,14.501999999999999,0.22200000000000003,205.73600000000002,256.0,0.8587,0.2507000280121805,1.54,0.3111571883451715,12,-0.4000000000000005,0.8928203230275507,-0.5265988868297246,0.8497657929072506,-4.4408920985006264e-17,0.3603875471609676
2021-12-02,15143.0,4526.8,11.662,75.0,25.4,535.0,14.24,4531.4,2.12,130.9,5.8,58.220000000000006,4.6,122.72,11.66,1666.1799999999998,7.139999999999999,22.566,11.038,1.6220000000000003,0.29400000000000004,14.166,0.21200000000000002,210.76400000000004,256.0,0.8587,0.25586558445690016,1.54,0.3166247131949015,12,-0.30000000000000043,0.919615242270663,-0.5119036619137853,0.8586983936894551,0.2817623302598763,0.22469796037174666
2021-12-03,16061.8,4896.2,11.782,75.0,26.162,570.0,15.040000000000001,4468.6,2.1799999999999997,129.5,5.6,59.46,4.64,123.7,11.74,1789.44,7.118,22.566,11.097999999999999,1.6179999999999999,0.302,14.168000000000001,0.21600000000000003,224.308,256.0,0.8587,0.2610339560712176,1.54,0.3224549566829082,12,-0.2000000000000004,0.9464101615137753,-0.4970569564685479,0.8673768918018381,0.35135187892997066,-0.08019377358048381
2021-12-04,16824.0,5222.2,12.302,75.0,27.748,600.0,15.860000000000003,4451.8,2.2399999999999998,129.4,5.9,59.120000000000005,4.7,121.94000000000001,11.8,1859.7400000000002,7.118,22.308,11.175999999999998,1.614,0.296,14.291999999999998,0.23399999999999999,237.24,256.0,0.8587,0.2662054308750674,1.54,0.3279862947838749,12,-0.10000000000000038,0.9732050807568877,-0.48206316387301384,0.8757987191371847,0.15636629649360598,-0.3246979603717467
2021-12-05,16703.8,5278.8,13.322,75.0,30.639999999999997,595.0,15.7,4372.8,2.3,130.1,5.3,61.3,4.6,126.55999999999999,11.68,1918.6799999999998,7.0760000000000005,22.732,10.901999999999997,1.668,0.28400000000000003,14.712,0.22800000000000004,242.098,256.0,0.8587,0.2713693228617907,1.54,0.3327038101449168,12,-2.4492935982947064e-16,1.0,-0.4669267210316395,0.883961383541292,-0.15636629649360595,-0.32469796037174675
2021-12-06,16880.0,5334.4,14.016,75.0,32.236000000000004,600.0,15.9,4311.2,2.3,128.5,4.7,61.54,4.58,127.22,11.459999999999999,1949.9,7.081999999999999,23.624000000000002,10.866,1.684,0.278,15.422,0.21800000000000003,255.47799999999998,256.0,0.8587,0.27136452922787296,1.54,0.33266697637552706,12,-2.4492935982947064e-16,1.0,-0.45165210706138303,0.8918624695504382,-0.35135187892997066,-0.08019377358048389
2021-12-07,16422.6,5190.0,13.13,75.0,30.199,580.0,15.440000000000001,4337.2,2.3,129.0,4.7,62.94,4.68,128.94,10.98,1941.14,7.103999999999999,24.406,11.084,1.7100000000000002,0.28800000000000003,15.876,0.45,252.714,256.0,0.8587,0.2713720536597924,1.54,0.33156436114460774,12,-2.4492935982947064e-16,1.0,-0.4362438419662637,0.8994996391061572,-0.2817623302598763,0.22469796037174664
2021-12-08,16397.6,5182.0,13.27,75.0,30.521000000000004,580.0,15.419999999999998,4457.8,2.3,130.9,5.2,62.82000000000001,4.72,129.37999999999997,11.04,1944.8,7.093999999999999,24.72,10.84,1.73,0.27,15.809999999999999,0.49799999999999994,250.34,256.0,0.8587,0.2713672322256082,1.54,0.331671636898687,12,-2.4492935982947064e-16,1.0,-0.42070648529981797,0.906870632247107,-4.4408920985006264e-17,0.3603875471609676
2021-12-09,16132.2,5098.0,13.27,75.0,30.520999999999997,570.0,15.12,4595.4,2.3,127.5,5.4,59.8,4.819999999999999,122.85999999999999,11.2,1800.3600000000001,7.0760000000000005,24.217999999999996,10.672,1.7,0.272,15.502,0.48,241.53999999999996,256.0,0.8587,0.2713608602736827,1.54,0.33165205304703466,12,-2.4492935982947064e-16,1.0,-0.40504463481585534,0.9139732677778294,0.2817623302598763,0.22469796037174666
2021-12-10,16048.0,5071.4,11.79,75.0,27.117,565.0,15.1,4648.8,2.3,125.8,5.6,56.64,4.720000000000001,116.81999999999998,11.24,1700.0,7.0840000000000005,24.116,10.694,1.6640000000000001,0.274,15.675999999999998,0.472,242.92800000000003,256.0,0.8587,0.2713612377875847,1.54,0.3317570183914066,12,-2.4492935982947064e-16,1.0,-0.3892629251079091,0.9208054439142005,0.35135187892997066,-0.08019377358048381
2021-12-11,15911.0,5028.2,10.63,75.0,24.449,560.0,14.88,4665.8,2.3,131.6,5.6,57.339999999999996,4.720000000000001,118.55999999999999,11.360000000000001,1709.2,7.078,24.198,10.578,1.672,0.264,15.648,0.476,240.11599999999999,307.2,0.8587,0.27136670526940365,1.54,0.3315062906414175,12,-2.4492935982947064e-16,1.0,-0.37336602623778525,0.9273651389053823,0.15636629649360598,-0.3246979603717467
2021-12-12,15933.8,5035.4,9.83,75.0,22.609,565.0,14.88,4616.6,2.3,132.5,4.9,56.239999999999995,4.4399999999999995,117.62,11.26,1698.08,7.045999999999999,24.003999999999998,10.14,1.658,0.246,15.691999999999998,0.236,245.046,307.2,0.8587,0.27136639129402135,1.54,0.3319269131948211,12,-2.4492935982947064e-16,1.0,-0.3573586423536158,0.9336504116320915,-0.15636629649360595,-0.32469796037174675
2021-12-13,15471.6,4889.4,9.39,75.0,21.597,550.0,14.48,4478.0,2.3,133.7,4.36,56.54,4.4,119.04,11.26,1662.8400000000001,7.047999999999999,23.992,10.622,1.6619999999999997,0.23600000000000004,15.946000000000002,0.196,242.97600000000003,307.2,0.8587,0.27137000565998753,1.54,0.3320388841861981,12,-2.4492935982947064e-16,1.0,-0.34124551029782624,0.9396594021810081,-0.35135187892997066,-0.08019377358048389
2021-12-14,15190.6,4800.6,8.61,75.0,19.803,540.0,14.16,4377.8,2.3,134.1,4.46,57.339999999999996,4.4799999999999995,120.84,11.46,1661.1599999999999,7.05,24.402,10.984,1.686,0.22600000000000003,16.216,0.2,243.21400000000003,307.2,0.8587,0.27136980659258836,1.54,0.3319029307361871,12,-2.4492935982947064e-16,1.0,-0.3250313982054276,0.9453903323951532,-0.2817623302598763,0.22469796037174664
2021-12-15,15496.2,4897.2,9.89,75.0,22.747,555.0,14.4,4316.8,2.3,139.9,4.26,60.7,4.4399999999999995,127.1,11.36,1794.8199999999997,7.042,24.412,11.478,1.72,0.21600000000000003,15.892000000000001,0.21400000000000002,242.68400000000003,358.4,0.8587,0.27137152012811255,1.54,0.3326085777700696,12,-2.4492935982947064e-16,1.0,-0.3087211040930474,0.9508415064000747,-4.4408920985006264e-17,0.3603875471609676
2021-12-16,15944.6,5038.8,8.690000000000001,75.0,19.987000000000002,570.0,14.86,4351.2,2.3,136.2,4.36,60.720000000000006,4.32,127.08,11.3,1846.3399999999997,7.022,23.936,11.8,1.702,0.22800000000000004,15.425999999999998,0.198,242.70999999999998,307.2,0.8587,0.27136582620573624,1.54,0.33215783466919707,12,-2.4492935982947064e-16,1.0,-0.29231945443912133,0.9560113111056836,0.2817623302598763,0.22469796037174666
2021-12-17,16045.6,5070.6,8.88,75.0,20.424,575.0,14.959999999999999,4391.0,2.3,134.6,4.46,59.58,4.26,124.83999999999999,11.080000000000002,1823.1,7.036,23.770000000000003,11.994,1.6960000000000002,0.22400000000000003,15.61,0.202,247.362,307.2,0.8587,0.2713596052018602,1.54,0.3327692355454569,12,-2.4492935982947064e-16,1.0,-0.2758313027556585,0.9608982166835933,0.35135187892997066,-0.08019377358048381
2021-12-18,16357.6,5169.2,8.34,75.0,19.182,585.0,15.219999999999999,4575.6,2.3,132.8,5.2,59.260000000000005,4.4799999999999995,124.28,12.379999999999999,1832.42,7.072,23.548,11.698,1.6759999999999997,0.25200000000000006,15.276,0.73,237.73000000000002,307.2,0.8587,0.2713593637728925,1.54,0.3325036414014064,12,-2.4492935982947064e-16,1.0,-0.2592615281520116,0.9655007770198205,0.15636629649360598,-0.3246979603717467
2021-12-19,16208.4,5122.2,8.3,75.0,19.089999999999996,575.0,15.12,4635.8,2.3,134.2,5.6,59.67999999999999,4.499999999999999,125.74000000000001,12.86,1831.6,7.095999999999999,23.97,11.44,1.7120000000000002,0.25400000000000006,15.707999999999998,1.2239999999999998,234.61399999999998,307.2,0.8587,0.2713681062046189,1.54,0.33200318341327034,12,-2.4492935982947064e-16,1.0,-0.24261503389106737,0.9698176301427137,-0.15636629649360595,-0.32469796037174675
2021-12-20,16622.4,5253.0,8.120000000000001,75.0,18.676,590.0,15.540000000000001,4651.6,2.3,131.7,6.2,57.980000000000004,4.659999999999999,125.3,13.059999999999999,1874.2400000000002,7.098000000000001,23.832,11.367999999999999,1.6780000000000002,0.27,15.84,1.26,242.38600000000002,256.0,0.8587,0.2713669132893354,1.54,0.33193464692231117,12,-2.4492935982947064e-16,1.0,-0.22589674593829426,0.9738474986259826,-0.35135187892997066,-0.08019377358048389
2021-12-21,16536.8,5226.0,7.4799999999999995,75.0,17.204,585.0,15.5,4587.0,2.3,129.6,6.5,56.260000000000005,4.76,121.5,13.1,1801.5199999999998,7.164,23.546,11.136,1.6640000000000001,0.274,15.636000000000001,1.276,237.51799999999997,256.0,0.8587,0.27136953312673706,1.54,0.3316185579771707,12,-2.4492935982947064e-16,1.0,-0.20911161150406882,0.9775891899667084,-0.2817623302598763,0.22469796037174664
2021-12-22,16776.0,5301.6,8.92,75.0,20.516,595.0,15.7,4545.6,2.3,130.3,6.8,58.580000000000005,4.859999999999999,126.71999999999998,13.26,1914.1200000000001,7.159999999999999,23.628,10.982000000000001,1.6620000000000001,0.28400000000000003,15.312000000000001,1.2879999999999998,235.64600000000002,256.0,0.8587,0.27137002707846813,1.54,0.3319964226589464,12,-2.4492935982947064e-16,1.0,-0.192264597579717,0.9810415969382251,-4.4408920985006264e-17,0.3603875471609676
2021-12-23,16758.4,5296.0,9.66,75.0,22.218,595.0,15.679999999999998,4374.0,2.3,130.2,6.0,59.5,4.56,129.78,11.84,1987.06,7.128,23.922,11.038,1.682,0.2700000000000001,15.646,0.76,249.892,256.0,0.8587,0.2713680949634783,1.54,0.3322121681683076,12,-2.4492935982947064e-16,1.0,-0.1753606894677016,0.9842036979177664,0.2817623302598763,0.22469796037174666
2021-12-24,16797.8,5308.4,10.28,75.0,23.644,600.0,15.76,4342.4,2.3,132.6,5.4,58.46,4.5200000000000005,127.59999999999998,11.14,1969.5,7.108,23.386,11.158,1.64,0.296,15.02,0.266,248.53000000000003,256.0,0.8587,0.27136502475057983,1.54,0.33276195293435884,12,-2.4492935982947064e-16,1.0,-0.15840488930639032,0.9870745571887788,0.35135187892997066,-0.08019377358048381
2021-12-25,16244.8,5133.8,9.52,75.0,21.895999999999997,580.0,15.219999999999999,4434.6,2.3,132.3,5.1,59.04,4.639999999999999,125.12,11.080000000000002,1861.06,7.117999999999999,23.244000000000003,10.882,1.656,0.28800000000000003,14.925999999999998,0.22000000000000003,239.484,256.0,0.8587,0.27137309652138264,1.54,0.3326417662746763,12,-2.4492935982947064e-16,1.0,-0.14140221458984384,0.9896533252178165,0.15636629649360598,-0.3246979603717467
2021-12-26,16068.0,5078.0,10.42,75.0,23.966,575.0,15.059999999999999,4501.6,2.3,131.7,5.3,58.760000000000005,4.76,126.92,11.139999999999999,1871.3799999999999,7.054,23.728,11.028,1.668,0.276,15.196000000000002,0.20400000000000001,241.51999999999998,256.0,0.8587,0.2713771034944744,1.54,0.3329875084845849,12,-2.4492935982947064e-16,1.0,-0.12435769668305718,0.9919392389059313,-0.15636629649360595,-0.32469796037174675
2021-12-27,15539.4,4911.0,8.440000000000001,75.0,19.412,555.0,14.6,4547.4,2.3,135.4,5.2,55.779999999999994,4.799999999999999,124.8,11.239999999999998,1775.08,7.045999999999999,23.898,11.556000000000001,1.6640000000000001,0.274,15.282,0.2,234.654,307.2,0.8587,0.2713796261125076,1.54,0.3325782715216815,12,-2.4492935982947064e-16,1.0,-0.10727637933309939,0.993931621814486,-0.35135187892997066,-0.08019377358048389
2021-12-28,15256.2,4821.4,8.794,75.0,20.226,535.0,14.4,3783.6,2.3,136.4,5.5,55.720000000000006,5.0,127.42,11.620000000000001,1768.8400000000001,7.042,24.036,11.764,1.6640000000000001,0.28200000000000003,15.282,0.192,230.33800000000002,307.2,0.8587,0.27137398296764154,1.54,0.3316513695329255,12,-2.4492935982947064e-16,1.0,-0.09016331717658563,0.9956298843653236,-0.2817623302598763,0.22469796037174664
2021-12-29,15461.4,4886.2,9.334,75.0,21.468,530.0,14.559999999999999,3707.8,2.3,135.1,5.5,57.61999999999999,4.88,132.02,11.58,1861.78,7.031999999999999,24.258000000000003,12.148,1.67,0.268,15.624,0.196,238.496,307.2,0.8587,0.2713712416710031,1.54,0.33046672693609347,12,-2.4492935982947064e-16,1.0,-0.07302357424393101,0.9970335240152333,-4.4408920985006264e-17,0.3603875471609676
2021-12-30,15391.8,4864.2,9.594000000000001,75.0,22.065999999999995,530.0,14.459999999999999,3709.4,2.3,134.5,5.5,57.61999999999999,4.74,131.86,11.719999999999999,1849.1599999999999,7.036,24.637999999999998,12.48,1.666,0.28600000000000003,15.91,0.198,241.782,307.2,0.8587,0.2713710510532617,1.54,0.3307952853274568,12,-2.4492935982947064e-16,1.0,-0.05586222246082127,0.9981421254046596,0.2817623302598763,0.22469796037174666
2021-12-31,15548.0,4913.6,9.474,75.0,21.79,530.0,14.52,3669.0,2.3,134.5,5.1,58.94,4.640000000000001,132.14,11.74,1869.5,7.039999999999999,24.466,12.735999999999999,1.666,0.29200000000000004,15.936000000000002,0.21400000000000002,244.292,307.2,0.8587,0.27137283978871024,1.54,0.33019345560043667,12,-2.4492935982947064e-16,1.0,-0.03868434014734864,0.9989553604806162,0.35135187892997066,-0.08019377358048381
2022-01-01,15708.6,5028.6,9.900666666666666,75.0,22.666,530.0,14.680000000000001,3603.0,2.2933333333333334,131.8,4.9,61.220000000000006,4.5200000000000005,133.2,11.46,1908.1800000000003,7.0920000000000005,23.94,12.734,1.6800000000000002,0.29800000000000004,15.506,0.20800000000000002,240.07399999999998,256.0,0.8587,0.2748165314017683,1.54,0.33265074720108995,1,0.0999999999999997,0.9732050807568878,-0.020634987421487054,0.9994600424444758,0.15636629649360598,-0.3246979603717467
2022-01-02,15492.4,5017.6,10.559999999999999,75.0,23.972,530.0,14.459999999999999,4363.8,2.28,128.3,5.0,60.239999999999995,4.4399999999999995,126.64000000000001,11.24,1784.3400000000001,7.122,23.576,12.324,1.674,0.2920000000000001,15.284,0.20800000000000002,233.512,256.0,0.8587,0.2782678409719395,1.54,0.3364406266205001,1,0.19999999999999973,0.9464101615137755,-0.002579623917690828,0.9996541724344145,-0.15636629649360595,-0.32469796037174675
2022-01-03,15639.2,5130.0,11.559999999999999,75.0,25.956,550.0,14.66,4393.8,2.2600000000000002,126.7,4.9,58.82000000000001,4.4,121.98000000000002,11.28,1724.9599999999998,7.132,23.979999999999997,12.006,1.65,0.284,15.675999999999998,0.20800000000000002,242.23999999999995,256.0,0.8587,0.2817191957700626,1.54,0.34157328438772044,1,0.29999999999999977,0.9196152422706632,0.015476407491496225,0.9995376930042447,-0.35135187892997066,-0.08019377358048389
2022-01-04,15978.2,5304.8,11.459999999999999,75.0,25.540000000000003,560.0,14.959999999999999,4278.8,2.2399999999999998,130.3,4.7,58.86,4.36,122.38000000000002,10.98,1775.58,7.124,24.154,12.116000000000001,1.674,0.2720000000000001,15.870000000000001,0.20600000000000002,251.038,307.2,0.8587,0.28515997751087047,1.54,0.34471101571763374,1,0.3999999999999998,0.8928203230275511,0.03352776373588686,0.9991106386221041,-0.2817623302598763,0.22469796037174664
2022-01-05,16090.6,5408.0,11.459999999999999,75.0,25.375999999999998,570.0,15.14,4176.6,2.22,132.1,4.5,57.9,4.44,120.42,10.9,1755.6200000000001,7.146000000000001,23.904,11.732000000000001,1.67,0.276,15.768,0.20400000000000001,251.046,307.2,0.8587,0.28860615884126795,1.54,0.34873344657674565,1,0.49999999999999994,0.8660254037844387,0.05156910312874981,0.9983731356602549,-4.4408920985006264e-17,0.3603875471609676
2022-01-06,16119.2,5417.6,11.153333333333332,75.0,24.592,575.0,15.2,4157.6,2.2066666666666666,135.4,4.9,58.580000000000005,4.619999999999999,129.6,11.18,1902.72,7.0760000000000005,24.034,11.354000000000001,1.686,0.272,15.906,0.209,253.77000000000004,307.2,0.8587,0.288605527413143,1.54,0.3495243190342466,1,0.49999999999999994,0.8660254037844387,0.06873506385373346,0.9973383485069732,0.2817623302598763,0.22469796037174666
2022-01-07,16399.4,5511.8,10.36,75.0,22.792,586.0,15.5,4175.6,2.2,138.6,4.5,58.279999999999994,4.5200000000000005,127.42,11.02,1905.52,7.0680000000000005,24.31,11.43,1.684,0.278,15.826000000000002,0.221,256.41999999999996,307.2,0.8587,0.28860701755643375,1.54,0.3500531323451999,1,0.49999999999999994,0.8660254037844387,0.08588068476748195,0.996008432890737,0.35135187892997066,-0.08019377358048381
2022-01-08,15967.8,5366.6,9.1,75.0,20.02,566.0,14.979999999999999,4139.6,2.2,118.4,4.6,59.67999999999999,4.6,132.12,11.06,1929.78,7.075999999999999,23.858,11.076,1.6940000000000002,0.28200000000000003,15.146,0.215,239.22600000000003,307.2,0.8587,0.28859899920459675,1.54,0.3493525924595587,1,0.49999999999999994,0.8660254037844387,0.1030008922049204,0.9943837823549737,0.15636629649360598,-0.3246979603717467
2022-01-09,15999.6,5377.4,9.07,75.0,19.953999999999997,566.0,15.080000000000002,4129.4,2.2,111.6,4.6,57.52,4.5600000000000005,127.3,11.059999999999999,1851.3799999999999,7.086,23.562,10.504,1.6460000000000001,0.278,14.768,0.221,233.22799999999998,256.0,0.8587,0.28860467908243226,1.54,0.34888392274887964,1,0.49999999999999994,0.8660254037844387,0.12009062002123039,0.9924648776599149,-0.15636629649360595,-0.32469796037174675
2022-01-10,14887.6,5003.6,9.190000000000001,75.0,20.218,526.0,14.0,4263.4,2.2,115.4,5.2,58.36,4.6,129.88,11.1,1774.4399999999998,7.045999999999999,23.496000000000002,10.802,1.6600000000000001,0.274,14.574000000000002,0.219,214.846,307.2,0.8587,0.28860209580777213,1.54,0.3490138692256017,1,0.49999999999999994,0.8660254037844387,0.13714481109100382,0.990252286640332,-0.35135187892997066,-0.08019377358048389
2022-01-11,14672.0,4931.2,9.09,75.0,19.998,521.0,13.819999999999999,4255.8,2.2,95.2,5.0,61.040000000000006,4.380000000000001,139.68,10.9,1891.14,7.0699999999999985,24.072,10.564,1.6780000000000002,0.266,14.714000000000002,0.22599999999999998,213.53400000000002,307.2,0.8587,0.28860539932833046,1.54,0.34931140450834264,1,0.49999999999999994,0.8660254037844387,0.15415841880472758,0.9877466640375049,-0.2817623302598763,0.22469796037174664
2022-01-12,14809.4,4977.4,9.290000000000001,75.0,20.438,525.0,13.88,4261.0,2.2,95.1,5.0,62.739999999999995,4.4,147.74,10.780000000000001,2040.36,7.078,23.996000000000002,10.406,1.656,0.25800000000000006,14.866,0.21200000000000002,218.19,307.2,0.8587,0.2886064416075031,1.54,0.34924431698734865,1,0.49999999999999994,0.8660254037844387,0.17112640856215652,0.9849487513054734,-4.4408920985006264e-17,0.3603875471609676
2022-01-13,15203.2,5109.8,9.31,75.0,20.482,540.0,14.34,4306.4,2.2,96.0,4.7,62.879999999999995,4.359999999999999,145.48,10.639999999999999,2053.6400000000003,7.087999999999999,24.61,10.478,1.6620000000000001,0.25400000000000006,15.428000000000003,0.20600000000000002,233.0,307.2,0.8587,0.2886094406684243,1.54,0.34932529378717525,1,0.49999999999999994,0.8660254037844387,0.18804375926213282,0.981859376391629,0.2817623302598763,0.22469796037174666
2022-01-14,14627.2,4916.2,9.440000000000001,75.0,20.768,520.0,13.819999999999999,4386.0,2.2,99.4,4.8,65.5,4.54,150.94,10.86,2073.7799999999997,7.103999999999999,24.276,10.296000000000001,1.682,0.26,15.2,0.20600000000000002,220.98600000000002,307.2,0.8587,0.2886094122160925,1.54,0.3498277863048013,1,0.49999999999999994,0.8660254037844387,0.20490546478841024,0.9784794534917118,0.35135187892997066,-0.08019377358048381
2022-01-15,15607.4,5245.6,9.2,75.0,20.24,555.0,14.760000000000002,4379.2,2.2,95.4,4.5,66.24,4.319999999999999,152.42000000000002,10.8,2204.3,7.15,24.41,9.598,1.652,0.264,15.262,0.196,235.502,256.0,0.8587,0.28860673232144735,1.54,0.3496484667874985,1,0.49999999999999994,0.8660254037844387,0.2217065354910448,0.9748099827792858,0.15636629649360598,-0.3246979603717467
2022-01-16,15394.8,5174.2,9.2,75.0,20.240000000000002,545.0,14.48,4402.0,2.2,93.0,4.4,64.1,4.42,136.44,10.86,1935.08,7.176,23.997999999999998,9.35,1.6320000000000001,0.268,15.112,0.18,230.382,256.0,0.8587,0.28861003279860376,1.54,0.34899294502258604,1,0.49999999999999994,0.8660254037844387,0.23844199966291243,0.9708520501097709,-0.15636629649360595,-0.32469796037174675
2022-01-17,15070.8,5065.2,9.1,75.0,20.02,535.0,14.2,4405.4,2.2,91.6,4.4,63.7,4.54,132.8,10.919999999999998,1830.8,7.164,23.75,9.081999999999999,1.638,0.264,14.992,0.178,223.794,256.0,0.8587,0.2886041097316846,1.54,0.34916678947081564,1,0.49999999999999994,0.8660254037844387,0.25510690501091693,0.9666068266991209,-0.35135187892997066,-0.08019377358048389
2022-01-18,14835.6,4986.2,8.68,75.0,19.095999999999997,525.0,14.02,4420.2,2.2,110.2,4.7,62.580000000000005,4.46,130.04000000000002,11.14,1759.92,7.136,22.762,8.956,1.6,0.27,14.309999999999999,0.194,209.27800000000002,256.0,0.8587,0.288606797696563,1.54,0.3489309739186047,1,0.49999999999999994,0.8660254037844387,0.27169632012145317,0.9620755687772423,-0.2817623302598763,0.22469796037174664
2022-01-19,15325.4,5150.8,8.78,75.0,19.316,545.0,14.5,4409.8,2.2,108.7,5.1,62.54,4.38,130.04000000000002,11.16,1818.42,7.075999999999999,23.532,9.142,1.6300000000000001,0.26400000000000007,15.068000000000001,0.186,228.916,256.0,0.8587,0.28860541552915403,1.54,0.34914672003603936,1,0.49999999999999994,0.8660254037844387,0.2882053359196921,0.9572596172162549,-4.4408920985006264e-17,0.3603875471609676
2022-01-20,14780.4,4967.6,9.22,75.0,20.284,525.0,14.020000000000001,4380.4,2.2,109.5,5.4,61.839999999999996,4.42,128.92000000000002,11.36,1737.7400000000002,7.05,23.514,9.514,1.656,0.266,15.187999999999999,0.192,222.834,256.0,0.8587,0.28860343875604694,1.54,0.3492440387342845,1,0.49999999999999994,0.8660254037844387,0.30462906712225435,0.952160397133707,0.2817623302598763,0.22469796037174666
2022-01-21,15395.0,5174.0,9.52,75.0,20.944,545.0,14.64,4363.8,2.2,132.3,5.3,59.6,4.44,123.12,11.44,1716.02,7.002,23.684,9.995999999999999,1.636,0.262,15.404,0.19,235.516,307.2,0.8587,0.28859459404834675,1.54,0.349462371790153,1,0.49999999999999994,0.8660254037844387,0.3209626536828448,0.9467794174708593,0.35135187892997066,-0.08019377358048381
2022-01-22,16275.8,5470.0,9.540000000000001,75.0,20.988,575.0,15.5,4351.2,2.2,137.0,5.5,55.120000000000005,4.3,114.3,11.500000000000002,1665.2,7.0120000000000005,23.136,10.59,1.6039999999999999,0.26800000000000007,15.152000000000001,0.19,243.35999999999999,358.4,0.8587,0.2885940577606953,1.54,0.3492457256548286,1,0.49999999999999994,0.8660254037844387,0.33720126223041785,0.9411182705461659,0.15636629649360598,-0.3246979603717467
2022-01-23,17134.0,5758.4,9.9,75.0,21.78,605.0,16.3,4342.0,2.2,141.3,5.5,52.15999999999999,4.2,112.32000000000001,11.26,1713.58,6.9879999999999995,22.72,11.03,1.5879999999999999,0.278,14.931999999999999,0.184,250.83800000000002,409.6,0.8587,0.2885922216295721,1.54,0.3492366219145481,1,0.49999999999999994,0.8660254037844387,0.35334008749945034,0.935178631584081,-0.15636629649360595,-0.32469796037174675
2022-01-24,17613.8,5919.6,8.84,75.0,19.448,620.0,16.740000000000002,4281.2,2.2,140.8,5.8,51.12,4.42,109.66000000000001,11.4,1717.92,6.99,22.04,10.908,1.508,0.278,14.456,0.188,250.31799999999998,409.6,0.8587,0.2885894314429511,1.54,0.34879233697169876,1,0.49999999999999994,0.8660254037844387,0.3693743537518963,0.9289622582193328,-0.35135187892997066,-0.08019377358048389
2022-01-25,18743.0,6299.2,7.880000000000001,75.0,17.336000000000002,660.0,17.759999999999998,4289.0,2.2,143.6,5.7,50.260000000000005,4.54,106.02000000000001,11.180000000000001,1775.3799999999999,7.01,21.584,10.654,1.4620000000000002,0.268,14.138,0.192,260.59,460.8,0.8587,0.28859393636735786,1.54,0.34849411127519775,1,0.49999999999999994,0.8660254037844387,0.3852993161904052,0.922470989976812,-0.2817623302598763,0.22469796037174664
2022-01-26,19161.0,6439.8,6.840000000000001,75.0,15.048000000000002,675.0,18.14,4360.0,2.2,142.0,6.3,49.480000000000004,4.640000000000001,107.2,11.18,1839.3200000000002,6.9799999999999995,20.494,10.636000000000001,1.4280000000000002,0.27,13.541999999999998,0.194,255.66199999999998,460.8,0.8587,0.2885995577428856,1.54,0.3482987441804476,1,0.49999999999999994,0.8660254037844387,0.40111026236238345,0.915706747727226,-4.4408920985006264e-17,0.3603875471609676
2022-01-27,19148.6,6435.8,5.86,75.0,12.892000000000001,675.0,18.1,4373.0,2.2,141.3,6.7,49.14,4.6,107.4,11.459999999999999,1836.6599999999999,6.956,20.564,10.124,1.422,0.258,13.6,0.21399999999999997,256.226,460.8,0.8587,0.2886070884351966,1.54,0.3481682581280347,1,0.49999999999999994,0.8660254037844387,0.416802513554485,0.9086715331186823,0.2817623302598763,0.22469796037174666
2022-01-28,19187.8,6449.0,5.0,75.0,11.0,675.0,18.0,4357.2,2.2,142.6,6.4,52.339999999999996,4.76,112.14000000000001,11.4,1933.8800000000003,6.946000000000001,21.144,9.734,1.466,0.23600000000000004,13.940000000000001,0.21600000000000003,263.322,460.8,0.8587,0.288608199229674,1.54,0.3478931292431806,1,0.49999999999999994,0.8660254037844387,0.4323714261771182,0.9013674279843699,0.35135187892997066,-0.08019377358048381
2022-01-29,19185.2,6448.2,5.0,75.0,11.0,675.0,18.0,4426.0,2.2,147.1,5.8,50.760000000000005,4.66,111.42,11.2,1923.72,6.9719999999999995,20.56,9.754000000000001,1.484,0.22600000000000003,13.572,0.22400000000000003,256.13800000000003,512.0,0.8587,0.2886115356485785,1.54,0.34790465214944694,1,0.49999999999999994,0.8660254037844387,0.4478123931385583,0.8937965937265092,0.15636629649360598,-0.3246979603717467
2022-01-30,19202.2,6453.8,5.0,75.0,11.05,675.0,18.0,4447.6,2.21,143.3,6.1,52.96,4.720000000000001,117.17999999999999,11.34,2033.2400000000002,6.95,21.338,10.022,1.548,0.22400000000000003,14.064000000000002,0.21600000000000003,265.962,460.8,0.8587,0.2886064497049149,1.54,0.3476705678831505,1,0.49999999999999994,0.8660254037844387,0.4631208452082601,0.8859612706767607,-0.15636629649360595,-0.32469796037174675
2022-01-31,19565.2,6575.8,5.0,75.0,11.15,680.0,18.4,4365.0,2.2300000000000004,141.8,5.5,57.14,4.54,122.42,11.16,2185.06,7.0040000000000004,22.352,9.902,1.594,0.22600000000000003,14.648000000000001,0.21000000000000002,282.95200000000006,409.6,0.8587,0.28860633461053314,1.54,0.34689856999343005,1,0.49999999999999994,0.8660254037844387,0.47829225236896666,0.8778637774332724,-0.35135187892997066,-0.08019377358048389
2022-02-01,19368.0,6423.0,5.0,75.0,11.3,670.0,19.3,4325.4,2.2600000000000002,141.5,4.9,58.31999999999999,4.6,124.74000000000001,10.86,2214.62,7.029999999999999,22.462,9.994,1.61,0.23200000000000004,14.690000000000001,0.194,281.376,409.6,0.8587,0.2844983142672463,1.54,0.3424324340352358,2,0.5732050807568877,0.792820323027551,0.49332212515721496,0.8695065101745717,-0.2817623302598763,0.22469796037174664
2022-02-02,18550.8,6074.4,5.0,75.0,11.5,645.0,19.5,4337.2,2.3,139.5,5.2,56.31999999999999,4.64,121.46,11.059999999999999,2070.2,7.093999999999999,21.928,9.97,1.588,0.23400000000000004,14.366,0.182,264.98,409.6,0.8587,0.2803910522974887,1.54,0.3385819633789403,2,0.6464101615137754,0.7196152422706632,0.5082060159918395,0.8608919419504957,-4.4408920985006264e-17,0.3603875471609676
2022-02-03,17960.8,5799.2,5.0,75.0,11.75,620.0,19.9,4273.0,2.35,136.2,5.1,58.879999999999995,4.459999999999999,124.04,11.0,2051.56,7.138,22.232,9.879999999999999,1.6280000000000001,0.23400000000000004,14.524000000000001,0.174,259.584,358.4,0.8587,0.27627689515041537,1.54,0.3339713891143068,2,0.719615242270663,0.6464101615137755,0.5229395204900834,0.852022621950377,0.2817623302598763,0.22469796037174666
2022-02-04,17712.2,5629.8,5.0,75.0,12.0,610.0,20.8,4310.6,2.4,135.6,4.5,59.7,4.46,125.24000000000001,10.959999999999999,2044.0400000000002,7.1659999999999995,21.98,9.88,1.616,0.21800000000000005,14.315999999999999,0.186,251.794,358.4,0.8587,0.2721737666173859,1.54,0.3300630949017144,2,0.7928203230275508,0.5732050807568878,0.5375182787709264,0.8429011747486974,0.35135187892997066,-0.08019377358048381
2022-02-05,17085.8,5333.8,5.0,75.0,12.2,595.0,21.3,4311.4,2.44,132.7,4.4,58.36,4.54,122.5,11.1,1910.02,7.1579999999999995,21.471999999999998,10.182,1.6039999999999999,0.21200000000000005,13.984,0.198,235.86399999999998,358.4,0.8587,0.2680662537490498,1.54,0.32679621652760593,2,0.8660254037844386,0.5000000000000001,0.5519379767452437,0.8335302995284337,0.15636629649360598,-0.3246979603717467
2022-02-06,17071.8,5329.4,5.08,75.0,12.55,595.0,21.2,4310.0,2.4699999999999998,130.1,4.7,59.6,4.58,125.75999999999999,11.14,1966.58,7.168000000000001,21.651999999999997,10.61,1.6199999999999999,0.21400000000000005,14.175999999999998,0.202,239.06,307.2,0.8587,0.26806485685150855,1.54,0.3268314516229873,2,0.8660254037844386,0.5000000000000001,0.5661943473924136,0.8239127692823265,-0.15636629649360595,-0.32469796037174675
2022-02-07,17878.0,5581.0,5.24,75.0,13.05,620.0,22.2,4239.4,2.4899999999999998,131.0,4.7,60.8,4.5,128.24,11.02,2092.6400000000003,7.104000000000001,22.662,11.048,1.6280000000000001,0.22200000000000003,14.834,0.21800000000000003,261.73199999999997,307.2,0.8587,0.268061331944184,1.54,0.3267516462045865,2,0.8660254037844386,0.5000000000000001,0.5802831720229993,0.814051429992307,-0.35135187892997066,-0.08019377358048389
2022-02-08,18444.6,5758.0,5.4399999999999995,75.0,13.6,645.0,22.9,4259.4,2.5,132.6,5.1,61.44,4.640000000000001,129.58,11.219999999999999,2180.2400000000002,7.008,22.878,11.74,1.6280000000000001,0.23000000000000004,14.87,0.21800000000000003,270.622,307.2,0.8587,0.26806751991229655,1.54,0.3274810609686946,2,0.8660254037844386,0.5000000000000001,0.5942002815271247,0.8039491997873244,-0.2817623302598763,0.22469796037174664
2022-02-09,18598.8,5806.2,5.64,75.0,14.1,650.0,23.0,4210.2,2.5,135.3,5.3,60.839999999999996,4.64,130.18,11.280000000000001,2209.8,6.928,23.052,11.552,1.624,0.24800000000000005,14.764000000000001,0.21200000000000002,270.95799999999997,307.2,0.8587,0.26807032965523064,1.54,0.3274772238795965,2,0.8660254037844386,0.5000000000000001,0.6079415576081828,0.7936090680798259,-4.4408920985006264e-17,0.3603875471609676
2022-02-10,18827.2,5877.4,5.84,75.0,14.6,660.0,23.2,4240.6,2.5,138.1,5.2,61.31999999999999,4.58,130.94,11.12,2254.0999999999995,6.884,23.554,11.522,1.6440000000000001,0.24400000000000005,15.248,0.20600000000000002,283.446,307.2,0.8587,0.26806574480757767,1.54,0.32766464901054976,2,0.8660254037844386,0.5000000000000001,0.6215029340015058,0.7830340946811406,0.2817623302598763,0.22469796037174666
2022-02-11,19028.0,5940.0,5.959999999999999,75.0,14.9,670.0,23.5,4254.4,2.5,137.9,4.8,62.1,4.4399999999999995,129.1,11.08,2243.88,6.82,23.918,11.106,1.652,0.24000000000000005,15.176000000000002,0.2,285.11,307.2,0.8587,0.26806183460019295,1.54,0.3281663688495287,2,0.8660254037844386,0.5000000000000001,0.6348803976776368,0.7722274088960318,0.35135187892997066,-0.08019377358048381
2022-02-12,18952.0,5916.4,7.12,75.0,17.8,670.0,23.4,4328.4,2.5,133.3,4.7,63.31999999999999,4.52,129.57999999999998,11.040000000000001,2245.72,6.872,23.451999999999998,10.629999999999999,1.672,0.23800000000000004,14.908000000000001,0.188,279.01599999999996,256.0,0.8587,0.2680674139591418,1.54,0.32863283187757053,2,0.8660254037844386,0.5000000000000001,0.6480699900298518,0.7611922085966863,0.15636629649360598,-0.3246979603717467
2022-02-13,18979.8,5925.0,7.609999999999999,75.0,19.025,665.0,23.5,4374.0,2.5,132.1,4.1,62.760000000000005,4.32,128.24,10.679999999999998,2230.48,6.9719999999999995,23.754,9.876,1.684,0.23400000000000004,15.05,0.19,282.088,256.0,0.8587,0.2680638585984283,1.54,0.32787931432249834,2,0.8660254037844386,0.5000000000000001,0.6610678080455732,0.7499317592764122,-0.15636629649360595,-0.32469796037174675
2022-02-14,19027.0,5939.6,7.470000000000001,75.0,18.675,670.0,23.66,4407.4,2.5,127.8,3.9,60.67999999999999,4.34,121.85999999999999,10.54,2118.16,7.016,23.754,9.803999999999998,1.6780000000000002,0.23400000000000004,15.246,0.192,286.42199999999997,256.0,0.8587,0.2680577113431772,1.54,0.3281368678775071,2,0.8660254037844386,0.5000000000000001,0.6738700054613357,0.7384493930833262,-0.35135187892997066,-0.08019377358048389
2022-02-15,19037.4,5943.0,8.41,75.0,21.025,670.0,23.72,4441.6,2.5,130.0,4.5,61.6,4.42,125.85999999999999,10.620000000000001,2194.16,7.087999999999999,23.798,9.142,1.674,0.24000000000000005,15.201999999999998,0.20600000000000002,285.488,256.0,0.8587,0.2680646317754155,1.54,0.32830530574467126,2,0.8660254037844386,0.5000000000000001,0.6864727939009563,0.7267485078343185,-0.2817623302598763,0.22469796037174664
2022-02-16,19062.6,5951.0,9.57,75.0,23.925,670.0,23.72,4495.0,2.5,134.3,5.0,60.0,4.52,124.97999999999999,10.62,2180.1,7.1,23.868,9.116,1.672,0.24800000000000005,15.558000000000002,0.22000000000000003,292.394,307.2,0.8587,0.2680706209053081,1.54,0.32846484981572577,2,0.8660254037844386,0.5000000000000001,0.6988724439965763,0.7148325660095837,-4.4408920985006264e-17,0.3603875471609676
2022-02-17,19243.4,6007.4,8.75,75.0,21.875,675.0,23.98,4534.2,2.5,139.4,5.3,58.17999999999999,4.540000000000001,122.6,10.78,2148.9799999999996,7.096000000000001,23.933999999999997,9.25,1.656,0.25000000000000006,15.578,0.24,295.02,358.4,0.8587,0.26806871521532455,1.54,0.3281747133964103,2,0.8660254037844386,0.5000000000000001,0.7110652864922413,0.7027050937280164,0.2817623302598763,0.22469796037174666
2022-02-18,19457.6,6074.4,8.26,75.0,20.65,685.0,24.18,4555.0,2.5,142.2,5.8,54.7,4.7,117.64000000000001,11.1,2068.04,7.053999999999999,23.496000000000002,9.790000000000001,1.596,0.26200000000000007,15.290000000000001,0.252,292.284,409.6,0.8587,0.2680744541252299,1.54,0.3286212603974983,2,0.8660254037844386,0.5000000000000001,0.723047713329693,0.690369679703777,0.35135187892997066,-0.08019377358048381
2022-02-19,19669.8,6140.6,8.4,75.0,21.0,690.0,24.42,4507.8,2.5,145.4,5.9,56.660000000000004,4.58,121.48000000000002,11.040000000000001,2166.8599999999997,7.062,23.656,10.114,1.5879999999999999,0.25400000000000006,15.219999999999999,0.24000000000000005,294.266,409.6,0.8587,0.2680726881326032,1.54,0.3284269380639326,2,0.8660254037844386,0.5000000000000001,0.7348161787160511,0.6778299741843332,0.15636629649360598,-0.3246979603717467
2022-02-20,19535.6,6098.6,7.459999999999999,75.0,18.65,685.0,24.26,4521.8,2.5,144.2,5.7,54.71999999999999,4.5600000000000005,118.12,11.120000000000001,2084.58,7.068,23.663999999999998,10.379999999999999,1.598,0.24800000000000005,15.016,0.22200000000000003,288.69,409.6,0.8587,0.2680678387218269,1.54,0.32821985913468643,2,0.8660254037844386,0.5000000000000001,0.7463672001730717,0.6650896878702927,-0.15636629649360595,-0.32469796037174675
2022-02-21,19719.2,6155.8,6.3,75.0,15.75,690.0,24.560000000000002,4542.0,2.5,139.5,6.0,55.94,4.680000000000001,119.66000000000001,11.34,2130.56,7.095999999999999,23.381999999999998,10.4,1.58,0.25000000000000006,14.726000000000003,0.22200000000000003,285.794,358.4,0.8587,0.26806273444553097,1.54,0.327857063961316,2,0.8660254037844386,0.5000000000000001,0.7576973595676675,0.6521525908173472,-0.35135187892997066,-0.08019377358048389
2022-02-22,19694.2,6148.0,6.0,75.0,15.0,690.0,24.6,4503.8,2.5,135.9,5.6,57.4,4.6,121.32000000000001,11.24,2163.16,7.132000000000001,23.496,9.925999999999998,1.6199999999999999,0.24600000000000005,14.792000000000002,0.21000000000000002,286.982,307.2,0.8587,0.2680629303211889,1.54,0.3278775748059973,2,0.8660254037844386,0.5000000000000001,0.7688033041233889,0.6390225113206526,-0.2817623302598763,0.22469796037174664
2022-02-23,19741.6,6162.8,6.0,75.0,15.0,690.0,24.7,4387.2,2.5,133.7,5.5,61.61999999999999,4.5600000000000005,129.9,11.219999999999999,2342.3,7.1579999999999995,23.524,9.102,1.698,0.22200000000000003,14.864,0.20800000000000002,289.144,256.0,0.8587,0.26806300641824754,1.54,0.32774641146158906,2,0.8660254037844386,0.5000000000000001,0.7796817474125642,0.6257033347819745,-4.4408920985006264e-17,0.3603875471609676
2022-02-24,19813.0,6185.2,6.0,75.0,15.0,690.0,24.8,4381.2,2.5,130.5,5.2,60.919999999999995,4.5,129.04000000000002,11.219999999999999,2333.12,7.198,23.076,8.86,1.714,0.20800000000000002,14.76,0.312,285.938,256.0,0.8587,0.2680677321152257,1.54,0.32754972132027793,2,0.8660254037844386,0.5000000000000001,0.7903294703288073,0.6121990025599359,0.2817623302598763,0.22469796037174666
2022-02-25,20308.8,6340.0,6.0,75.0,15.0,705.0,25.4,4326.4,2.5,128.2,5.2,59.9,4.5200000000000005,124.44000000000001,11.22,2298.8,7.18,22.754,8.941999999999998,1.672,0.20200000000000004,14.55,0.33,288.68,256.0,0.8587,0.26806893799062304,1.54,0.3273237836351896,2,0.8660254037844386,0.5000000000000001,0.8007433220396015,0.5985135108037047,0.35135187892997066,-0.08019377358048381
2022-02-26,20145.4,6289.0,6.0,75.0,15.0,700.0,25.2,4283.0,2.5,128.3,5.1,60.660000000000004,4.5,124.55999999999999,11.1,2284.98,7.197999999999999,23.034,8.728,1.704,0.17800000000000002,14.419999999999998,0.328,283.852,256.0,0.8587,0.26806929647492755,1.54,0.32739320763492763,2,0.8660254037844386,0.5000000000000001,0.810920220918683,0.5846509092704706,0.15636629649360598,-0.3246979603717467
2022-02-27,19944.6,6226.2,6.0,75.0,15.0,695.0,24.9,4305.2,2.5,126.5,5.2,62.239999999999995,4.46,127.44000000000001,11.08,2318.62,7.140000000000001,22.958,9.096,1.69,0.15800000000000003,14.084,0.33399999999999996,274.398,256.0,0.8587,0.2680641251226116,1.54,0.3275739362562183,2,0.8660254037844386,0.5000000000000001,0.8208571554579427,0.5706153001270544,-0.15636629649360595,-0.32469796037174675
2022-02-28,18678.4,5830.8,6.006,75.0,15.016,655.0,23.279999999999998,4385.8,2.5,125.2,4.8,57.84000000000001,4.279999999999999,118.64000000000001,10.819999999999999,2029.4,7.136,22.833999999999996,9.398,1.6300000000000001,0.16200000000000003,13.85,0.31999999999999995,253.288,256.0,0.8587,0.2680583604208465,1.54,0.328085625426413,2,0.8660254037844386,0.5000000000000001,0.8305511851585807,0.5564108367360132,-0.35135187892997066,-0.08019377358048389
2022-03-01,18242.4,5578.8,6.046,75.0,14.495999999999999,645.0,22.700000000000003,4338.6,2.4,126.6,5.2,56.06,4.4,115.84,10.959999999999999,1926.72,7.066,22.792,9.175999999999998,1.61,0.17,13.894,0.248,249.52399999999997,256.0,0.8587,0.2625941684732026,1.54,0.32304351227833455,3,0.8928203230275509,0.4000000000000001,0.8399994414012466,0.5420417224265924,-0.2817623302598763,0.22469796037174664
2022-03-02,17765.0,5312.2,6.106,75.0,14.016,630.0,22.08,4343.2,2.3,127.3,5.0,56.2,4.3,117.44000000000001,10.76,1911.58,7.045999999999999,22.936,9.309999999999999,1.634,0.16600000000000004,13.962,0.248,244.102,256.0,0.8587,0.2571320055457235,1.54,0.31770675923747316,3,0.9196152422706632,0.3000000000000001,0.8491991282949105,0.5275122092508928,-4.4408920985006264e-17,0.3603875471609676
2022-03-03,17409.6,5090.2,6.186,75.0,13.575999999999999,620.0,21.62,4365.8,2.2,127.2,4.9,54.2,4.26,115.28000000000002,10.8,1832.64,7.01,22.55,9.576,1.6280000000000001,0.17200000000000001,14.030000000000001,0.244,240.446,256.0,0.8587,0.2516730142460006,1.54,0.312460516982484,3,0.9464101615137753,0.2000000000000001,0.8581475235042115,0.5128265967256206,0.2817623302598763,0.22469796037174666
2022-03-04,17063.0,4873.0,6.226000000000001,75.0,13.056000000000001,605.0,21.139999999999997,4288.0,2.1,130.3,5.0,53.98,4.4,141.68,10.9,2242.2599999999998,7.0,23.360000000000003,9.344,1.672,0.18000000000000002,15.186000000000002,0.242,255.73000000000002,256.0,0.8587,0.2462156261575879,1.54,0.3067302349061575,3,0.9732050807568877,0.10000000000000006,0.8668419790550417,0.49798923055979055,0.35135187892997066,-0.08019377358048381
2022-03-05,17835.6,5000.6,7.0200000000000005,75.0,14.040000000000001,630.0,22.060000000000002,4223.2,2.0,135.8,5.2,57.82000000000001,4.5,147.85999999999999,11.0,2421.4,7.0200000000000005,23.856,9.152,1.686,0.18400000000000002,15.666,0.25,274.312,307.2,0.8587,0.2407554249337837,1.54,0.3006995268999095,3,1.0,6.123233995736766e-17,0.8752799221181231,0.48300450136876155,0.15636629649360598,-0.3246979603717467
2022-03-06,18633.4,5224.4,8.540000000000001,75.0,17.080000000000002,655.0,23.040000000000003,4224.8,2.0,140.5,4.8,58.739999999999995,4.299999999999999,148.92000000000002,10.8,2527.5600000000004,7.066,24.024,8.942,1.686,0.19400000000000003,15.644,0.238,285.308,358.4,0.8587,0.24076026462323602,1.54,0.30024047882781246,3,1.0,6.123233995736766e-17,0.8834588557703498,0.46787684337498237,-0.15636629649360595,-0.32469796037174675
2022-03-07,19203.0,5384.2,10.8,75.0,21.6,675.0,23.720000000000002,4204.8,2.0,139.3,4.8,57.94,4.22,146.07999999999998,10.82,2529.44,7.0840000000000005,23.596,8.564,1.6799999999999997,0.22000000000000003,15.565999999999999,0.24,291.764,358.4,0.8587,0.24076443810595438,1.54,0.30053875009182396,3,1.0,6.123233995736766e-17,0.8913763597336679,0.45261073309583394,-0.35135187892997066,-0.08019377358048389
2022-03-08,19765.2,5541.8,11.08,75.0,22.16,690.0,24.36,4248.0,2.0,141.3,4.4,59.98,4.04,159.35999999999999,10.66,2859.9200000000005,7.112,23.895999999999997,8.081999999999999,1.718,0.23200000000000004,15.854,0.238,305.622,358.4,0.8587,0.24076312631915778,1.54,0.30013583370773733,3,1.0,6.123233995736766e-17,0.8990300910912741,0.437210688018956,-0.2817623302598763,0.22469796037174664
2022-03-09,20138.4,5646.4,11.34,75.0,22.68,705.0,24.84,4285.6,2.0,139.1,4.4,59.739999999999995,4.0200000000000005,136.16,10.739999999999998,2510.9199999999996,7.146000000000001,23.396,8.373999999999999,1.688,0.23800000000000004,15.174000000000001,0.23600000000000004,299.81800000000004,409.6,0.8587,0.24076149524667517,1.54,0.3003217874503278,3,1.0,6.123233995736766e-17,0.906417784980923,0.4216812652654497,-4.4408920985006264e-17,0.3603875471609676
2022-03-10,20184.4,5659.4,11.48,75.0,22.96,710.0,24.96,4372.0,2.0,137.7,4.5,60.86,4.119999999999999,143.28,10.940000000000001,2641.7200000000003,7.136,23.23,8.45,1.7120000000000002,0.24400000000000005,15.045999999999998,0.24200000000000005,298.106,358.4,0.8587,0.2407663791865168,1.54,0.3009998266164228,3,1.0,6.123233995736766e-17,0.9135372552651363,0.406027060241352,0.2817623302598763,0.22469796037174666
2022-03-11,19389.6,5436.4,10.36,75.0,20.72,685.0,23.98,4449.6,2.0,133.3,5.1,63.379999999999995,4.340000000000001,149.98,11.239999999999998,2675.46,7.162000000000001,23.416,8.89,1.7399999999999998,0.24800000000000005,15.306000000000001,0.22200000000000003,292.074,307.2,0.8587,0.24075960351019923,1.54,0.3015145352940872,3,1.0,6.123233995736766e-17,0.9203863951781155,0.3902527052777818,0.35135187892997066,-0.08019377358048381
2022-03-12,18664.0,5233.0,8.28,75.0,16.56,660.0,23.04,4519.4,2.0,139.0,5.2,72.94000000000001,4.62,179.38,11.379999999999999,3123.7200000000003,7.192,26.177999999999997,8.782,1.8800000000000001,0.24400000000000005,17.818,0.21000000000000002,326.648,358.4,0.8587,0.24076207803664404,1.54,0.3013023116969741,3,1.0,6.123233995736766e-17,0.9269631779491683,0.37436286826015747,0.15636629649360598,-0.3246979603717467
2022-03-13,18125.0,5081.8,8.42,75.0,16.84,645.0,22.360000000000003,4423.8,2.0,139.1,5.7,75.78,4.96,179.94,11.76,3035.1400000000003,7.206,26.578000000000003,8.984,1.89,0.24200000000000005,17.994,0.21800000000000003,321.17199999999997,358.4,0.8587,0.24075826880293616,1.54,0.30168984404506755,3,1.0,6.123233995736766e-17,0.9332656574024624,0.35836225124689564,-0.15636629649360595,-0.32469796037174675
2022-03-14,17788.4,4987.4,8.466,75.0,16.932,630.0,21.96,4400.2,2.0,144.2,5.6,80.08000000000001,4.960000000000001,200.42,11.620000000000001,3347.2200000000003,7.208,26.744,8.794,1.884,0.25200000000000006,18.144,0.21600000000000003,318.552,307.2,0.8587,0.2407568414435596,1.54,0.30143622738466513,3,1.0,6.123233995736766e-17,0.9392919685329304,0.3422555890779956,-0.35135187892997066,-0.08019377358048389
2022-03-15,17662.8,4952.2,8.026,75.0,16.052,625.0,21.740000000000002,4300.6,2.0,143.6,5.7,79.82,4.98,200.16000000000003,11.54,3324.44,7.204000000000001,27.381999999999998,8.925999999999998,1.8920000000000001,0.25600000000000006,18.576,0.22000000000000003,324.16400000000004,358.4,0.8587,0.24075773939158504,1.54,0.3013219839354709,3,1.0,6.123233995736766e-17,0.9450403280581551,0.32604764797392444,-0.2817623302598763,0.22469796037174664
2022-03-16,18313.8,5134.8,8.142,75.0,16.284,645.0,22.5,4323.8,2.0,150.8,5.7,80.35999999999999,5.1000000000000005,213.6,11.48,3703.1800000000003,7.196000000000001,27.792,8.809999999999999,1.8940000000000001,0.25800000000000006,18.7,0.22599999999999998,336.72999999999996,409.6,0.8587,0.24076133645723868,1.54,0.3010544350966582,3,1.0,6.123233995736766e-17,0.9505090349460703,0.30974322412521554,-4.4408920985006264e-17,0.3603875471609676
2022-03-17,19588.0,5492.0,8.482,75.0,16.964,690.0,24.12,4290.0,2.0,152.04000000000002,5.5,70.67999999999999,4.9799999999999995,184.16,11.4,3305.2400000000002,7.159999999999999,24.684,8.540000000000001,1.7239999999999998,0.25400000000000006,15.956,0.22600000000000003,304.502,409.6,0.8587,0.2407580780146758,1.54,0.3010334314954317,3,1.0,6.123233995736766e-17,0.9556964709183251,0.2933471422731988,0.2817623302598763,0.22469796037174666
2022-03-18,20847.4,5845.2,8.602,75.0,17.204,735.0,25.68,4268.6,2.0,146.54000000000002,4.9,64.56,4.7,166.16,10.98,3100.88,7.1259999999999994,23.610000000000003,7.87,1.656,0.25000000000000006,15.244,0.20800000000000002,308.68199999999996,409.6,0.8587,0.24076253544835174,1.54,0.30099232697188055,3,1.0,6.123233995736766e-17,0.9606011009291576,0.2768642542822817,0.35135187892997066,-0.08019377358048381
2022-03-19,22234.2,6234.2,8.575999999999999,75.0,17.151999999999997,785.0,27.339999999999996,4315.2,2.0,140.24,4.8,59.019999999999996,4.58,139.14000000000001,10.96,2775.54,7.104000000000001,22.858,7.33,1.6179999999999999,0.25000000000000006,14.756,0.196,319.832,409.6,0.8587,0.2407696119657196,1.54,0.30104741733407103,3,1.0,6.123233995736766e-17,0.9652214736196394,0.26029943770420483,0.15636629649360598,-0.3246979603717467
2022-03-20,22573.8,6329.4,8.486,75.0,16.972,790.0,27.839999999999996,4320.4,2.0,139.14000000000001,5.2,55.540000000000006,4.7,127.13999999999999,11.16,2594.54,7.087999999999999,21.601999999999997,6.922,1.562,0.25600000000000006,14.010000000000002,0.18,311.608,409.6,0.8587,0.2407684613706511,1.54,0.30014808274968524,3,1.0,6.123233995736766e-17,0.9695562217471568,0.24365759433469608,-0.15636629649360595,-0.32469796037174675
2022-03-21,23202.8,6505.8,8.43,75.0,16.86,810.0,28.660000000000004,4273.0,2.0,138.44,5.2,48.96,4.68,102.26,11.06,2112.48,7.052000000000001,20.264,6.772,1.472,0.25000000000000006,13.334,0.19,304.778,409.6,0.8587,0.24077001601149348,1.54,0.2999843964157027,3,1.0,6.123233995736766e-17,0.9736040625899998,0.22694364876294998,-0.35135187892997066,-0.08019377358048389
2022-03-22,23272.6,6525.4,8.459,75.0,16.918,810.0,28.72,4424.8,2.0,136.7,5.6,47.04,4.66,101.3,11.14,2093.7400000000002,7.042,20.386,6.88,1.468,0.24400000000000005,13.347999999999999,0.19,306.01599999999996,409.6,0.8587,0.24077103892834834,1.54,0.2995926129182116,3,1.0,6.123233995736766e-17,0.9773637983269392,0.2101625469143627,-0.2817623302598763,0.22469796037174664
2022-03-23,23235.2,6515.0,8.556999999999999,75.0,17.113999999999997,810.0,28.72,4498.8,2.0,140.8,6.0,49.84,4.7,107.55999999999999,11.22,2237.0600000000004,7.058,20.693999999999996,7.213999999999999,1.476,0.25000000000000006,13.544,0.196,310.03200000000004,409.6,0.8587,0.24077416123106624,1.54,0.29970423859116974,3,1.0,6.123233995736766e-17,0.9808343163916821,0.19331925458695323,-4.4408920985006264e-17,0.3603875471609676
2022-03-24,23275.2,6526.2,8.597000000000001,75.0,17.194000000000003,810.0,28.840000000000003,4524.0,2.0,140.9,6.4,49.9,4.82,107.78,11.28,2245.08,7.093999999999999,20.389999999999997,7.611999999999999,1.49,0.246,13.485999999999999,0.20400000000000001,308.97799999999995,409.6,0.8587,0.24077360133333342,1.54,0.2996187296913131,3,1.0,6.123233995736766e-17,0.9840145898020978,0.1764187559819037,0.2817623302598763,0.22469796037174666
2022-03-25,24354.4,6828.8,8.850999999999999,75.0,17.701999999999998,855.0,30.119999999999997,4577.4,2.0,142.9,6.0,48.02,4.64,106.7,11.040000000000001,2326.32,7.090000000000001,20.357999999999997,7.906000000000001,1.47,0.23000000000000004,13.453999999999999,0.198,322.71400000000006,409.6,0.8587,0.24077338163127854,1.54,0.3004015077183858,3,1.0,6.123233995736766e-17,0.9869036774641188,0.1594660522286543,0.35135187892997066,-0.08019377358048381
2022-03-26,24260.6,6802.4,8.997,75.0,17.994,855.0,30.02,4559.6,2.0,142.7,5.7,49.66,4.38,110.24000000000001,10.98,2405.8,7.087999999999999,20.582,7.601999999999999,1.512,0.23000000000000004,13.52,0.186,323.41999999999996,409.6,0.8587,0.24076982552750098,1.54,0.3006387995628249,3,1.0,6.123233995736766e-17,0.9895007244502247,0.14246615990498832,0.15636629649360598,-0.3246979603717467
2022-03-27,23897.4,6700.6,8.73,75.0,17.46,845.0,29.640000000000004,4431.4,2.0,138.0,5.4,53.260000000000005,4.279999999999999,115.12,10.919999999999998,2484.66,7.110000000000001,20.616,7.468000000000001,1.564,0.23000000000000004,13.654,0.17400000000000002,322.034,358.4,0.8587,0.24077127532924464,1.54,0.30104394052801015,3,1.0,6.123233995736766e-17,0.9918049622524301,0.12542410955254638,-0.15636629649360595,-0.32469796037174675
2022-03-28,23977.6,6723.0,8.626000000000001,75.0,17.252000000000002,840.0,29.759999999999998,4406.8,2.0,138.1,5.8,53.9,4.46,116.46,11.059999999999999,2522.72,7.110000000000001,20.594,7.337999999999999,1.5739999999999998,0.24000000000000005,13.65,0.18200000000000002,322.864,358.4,0.8587,0.24076814586398684,1.54,0.30049508747920795,3,1.0,6.123233995736766e-17,0.9938157090096974,0.10834494418820795,-0.35135187892997066,-0.08019377358048389
2022-03-29,23517.6,6594.0,8.766,75.0,17.532,825.0,29.18,4396.0,2.0,139.6,5.9,53.86,4.5600000000000005,116.54,11.18,2474.1400000000003,7.090000000000001,21.42,7.424000000000001,1.576,0.24800000000000005,13.795999999999998,0.194,319.55,358.4,0.8587,0.24076744776384218,1.54,0.3006052069316929,3,1.0,6.123233995736766e-17,0.9955323697097114,0.09123371781178172,-0.2817623302598763,0.22469796037174664
2022-03-30,22919.6,6426.2,8.942000000000002,75.0,17.884000000000004,800.0,28.419999999999998,4415.4,2.0,140.9,5.5,53.919999999999995,4.38,116.78,10.98,2429.7,7.093999999999999,21.488,7.325999999999999,1.6,0.272,13.85,0.20400000000000001,312.61199999999997,358.4,0.8587,0.2407625770081546,1.54,0.30037909720331235,3,1.0,6.123233995736766e-17,0.9969544363649527,0.07409549391044556,-4.4408920985006264e-17,0.3603875471609676
2022-03-31,22131.4,6205.2,8.994,75.0,17.988,770.0,27.419999999999998,4404.4,2.0,139.0,5.4,52.660000000000004,4.5,115.12,11.22,2314.12,7.108,21.576,7.728,1.5959999999999999,0.274,13.85,0.20400000000000001,302.396,358.4,0.8587,0.24076180446308096,1.54,0.30024888425295776,3,1.0,6.123233995736766e-17,0.998081488163019,0.05693534396037945,0.2817623302598763,0.22469796037174666
2022-04-01,21814.0,6099.8,11.222,75.0,22.444,760.0,27.060000000000002,4307.6,2.0,140.1,5.6,52.67999999999999,4.58,115.6,11.280000000000001,2286.4,7.056,21.726000000000003,7.606,1.576,0.28800000000000003,13.862,0.21800000000000003,298.02799999999996,358.4,0.8587,0.24009179462459515,1.54,0.3000186048483275,4,0.9732050807568877,-0.09999999999999991,0.9989131915911509,0.03975834592603385,0.35135187892997066,-0.08019377358048381
2022-04-02,21175.8,5904.6,12.693000000000001,75.0,25.386000000000003,740.0,26.28,4267.6,2.0,137.9,5.1,52.839999999999996,4.38,115.75999999999999,11.24,2213.9399999999996,7.036,21.71,8.18,1.5560000000000003,0.28,13.941999999999998,0.22200000000000003,290.746,358.4,0.8587,0.23942379338154057,1.54,0.299263008729256,4,0.9464101615137755,-0.19999999999999987,0.9994493005349231,0.022569582757478453,0.15636629649360598,-0.3246979603717467
2022-04-03,20912.2,5814.4,13.793000000000001,75.0,27.586000000000002,735.0,25.98,4220.8,2.0,133.7,4.6,52.120000000000005,4.2,116.36000000000001,11.059999999999999,2202.9200000000005,7.037999999999999,21.416,8.128,1.564,0.272,13.847999999999999,0.21000000000000002,285.26,358.4,0.8587,0.23875297737586892,1.54,0.29909903986069175,4,0.9196152422706632,-0.2999999999999999,0.9996896563510738,0.0053741408862754535,-0.15636629649360595,-0.32469796037174675
2022-04-04,20519.8,5689.2,14.072999999999999,75.0,28.145999999999997,720.0,25.46,4127.4,2.0,128.5,4.7,57.239999999999995,4.159999999999999,124.47999999999999,11.0,2327.04,7.056,22.112000000000002,7.972000000000001,1.59,0.252,14.2,0.20000000000000004,287.094,307.2,0.8587,0.23808798729011502,1.54,0.2980280283903075,4,0.8928203230275511,-0.3999999999999998,0.9996341879144502,-0.011822891279677361,-0.35135187892997066,-0.08019377358048389
2022-04-05,19435.6,5373.8,14.015,75.0,28.03,680.0,24.080000000000002,4123.6,2.0,124.2,4.5,63.3,4.0,155.32,10.8,2690.46,7.072,22.928,7.508,1.6759999999999997,0.252,14.6,0.21800000000000003,278.696,256.0,0.8587,0.23742430363710945,1.54,0.29718485212589074,4,0.8660254037844387,-0.4999999999999998,0.9992829116390552,-0.029016424861888535,-0.2817623302598763,0.22469796037174664
2022-04-06,19369.8,5355.6,11.805,75.0,23.61,675.0,23.9,4177.4,2.0,126.4,4.5,65.52000000000001,4.0200000000000005,159.71999999999997,10.8,2773.8,7.148000000000001,23.497999999999998,7.666000000000001,1.698,0.25,14.847999999999999,0.23800000000000004,282.51800000000003,256.0,0.8587,0.2374240382825592,1.54,0.2966496591266042,4,0.8660254037844387,-0.4999999999999998,0.9986359314731901,-0.04620137201715365,-4.4408920985006264e-17,0.3603875471609676
2022-04-07,19038.0,5264.0,11.559999999999999,75.0,23.119999999999997,665.0,23.42,4202.0,2.0,126.0,4.4,63.96,4.04,156.0,10.6,2665.88,7.182,23.636,7.846000000000001,1.7099999999999997,0.25,14.792000000000002,0.23600000000000004,276.742,256.0,0.8587,0.23743024049188274,1.54,0.2972639685020409,4,0.8660254037844387,-0.4999999999999998,0.9976934388686948,-0.06337264744313033,0.2817623302598763,0.22469796037174666
2022-04-08,18673.2,5163.2,10.065999999999999,75.0,20.131999999999998,650.0,22.9,4194.0,2.0,129.1,4.5,65.14000000000001,4.1,157.48,10.8,2651.06,7.186,23.648000000000003,8.152,1.7079999999999997,0.258,14.8,0.23800000000000004,271.778,256.0,0.8587,0.237433035208478,1.54,0.29689951276753374,4,0.8660254037844387,-0.4999999999999998,0.9964557127242945,-0.08052516988316069,0.35135187892997066,-0.08019377358048381
2022-04-09,19242.8,5320.8,9.466,75.0,18.932,675.0,23.660000000000004,4203.4,2.0,128.2,4.6,62.25999999999999,4.28,150.9,11.08,2572.9399999999996,7.162000000000001,23.104000000000003,8.6,1.686,0.26400000000000007,14.458000000000002,0.25,272.5,256.0,0.8587,0.23743713918135398,1.54,0.2975325911871395,4,0.8660254037844387,-0.4999999999999998,0.9949231193030679,-0.09765386362989724,0.15636629649360598,-0.3246979603717467
2022-04-10,20502.0,5669.0,9.126,75.0,18.252,725.0,25.240000000000002,4177.6,2.0,126.4,4.6,58.5,4.36,121.17999999999999,11.080000000000002,2252.82,7.1579999999999995,22.686,9.206,1.612,0.26800000000000007,14.252,0.25,286.878,256.0,0.8587,0.23743873508758787,1.54,0.2979450731319934,4,0.8660254037844387,-0.4999999999999998,0.993096112124066,-0.11475366002728613,-0.15636629649360595,-0.32469796037174675
2022-04-11,20850.8,5765.4,9.006,75.0,18.012,735.0,25.68,4184.2,2.0,124.4,4.6,56.58,4.4,116.14000000000001,11.1,2187.84,7.138,22.554,9.958,1.6119999999999997,0.274,14.192000000000002,0.23000000000000004,291.128,256.0,0.8587,0.23743712128813002,1.54,0.2977492950005985,4,0.8660254037844387,-0.4999999999999998,0.9909752318281064,-0.13181949897046408,-0.35135187892997066,-0.08019377358048389
2022-04-12,21403.0,5918.0,7.766,75.0,15.532,755.0,26.360000000000003,4191.6,2.0,131.4,4.4,55.339999999999996,4.4,117.28,11.100000000000001,2270.0800000000004,7.12,22.256,9.87,1.582,0.28600000000000003,14.09,0.22000000000000003,296.838,307.2,0.8587,0.23743333247693954,1.54,0.29755772672077124,4,0.8660254037844387,-0.4999999999999998,0.9885611060177905,-0.14884633040312487,-0.2817623302598763,0.22469796037174664
2022-04-13,22199.0,6138.2,8.26,75.0,16.52,780.0,27.380000000000003,4177.0,2.0,135.2,4.7,53.86,4.4,112.67999999999999,10.959999999999999,2258.04,7.078,21.786,9.209999999999999,1.5399999999999998,0.28400000000000003,13.966,0.21000000000000002,305.318,307.2,0.8587,0.23743723489026403,1.54,0.29736581079240076,4,0.8660254037844387,-0.4999999999999998,0.9858544490717851,-0.16582911581191218,-4.4408920985006264e-17,0.3603875471609676
2022-04-14,22326.0,6173.2,10.0,75.0,20.0,785.0,27.5,4276.4,2.0,134.8,5.1,54.160000000000004,4.459999999999999,112.92,11.0,2275.2400000000002,7.054,21.568,8.491999999999999,1.518,0.29400000000000004,14.016,0.19400000000000003,308.55,307.2,0.8587,0.23743284068974718,1.54,0.29761796048634265,4,0.8660254037844387,-0.4999999999999998,0.9828560619334263,-0.18276282971739682,0.2817623302598763,0.22469796037174666
2022-04-15,22800.4,6304.4,10.280000000000001,75.0,20.560000000000002,800.0,28.139999999999997,4371.8,2.0,142.4,5.9,54.0,4.6,112.84,11.1,2316.1,7.019999999999999,21.264,7.968000000000001,1.52,0.29600000000000004,14.101999999999999,0.19400000000000003,317.134,358.4,0.8587,0.23743382899619986,1.54,0.29750805309444744,4,0.8660254037844387,-0.4999999999999998,0.9795668318737081,-0.19964246116119688,0.35135187892997066,-0.08019377358048381
2022-04-16,22923.4,6338.6,10.64,75.0,21.28,805.0,28.32,4340.2,2.0,145.9,5.7,53.08,4.4399999999999995,111.24000000000001,10.96,2296.46,6.9879999999999995,20.636000000000003,7.172,1.494,0.29000000000000004,13.913999999999998,0.19400000000000003,314.592,409.6,0.8587,0.23744098252210044,1.54,0.2976126885819754,4,0.8660254037844387,-0.4999999999999998,0.9759877322287235,-0.21646301518880104,0.15636629649360598,-0.3246979603717467
2022-04-17,22952.0,6346.6,10.593,75.0,21.186,805.0,28.419999999999998,4345.2,2.0,138.7,6.1,53.06,4.459999999999999,107.64000000000001,11.18,2214.96,6.968000000000001,20.630000000000003,6.75,1.516,0.2880000000000001,13.882,0.198,314.18399999999997,358.4,0.8587,0.23744454975871027,1.54,0.2972950689727417,4,0.8660254037844387,-0.4999999999999998,0.9721198221116396,-0.23321951432765572,-0.15636629649360595,-0.32469796037174675
2022-04-18,22893.0,6330.2,10.499,75.0,20.998,805.0,28.3,4454.6,2.0,135.1,5.7,54.86,4.32,111.73999999999998,11.139999999999999,2303.6,7.0280000000000005,20.994,7.074,1.566,0.29200000000000004,14.018,0.21400000000000002,316.12,358.4,0.8587,0.23744133408088683,1.54,0.297425470154072,4,0.8660254037844387,-0.4999999999999998,0.967964246099289,-0.24990700006007974,-0.35135187892997066,-0.08019377358048389
2022-04-19,22748.2,6290.2,8.717000000000002,75.0,17.434000000000005,795.0,28.159999999999997,4391.8,2.0,136.1,5.5,56.64000000000001,4.22,116.28,11.080000000000002,2392.0,7.056,21.594,7.591999999999999,1.6219999999999999,0.29600000000000004,14.218,0.23200000000000004,318.19399999999996,358.4,0.8587,0.23744273624237477,1.54,0.29684938387465226,4,0.8660254037844387,-0.4999999999999998,0.9635222338934704,-0.2665205342905689,-0.2817623302598763,0.22469796037174664
2022-04-20,22479.2,6215.8,8.477,75.0,16.954,785.0,27.840000000000003,4367.8,2.0,129.8,5.1,57.260000000000005,4.12,116.84,11.1,2378.62,7.062,22.080000000000002,8.047999999999998,1.642,0.29800000000000004,14.294,0.21600000000000003,316.39,307.2,0.8587,0.23744199236692326,1.54,0.2967907410236828,4,0.8660254037844387,-0.4999999999999998,0.9587950999570604,-0.2830552008070585,-4.4408920985006264e-17,0.3603875471609676
2022-04-21,22052.4,6097.6,10.184999999999999,75.0,20.369999999999997,775.0,27.32,4380.2,2.0,127.5,5.5,59.0,4.24,123.85999999999999,11.24,2477.04,7.072,22.916,8.7,1.67,0.29600000000000004,14.563999999999998,0.21600000000000003,316.224,256.0,0.8587,0.23743471330716606,1.54,0.29743284837020556,4,0.8660254037844387,-0.4999999999999998,0.9537842431250432,-0.2995061067357089,0.2817623302598763,0.22469796037174666
2022-04-22,21875.0,6048.4,10.35,75.0,20.7,770.0,27.080000000000002,4361.0,2.0,132.5,5.3,62.739999999999995,4.26,127.12,11.14,2532.5,7.095999999999999,22.880000000000003,8.736,1.6780000000000002,0.29800000000000004,14.578,0.21600000000000003,314.148,307.2,0.8587,0.2374288698316728,1.54,0.29779539829186286,4,0.8660254037844387,-0.4999999999999998,0.9484911461905725,-0.31586838398878636,0.35135187892997066,-0.08019377358048381
2022-04-23,21328.4,5897.2,10.44,75.0,20.88,750.0,26.5,4227.0,2.0,134.4,5.2,61.980000000000004,4.32,126.24000000000001,11.120000000000001,2453.98,7.08,23.008,8.725999999999999,1.6800000000000002,0.29400000000000004,14.584,0.21200000000000002,306.70799999999997,307.2,0.8587,0.23742620836400738,1.54,0.2977845758032057,4,0.8660254037844387,-0.4999999999999998,0.9429173754661889,-0.33213719070520786,0.15636629649360598,-0.3246979603717467
2022-04-24,20890.6,5776.2,10.538,75.0,21.076,735.0,25.96,4230.0,2.0,139.5,4.8,59.17999999999999,4.279999999999999,119.92,11.0,2275.04,7.0840000000000005,23.458000000000002,8.776,1.684,0.2800000000000001,15.038,0.21800000000000005,309.31600000000003,358.4,0.8587,0.23742847330784259,1.54,0.29756963507614886,4,0.8660254037844387,-0.4999999999999998,0.937064580320323,-0.34830771268332616,-0.15636629649360595,-0.32469796037174675
2022-04-25,20470.2,5660.0,10.754,75.0,21.508,720.0,25.419999999999998,4160.6,2.0,139.2,4.8,57.739999999999995,4.24,121.0,10.9,2257.96,7.12,23.595999999999997,8.648,1.688,0.28200000000000003,14.907999999999998,0.22200000000000003,300.442,358.4,0.8587,0.237430293668895,1.54,0.2976041917614229,4,0.8660254037844387,-0.4999999999999998,0.9309344926892207,-0.36437516480552923,-0.35135187892997066,-0.08019377358048389
2022-04-26,20308.4,5615.4,9.042,75.0,18.084,710.0,25.24,4180.4,2.0,137.1,4.4,56.739999999999995,4.2,116.32000000000001,10.780000000000001,2143.4399999999996,7.106,23.28,7.794,1.658,0.28400000000000003,14.825999999999999,0.22600000000000003,296.29200000000003,358.4,0.8587,0.23743608383669712,1.54,0.2970317932830413,4,0.8660254037844387,-0.4999999999999998,0.924528926564436,-0.38033479245423363,-0.2817623302598763,0.22469796037174664
2022-04-27,19965.4,5520.6,9.284,75.0,18.568,700.0,24.86,4249.4,2.0,134.7,4.8,56.379999999999995,4.26,119.05999999999999,10.84,2159.16,7.124,23.869999999999997,7.489999999999999,1.464,0.276,14.930000000000001,0.21800000000000003,293.872,307.2,0.8587,0.23743766344310574,1.54,0.297273180177676,4,0.8660254037844387,-0.4999999999999998,0.9178497774560409,-0.3961818729188524,-4.4408920985006264e-17,0.3603875471609676
2022-04-28,19874.8,5495.6,10.284,75.0,20.568,700.0,24.66,4395.8,2.0,139.5,5.1,54.34000000000001,4.2,117.05999999999999,10.78,2111.5199999999995,7.096000000000001,23.139999999999997,6.998,1.412,0.27,14.474,0.21800000000000003,283.696,358.4,0.8587,0.23743986329668854,1.54,0.29725521293836793,4,0.8660254037844387,-0.4999999999999998,0.9108990218317136,-0.41191171679332106,0.2817623302598763,0.22469796037174666
2022-04-29,19790.6,5472.2,11.940000000000001,75.0,23.880000000000003,700.0,24.6,4451.8,2.0,133.7,5.9,56.4,4.5200000000000005,122.31999999999998,11.24,2198.5999999999995,7.098000000000001,22.204,6.254,1.3599999999999999,0.272,13.728,0.20800000000000002,267.73,307.2,0.8587,0.23743476465820254,1.54,0.2980281224938343,4,0.8660254037844387,-0.4999999999999998,0.9036787165318699,-0.4275196693637683,0.35135187892997066,-0.08019377358048381
2022-04-30,19711.6,5450.4,10.784,75.0,21.368000000000002,700.0,24.62,4499.8,2.0,139.1,6.1,55.32000000000001,4.62,119.94000000000001,11.34,2141.84,7.093999999999999,21.288,5.686,1.3199999999999998,0.256,13.463999999999999,0.21400000000000002,261.322,358.4,0.8587,0.23743672003741043,1.54,0.29807549372232744,4,0.8660254037844387,-0.4999999999999998,0.8961909981610121,-0.4430011119859206,0.15636629649360598,-0.3246979603717467
2022-05-01,20095.4,5566.2,10.428,75.0,20.556,715.0,25.12,4550.8,2.0,138.8,6.1,55.86,4.54,120.04,11.34,2189.4172399999998,7.1259999999999994,21.166000000000004,5.6979999999999995,1.344,0.25600000000000006,13.384,0.21000000000000002,265.22763199999997,358.4,0.8587,0.23781376629814668,1.54,0.29829949033938197,5,0.7928203230275509,-0.5732050807568875,0.8884380824554718,-0.4583514634518339,-0.15636629649360595,-0.32469796037174675
2022-05-02,20846.2,5784.0,10.548,75.0,20.796,740.0,26.080000000000002,4567.8,2.0,135.4,6.1,53.1,4.4399999999999995,115.52000000000001,11.42,2172.5541599999997,7.122,20.625999999999998,5.859999999999999,1.534,0.25200000000000006,13.320000000000002,0.21400000000000002,274.15469599999994,358.4,0.8587,0.2381898167934386,1.54,0.2985069529824994,5,0.7196152422706631,-0.6464101615137754,0.8804222636277386,-0.4735661813455458,-0.35135187892997066,-0.08019377358048389
2022-05-03,21462.0,5964.2,9.806999999999999,75.0,19.314,755.0,26.880000000000003,4513.2,2.0,129.1,6.1,56.779999999999994,4.58,119.8,11.6,2325.6968599999996,7.168000000000001,21.202,6.194,1.5859999999999999,0.264,13.896,0.22600000000000003,294.13966600000003,307.2,0.8587,0.2385670057054917,1.54,0.29837988170442337,5,0.6464101615137754,-0.7196152422706631,0.8721459136875657,-0.4886407633872503,-0.2817623302598763,0.22469796037174664
2022-05-04,22029.6,6131.2,8.205000000000002,75.0,16.110000000000003,775.0,27.48,4501.8,2.0,130.3,5.9,56.46,4.319999999999999,118.38,11.3,2366.2303,7.17,21.354000000000003,6.7299999999999995,1.6219999999999999,0.262,13.918000000000001,0.22800000000000004,302.112976,307.2,0.8587,0.23894958760678747,1.54,0.2984615166593239,5,0.5732050807568877,-0.792820323027551,0.8636114817400543,-0.5035707487655945,-4.4408920985006264e-17,0.3603875471609676
2022-05-05,22313.2,6218.8,9.389,75.0,18.678,785.0,27.720000000000006,4557.6,2.0,126.7,5.5,63.02,4.220000000000001,135.88000000000002,11.2,2762.1366999999996,7.159999999999999,22.358,7.4159999999999995,1.6800000000000002,0.272,14.442000000000002,0.21800000000000003,316.952016,256.0,0.8587,0.23932413131248292,1.54,0.29900105789591985,5,0.49999999999999994,-0.8660254037844387,0.854821493260923,-0.5183517194577048,0.2817623302598763,0.22469796037174666
2022-05-06,22107.8,6161.6,9.678999999999998,75.0,19.357999999999997,780.0,27.46,4451.0,2.0,128.7,5.3,63.5,4.159999999999999,136.95999999999998,11.1,2762.5345399999997,7.15,22.548000000000002,7.854000000000001,1.7079999999999997,0.272,14.559999999999999,0.21000000000000002,316.689426,256.0,0.8587,0.23932610557031891,1.54,0.2994283399420177,5,0.49999999999999994,-0.8660254037844387,0.8457785493491807,-0.5329793015365502,0.35135187892997066,-0.08019377358048381
2022-05-07,21727.8,6055.8,9.159,75.0,18.318,765.0,26.9,4415.8,2.0,135.7,5.2,68.08000000000001,4.159999999999999,160.0,11.040000000000001,3219.94674,7.145999999999999,22.926,7.843999999999999,1.718,0.272,14.628,0.22000000000000003,312.73994200000004,307.2,0.8587,0.23933018358662195,1.54,0.2992614241841588,5,0.49999999999999994,-0.8660254037844387,0.8364853259574175,-0.5474491664652585,0.15636629649360598,-0.3246979603717467
2022-05-08,21651.6,6034.6,8.854000000000001,75.0,17.708000000000002,765.0,26.9,4356.8,2.0,140.0,5.2,65.88,4.159999999999999,155.94,11.040000000000001,3120.6723599999996,7.095999999999999,22.491999999999997,7.587999999999999,1.668,0.272,14.156,0.20800000000000002,301.40666799999997,358.4,0.8587,0.2393316091311053,1.54,0.2994596544885745,5,0.49999999999999994,-0.8660254037844387,0.8269445730999487,-0.5617570323779997,-0.15636629649360595,-0.32469796037174675
2022-05-09,21738.2,6058.8,8.764000000000001,75.0,17.528000000000002,765.0,27.080000000000002,4319.2,2.0,142.0,5.2,64.0,4.2,151.92000000000002,11.0,3038.58952,7.068,22.240000000000002,7.248,1.6300000000000001,0.278,14.074000000000002,0.20800000000000002,300.674646,409.6,0.8587,0.23933397018859387,1.54,0.29923435494156075,5,0.49999999999999994,-0.8660254037844387,0.8171591140390408,-0.5758986653470586,-0.35135187892997066,-0.08019377358048389
2022-05-10,22062.2,6149.2,8.72,75.0,17.44,775.0,27.46,4250.6,2.0,140.0,5.5,60.17999999999999,4.3,137.14000000000001,11.08,2759.63112,7.048,21.458,6.710000000000001,1.6079999999999999,0.276,13.738,0.20800000000000002,298.04400599999997,409.6,0.8587,0.23933771645930424,1.54,0.29910112598247307,5,0.49999999999999994,-0.8660254037844387,0.807131844449463,-0.5898698806357225,-0.2817623302598763,0.22469796037174664
2022-05-11,22313.2,6219.0,8.71,75.0,17.42,780.0,27.78,4331.8,2.0,139.6,6.3,61.71999999999999,4.46,140.54000000000002,11.4,2859.4480399999998,7.05,21.38,6.476000000000001,1.596,0.278,13.575999999999999,0.23600000000000004,297.528036,409.6,0.8587,0.2393315188334479,1.54,0.2987910802457669,5,0.49999999999999994,-0.8660254037844387,0.7968657315616094,-0.6036665439366128,-4.4408920985006264e-17,0.3603875471609676
2022-05-12,22506.8,6273.0,8.73,75.0,17.46,785.0,28.040000000000003,4367.8,2.0,138.0,6.2,64.0,4.44,135.98,11.32,2800.42852,7.029999999999999,21.432,6.8,1.6620000000000001,0.284,13.820000000000002,0.25400000000000006,305.28437599999995,358.4,0.8587,0.23933310435950617,1.54,0.2986566557072157,5,0.49999999999999994,-0.8660254037844387,0.7863638132834502,-0.6172845725950913,0.2817623302598763,0.22469796037174666
2022-05-13,22192.4,6185.4,10.132,75.0,20.264,775.0,27.540000000000003,4409.8,2.0,133.9,6.4,64.94,4.4399999999999995,137.64000000000001,11.26,2805.013,7.058,21.756,6.8420000000000005,1.704,0.28800000000000003,14.096,0.26400000000000007,306.92012,307.2,0.8587,0.23933417303368681,1.54,0.2991958670094748,5,0.49999999999999994,-0.8660254037844387,0.7756291973015632,-0.6307199368173851,0.35135187892997066,-0.08019377358048381
2022-05-14,21057.0,5868.8,11.087333333333332,75.0,22.174666666666663,735.0,26.220000000000006,4416.4,2.0,131.8,6.1,68.5,4.4799999999999995,147.01999999999998,11.16,2866.72782,7.109999999999999,22.424,6.7459999999999996,1.764,0.29800000000000004,14.642000000000001,0.274,301.527108,307.2,0.8587,0.23932765042468876,1.54,0.2989128186335081,5,0.49999999999999994,-0.8660254037844387,0.7646650601615207,-0.6439686608630667,0.15636629649360598,-0.3246979603717467
2022-05-15,20453.2,5700.4,11.586,75.0,23.172,715.0,25.5,4422.6,2.0,131.4,5.8,69.8,4.4,148.85999999999999,11.08,2841.6433399999996,7.117999999999999,22.747999999999998,6.802,1.762,0.296,14.7,0.3,293.88356,307.2,0.8587,0.23932312949950085,1.54,0.2987826040014271,5,0.49999999999999994,-0.8660254037844387,0.7534746463278986,-0.6570268242215394,-0.15636629649360595,-0.32469796037174675
2022-05-16,19322.8,5385.4,11.648,75.0,23.296,680.0,24.080000000000002,4395.8,2.0,129.2,5.8,66.03999999999999,4.5,140.98000000000002,11.04,2553.2276599999996,7.13,22.119999999999997,6.768000000000001,1.7399999999999998,0.28800000000000003,14.624,0.30000000000000004,276.97707199999996,307.2,0.8587,0.23932482802279903,1.54,0.29930220229408333,5,0.49999999999999994,-0.8660254037844387,0.7420612672241866,-0.6698905627721797,-0.35135187892997066,-0.08019377358048389
2022-05-17,18918.4,5272.6,11.690000000000001,75.0,23.380000000000003,665.0,23.6,4295.8,2.0,127.7,5.8,61.02,4.54,126.82000000000001,11.0,2188.9161400000003,7.118,22.038,6.608,1.686,0.276,14.48,0.28600000000000003,268.23348,307.2,0.8587,0.239321239925078,1.54,0.29925205907004393,5,0.49999999999999994,-0.8660254037844387,0.7304283002528853,-0.6825560699277929,-0.2817623302598763,0.22469796037174664
2022-05-18,19245.6,5363.8,12.252,75.0,24.504,680.0,24.080000000000002,4294.0,2.0,129.1,5.8,60.32000000000001,4.7,126.1,11.080000000000002,2206.09614,7.0920000000000005,22.394,7.102000000000001,1.688,0.256,14.37,0.28800000000000003,270.187144,307.2,0.8587,0.23932142498821501,1.54,0.299555891696417,5,0.49999999999999994,-0.8660254037844387,0.7185791877960778,-0.6950195977610434,-4.4408920985006264e-17,0.3603875471609676
2022-05-19,20232.2,5638.8,13.180666666666667,75.0,26.361333333333334,715.0,25.28,4315.2,2.0,132.2,6.0,57.419999999999995,4.76,124.67999999999999,11.16,2308.72528,7.042,22.546,7.42,1.6480000000000001,0.23800000000000004,14.344,0.28600000000000003,285.06306800000004,307.2,0.8587,0.2393231220834128,1.54,0.2996180784175954,5,0.49999999999999994,-0.8660254037844387,0.7065174361967739,-0.7072774581135262,0.2817623302598763,0.22469796037174666
2022-05-20,20755.4,5784.6,14.475999999999999,75.0,28.951999999999998,735.0,25.919999999999998,4381.0,2.0,135.5,6.0,57.52,4.720000000000001,125.28,11.040000000000001,2384.18584,7.022,22.808,7.824,1.668,0.23400000000000004,14.34,0.262,292.75976,307.2,0.8587,0.23932245618046158,1.54,0.3002041088427264,5,0.49999999999999994,-0.8660254037844387,0.694246614721327,-0.7193260236871531,0.35135187892997066,-0.08019377358048381
2022-05-21,21586.6,6016.2,15.607333333333335,75.0,31.21466666666667,760.0,26.98,4396.0,2.0,136.7,5.2,60.120000000000005,4.46,129.76000000000002,10.84,2565.11824,7.008,23.497999999999998,8.178,1.666,0.23200000000000004,14.453999999999999,0.24400000000000005,306.68776800000006,307.2,0.8587,0.23932011597693398,1.54,0.2994795662381355,5,0.49999999999999994,-0.8660254037844387,0.6817703545032299,-0.7311617291175281,0.15636629649360598,-0.3246979603717467
2022-05-22,21844.8,6088.2,16.078000000000003,75.0,32.156000000000006,770.0,27.32,4454.6,2.0,133.6,5.2,58.96,4.56,126.74000000000001,10.94,2528.53692,7.048,23.218,8.14,1.6480000000000001,0.22600000000000003,14.27,0.23000000000000004,306.73496400000005,307.2,0.8587,0.23932168355994787,1.54,0.2992903245875209,5,0.49999999999999994,-0.8660254037844387,0.6690923474686052,-0.7427810720289962,-0.15636629649360595,-0.32469796037174675
2022-05-23,21369.4,5955.6,14.036000000000001,75.0,28.072000000000003,750.0,26.7,4456.0,2.0,132.5,5.2,59.64,4.4,130.18,10.940000000000001,2548.06456,7.106,23.034,7.8180000000000005,1.6320000000000001,0.23200000000000004,14.396,0.23000000000000004,303.044534,307.2,0.8587,0.23931741885606442,1.54,0.29879069412445847,5,0.49999999999999994,-0.8660254037844387,0.6562163452437038,-0.7541806140710525,-0.35135187892997066,-0.08019377358048389
2022-05-24,20859.2,5813.4,11.918000000000001,75.0,23.836000000000002,735.0,26.1,4484.2,2.0,126.6,5.5,59.58,4.42,123.32000000000001,11.26,2339.8659,7.15,22.792,8.026,1.6280000000000001,0.23600000000000004,13.913999999999998,0.22200000000000003,285.78394,256.0,0.8587,0.23931710947525336,1.54,0.2990189278613987,5,0.49999999999999994,-0.8660254037844387,0.6431461580447386,-0.7653569819358058,-0.2817623302598763,0.22469796037174664
2022-05-25,20366.4,5676.0,9.724,75.0,19.448,715.0,25.48,4445.4,2.0,129.2,5.8,58.86,4.46,123.52000000000001,11.36,2284.08904,7.209999999999999,22.964000000000002,7.803999999999999,1.6260000000000001,0.246,13.951999999999998,0.23000000000000004,279.498242,307.2,0.8587,0.23931462732505357,1.54,0.29854823235207606,5,0.49999999999999994,-0.8660254037844387,0.6298856535503816,-0.7763068683561947,-4.4408920985006264e-17,0.3603875471609676
2022-05-26,20173.4,5622.2,10.192666666666666,75.0,20.38533333333333,710.0,25.220000000000002,4428.2,2.0,133.3,6.2,57.760000000000005,4.72,122.97999999999999,11.52,2246.26334,7.258,22.68,7.183999999999999,1.6320000000000001,0.25200000000000006,14.075999999999999,0.22800000000000004,279.267,358.4,0.8587,0.23931405174164527,1.54,0.2992150251365845,5,0.49999999999999994,-0.8660254037844387,0.6164387557572533,-0.7870270330846603,0.2817623302598763,0.22469796037174666
2022-05-27,19805.0,5519.6,9.612,75.0,19.224,700.0,24.8,4460.4,2.0,140.1,6.0,57.28000000000001,4.659999999999999,122.83999999999999,11.459999999999999,2206.2923,7.272,22.604000000000003,7.0280000000000005,1.6060000000000003,0.27,13.941999999999998,0.24000000000000005,271.373766,409.6,0.8587,0.23931737719820417,1.54,0.2997142649675204,5,0.49999999999999994,-0.8660254037844387,0.6028094438187503,-0.7975143038519887,0.35135187892997066,-0.08019377358048381
2022-05-28,19774.4,5511.2,9.658,75.0,19.316,695.0,24.74,4436.2,2.0,142.8,5.4,54.67999999999999,4.58,117.0,11.3,2090.38874,7.244,22.108,6.845999999999999,1.564,0.28200000000000003,13.788,0.23000000000000004,268.110312,460.8,0.8587,0.23932293668053645,1.54,0.2991377694603269,5,0.49999999999999994,-0.8660254037844387,0.5890017508675502,-0.807765577306036,0.15636629649360598,-0.3246979603717467
2022-05-29,19768.8,5509.6,9.876,75.0,19.752,695.0,24.7,4427.8,2.0,144.5,4.8,56.239999999999995,4.34,120.34,10.94,2162.7606399999995,7.273999999999999,22.226,6.981999999999999,1.616,0.28600000000000003,14.080000000000002,0.22800000000000004,273.82946599999997,460.8,0.8587,0.23932122440452241,1.54,0.29941938520632155,5,0.49999999999999994,-0.8660254037844387,0.5750197628221414,-0.81777781993006,-0.15636629649360595,-0.32469796037174675
2022-05-30,19712.0,5493.8,10.419999999999998,75.0,20.839999999999996,695.0,24.619999999999997,4492.2,2.0,141.0,4.9,57.379999999999995,4.38,121.6,11.040000000000001,2178.70572,7.286,22.088,7.26,1.612,0.29000000000000004,14.102,0.22600000000000003,273.496234,409.6,0.8587,0.23932251287158302,1.54,0.29967567764789527,5,0.49999999999999994,-0.8660254037844387,0.560867617177735,-0.8275480689403867,-0.35135187892997066,-0.08019377358048389
2022-05-31,19667.4,5481.4,10.33,75.0,20.66,695.0,24.5,4546.6,2.0,140.5,5.0,56.8,4.340000000000001,120.28,11.120000000000001,2145.9245,7.272,22.22,7.975999999999999,1.594,0.28800000000000003,13.88,0.22400000000000003,268.532984,358.4,0.8587,0.2393237995393352,1.54,0.2997944355421261,5,0.49999999999999994,-0.8660254037844387,0.5465495017819135,-0.8370734331631458,-0.2817623302598763,0.22469796037174664
2022-06-01,19768.4,5573.8,10.431999999999999,75.0,21.772,695.0,24.580000000000002,4524.2,2.1,139.2,5.2,54.5,4.28,119.05999999999999,11.280000000000001,2128.39878,7.239999999999999,22.016,8.122,1.592,0.292,13.912,0.22000000000000003,270.56269399999996,358.4,0.8587,0.24204126912227525,1.54,0.3023011869138849,6,0.39999999999999997,-0.8928203230275511,0.5320696535953789,-0.8463510938898153,-4.4408920985006264e-17,0.3603875471609676
2022-06-02,19500.0,5557.4,11.92,75.0,26.351999999999997,690.0,24.26,4540.0,2.2,141.2,5.4,53.779999999999994,4.260000000000001,118.72,11.2,2098.9619000000002,7.244,21.818,8.284,1.6,0.298,13.98,0.21000000000000002,268.52347399999996,358.4,0.8587,0.24476476610001957,1.54,0.3060628232919263,6,0.29999999999999993,-0.9196152422706632,0.5174323574381677,-0.8553783057113231,0.2817623302598763,0.22469796037174666
2022-06-03,18569.2,5345.8,13.253333333333334,75.0,30.547999999999995,650.0,23.1,4503.8,2.3,147.2,6.0,50.42,4.5,116.47999999999999,11.5,1955.5541,7.184,21.128,8.216,1.5459999999999998,0.298,13.801999999999998,0.21600000000000003,252.164714,409.6,0.8587,0.24749243407861193,1.54,0.30777604591412955,6,0.2,-0.9464101615137755,0.5026419447217044,-0.8641523973304572,0.35135187892997066,-0.08019377358048381
2022-06-04,18451.8,5373.2,14.278,75.0,34.052,640.0,23.060000000000002,4426.6,2.4,148.8,6.0,47.64,4.66,113.47999999999999,11.559999999999999,1883.1617999999999,7.166000000000001,20.488000000000003,8.05,1.526,0.30600000000000005,13.734,0.22200000000000003,249.09409999999997,460.8,0.8587,0.25022067071331905,1.54,0.3097197160078487,6,0.10000000000000005,-0.9732050807568878,0.4877027921670668,-0.8726707723523461,0.15636629649360598,-0.3246979603717467
2022-06-05,17872.8,5264.8,13.746,75.0,34.368,620.0,22.34,4399.6,2.5,143.8,6.0,47.019999999999996,4.68,113.72,11.56,1821.3399999999997,7.184,20.218,7.8420000000000005,1.5399999999999998,0.31000000000000005,13.836000000000002,0.21200000000000002,243.058,460.8,0.8587,0.2529480458870505,1.54,0.31263460164300755,6,1.2246467991473532e-16,-1.0,0.47261932050984334,-0.8809309100527732,-0.15636629649360595,-0.32469796037174675
2022-06-06,17962.6,5291.4,13.766,75.0,34.41799999999999,625.0,22.5,4422.2,2.5,137.7,6.2,51.06,4.7,118.71999999999998,11.440000000000001,1936.2800000000002,7.218000000000001,20.774,8.07,1.566,0.30200000000000005,14.172,0.21200000000000002,251.2,409.6,0.8587,0.2529542202414989,1.54,0.31278914134178504,6,1.2246467991473532e-16,-1.0,0.4573959931919675,-0.8889303661241004,-0.35135187892997066,-0.08019377358048389
2022-06-07,18661.2,5497.2,12.39,75.0,30.978,645.0,23.34,4458.8,2.5,131.8,6.8,55.18000000000001,4.9399999999999995,124.14000000000001,11.96,2106.8599999999997,7.244,21.43,8.367999999999999,1.616,0.30000000000000004,14.398,0.23000000000000004,265.076,358.4,0.8587,0.25295444966735564,1.54,0.31209435922039147,6,1.2246467991473532e-16,-1.0,0.44203731504091215,-0.8966667733985769,-0.2817623302598763,0.22469796037174664
2022-06-08,19974.8,5884.2,11.158666666666667,75.0,27.9,695.0,24.98,4456.8,2.5,125.7,6.7,59.260000000000005,4.8,127.93999999999998,11.780000000000001,2324.6600000000003,7.302,21.93,8.425999999999998,1.666,0.30600000000000005,14.575999999999999,0.22600000000000003,286.98,307.2,0.8587,0.25295649324698594,1.54,0.3128967215809096,6,1.2246467991473532e-16,-1.0,0.4265478309366396,-0.9041378425488237,-4.4408920985006264e-17,0.3603875471609676
2022-06-09,20618.4,6073.8,9.822,75.0,24.558,720.0,25.76,4499.6,2.5,124.9,6.1,62.65999999999999,4.5200000000000005,133.44,11.56,2520.94,7.324000000000001,22.577999999999996,8.692000000000002,1.6960000000000002,0.31200000000000006,14.866,0.22200000000000003,302.40999999999997,256.0,0.8587,0.2529568720372214,1.54,0.3133795618382605,6,1.2246467991473532e-16,-1.0,0.41093212446669825,-0.9113413627652811,0.2817623302598763,0.22469796037174666
2022-06-10,21454.4,6320.0,8.922,75.0,22.308,745.0,26.820000000000004,4480.8,2.5,124.9,6.0,64.22,4.4799999999999995,138.33999999999997,11.28,2725.0200000000004,7.275999999999999,23.462,8.992,1.716,0.32200000000000006,15.3,0.354,320.588,256.0,0.8587,0.25295428673030634,1.54,0.31269073953476345,6,1.2246467991473532e-16,-1.0,0.3951948165698651,-0.9182752024104234,0.35135187892997066,-0.08019377358048381
2022-06-11,20361.2,5998.0,8.988,75.0,22.472,705.0,25.46,4431.4,2.5,126.3,6.2,64.4,4.64,141.11999999999998,11.3,2633.28,7.202,23.768,8.936,1.7420000000000002,0.31800000000000006,15.475999999999999,0.526,304.56800000000004,307.2,0.8587,0.2529567492938235,1.54,0.3126415262666796,6,1.2246467991473532e-16,-1.0,0.37934056416873563,-0.9249373096495453,0.15636629649360598,-0.3246979603717467
2022-06-12,20463.2,6028.0,9.037,75.0,22.594,710.0,25.640000000000004,4397.6,2.5,130.7,5.5,63.15999999999999,4.4399999999999995,139.64,10.9,2620.8,7.188,23.456,9.018,1.716,0.316,15.319999999999999,0.524,302.582,358.4,0.8587,0.2529549346139435,1.54,0.31243065176178975,6,1.2246467991473532e-16,-1.0,0.36337405879166595,-0.9313257130579313,-0.15636629649360595,-0.32469796037174675
2022-06-13,20634.6,6078.4,9.068999999999999,75.0,22.674,720.0,25.76,4450.8,2.5,132.2,5.4,62.82000000000001,4.4799999999999995,140.62,10.879999999999999,2663.8599999999997,7.144,23.494,8.848,1.7260000000000002,0.316,15.344,0.516,305.802,358.4,0.8587,0.25295143774168954,1.54,0.3127060221885329,6,1.2246467991473532e-16,-1.0,0.34730002518447334,-0.9374385222042338,-0.35135187892997066,-0.08019377358048389
2022-06-14,20453.8,6025.2,8.857,75.0,22.144,715.0,25.48,4465.0,2.5,128.6,6.2,61.339999999999996,4.72,136.1,11.28,2534.6400000000003,7.116,23.226000000000003,8.806000000000001,1.734,0.284,15.051999999999998,0.512,296.914,358.4,0.8587,0.2529538660964647,1.54,0.31277933756800047,6,1.2246467991473532e-16,-1.0,0.3311232199123085,-0.9432739282098803,-0.2817623302598763,0.22469796037174664
2022-06-15,20407.0,6011.4,8.357000000000001,75.0,20.894,715.0,25.520000000000003,4447.4,2.5,131.6,6.2,61.339999999999996,4.5200000000000005,133.48000000000002,11.32,2473.2,7.138,22.866,8.79,1.7420000000000002,0.28,14.712,0.402,291.43600000000004,358.4,0.8587,0.25295325389594076,1.54,0.31282420569666214,6,1.2246467991473532e-16,-1.0,0.3148484299521111,-0.9488302042843515,-4.4408920985006264e-17,0.3603875471609676
2022-06-16,21462.8,6322.4,7.956999999999999,75.0,19.894,750.0,26.820000000000004,4396.8,2.5,133.4,6.1,61.1,4.42,130.5,11.34,2555.4199999999996,7.208,22.534,8.978,1.73,0.28,14.479999999999999,0.23000000000000007,305.754,307.2,0.8587,0.2529515262279542,1.54,0.31252274328956803,6,1.2246467991473532e-16,-1.0,0.2984804712760668,-0.9541057062361646,0.2817623302598763,0.22469796037174666
2022-06-17,21231.0,6254.2,7.378,75.0,18.446,745.0,26.580000000000002,4372.0,2.5,130.6,6.6,61.620000000000005,4.539999999999999,130.44,11.6,2523.22,7.2,23.1,8.986,1.796,0.27,14.652000000000001,0.22800000000000006,306.298,256.0,0.8587,0.252954825705488,1.54,0.31299454835869595,6,1.2246467991473532e-16,-1.0,0.2820241874264828,-0.9590988729594179,0.35135187892997066,-0.08019377358048381
2022-06-18,20925.6,6164.2,6.82,75.0,17.05,730.0,26.18,4322.0,2.5,134.4,6.6,62.67999999999999,4.54,132.35999999999999,11.7,2523.12,7.2,23.476,9.120000000000001,1.77,0.272,14.696000000000002,0.23200000000000007,302.632,307.2,0.8587,0.25295316216225505,1.54,0.3125925578307172,6,1.2246467991473532e-16,-1.0,0.26548444808250643,-0.9638082268957453,0.15636629649360598,-0.3246979603717467
2022-06-19,21382.2,6298.6,6.82,75.0,17.05,745.0,26.78,4289.4,2.5,142.6,6.6,59.06,4.54,128.54,11.620000000000001,2486.38,7.1819999999999995,22.82,8.898,1.7100000000000002,0.28600000000000003,14.308000000000002,0.23400000000000007,299.802,358.4,0.8587,0.2529490853747015,1.54,0.3124889205478724,6,1.2246467991473532e-16,-1.0,0.24886614761910844,-0.9682323744715509,-0.15636629649360595,-0.32469796037174675
2022-06-20,21916.0,6456.0,6.960000000000001,75.0,17.4,760.0,27.439999999999998,4307.0,2.5,144.6,6.3,57.260000000000005,4.639999999999999,123.75999999999999,11.66,2442.18,7.167999999999999,21.988,8.678,1.666,0.28200000000000003,13.831999999999999,0.22600000000000006,296.67999999999995,409.6,0.8587,0.2529552435296828,1.54,0.31222622319909216,6,1.2246467991473532e-16,-1.0,0.23217420365875877,-0.9723700065103895,-0.35135187892997066,-0.08019377358048389
2022-06-21,21845.0,6435.0,6.860000000000001,75.0,17.15,760.0,27.380000000000003,4417.6,2.5,142.8,6.2,57.65999999999999,4.64,123.96,11.64,2438.02,7.162000000000001,22.212,8.322,1.6780000000000002,0.284,13.778,0.23600000000000004,294.36199999999997,409.6,0.8587,0.2529516771314561,1.54,0.3124044372308709,6,1.2246467991473532e-16,-1.0,0.21541355561622266,-0.9762198986203723,-0.2817623302598763,0.22469796037174664
2022-06-22,21404.6,6305.2,6.92,75.0,17.3,745.0,26.82,4499.8,2.5,140.9,5.6,57.839999999999996,4.499999999999999,125.23999999999998,11.3,2421.32,7.19,22.038,7.944,1.616,0.284,13.638,0.22200000000000006,285.584,409.6,0.8587,0.2529488736669219,1.54,0.312486155052894,6,1.2246467991473532e-16,-1.0,0.19858916323690892,-0.9797809115564856,-4.4408920985006264e-17,0.3603875471609676
2022-06-23,20836.6,6138.0,7.0200000000000005,75.0,17.55,725.0,26.160000000000004,4479.2,2.5,136.4,5.4,57.220000000000006,4.5200000000000005,122.47999999999999,11.2,2296.8599999999997,7.220000000000001,21.8,7.574000000000001,1.596,0.27,13.462,0.23000000000000007,273.76,358.4,0.8587,0.2529539033311742,1.54,0.31252270716486824,6,1.2246467991473532e-16,-1.0,0.181706005129201,-0.9830519915577101,0.2817623302598763,0.22469796037174666
2022-06-24,20326.0,5987.6,7.122,75.0,17.806,705.0,25.5,4432.2,2.5,134.2,5.2,60.32000000000001,4.54,124.21999999999998,11.3,2283.5,7.244,22.268,7.1659999999999995,1.6280000000000001,0.276,13.818000000000001,0.22600000000000003,275.21,358.4,0.8587,0.25295421539615404,1.54,0.31240610806179986,6,1.2246467991473532e-16,-1.0,0.1647690772912068,-0.9860321706588471,0.35135187892997066,-0.08019377358048381
2022-06-25,19483.4,5739.4,6.981999999999999,75.0,17.456,680.0,24.439999999999998,4441.2,2.5,132.2,5.5,65.17999999999999,4.62,141.54000000000002,11.42,2524.5,7.287999999999999,26.818,6.76,1.672,0.28400000000000003,16.374000000000002,0.23000000000000007,313.588,307.2,0.8587,0.2529551829000888,1.54,0.3127684109961938,6,1.2246467991473532e-16,-1.0,0.14778339163236254,-0.9887205669769539,0.15636629649360598,-0.3246979603717467
2022-06-26,18870.2,5558.8,6.901999999999999,75.0,17.256,660.0,23.639999999999997,4365.4,2.5,135.4,5.7,67.55999999999999,4.58,148.86,11.5,2573.56,7.312,27.145999999999997,6.768000000000001,1.6919999999999997,0.28800000000000003,16.742,0.22000000000000006,311.416,307.2,0.8587,0.25295675484040114,1.54,0.3129146032184633,6,1.2246467991473532e-16,-1.0,0.13075397449032808,-0.9911163849723079,-0.15636629649360595,-0.32469796037174675
2022-06-27,18483.6,5445.0,6.8420000000000005,75.0,17.106,645.0,23.2,4324.8,2.5,139.2,6.3,68.38,4.58,149.64000000000001,11.66,2539.3,7.324,29.327999999999996,6.638,1.812,0.28800000000000003,18.142000000000003,0.22400000000000006,329.968,307.2,0.8587,0.2529608908934639,1.54,0.3128166944494578,6,1.2246467991473532e-16,-1.0,0.1136858651436127,-0.9932189156838194,-0.35135187892997066,-0.08019377358048389
2022-06-28,19235.2,5666.4,6.802,75.0,17.006,670.0,24.1,4304.8,2.5,138.2,6.3,67.34,4.380000000000001,147.66,11.559999999999999,2589.1400000000003,7.314,29.351999999999997,6.574,1.832,0.29600000000000004,18.278,0.22400000000000006,343.486,307.2,0.8587,0.2529605772662265,1.54,0.3126859781902354,6,1.2246467991473532e-16,-1.0,0.09658411432037162,-0.9950275369388241,-0.2817623302598763,0.22469796037174664
2022-06-29,19211.0,5659.2,6.7,75.0,16.75,670.0,24.060000000000002,4350.4,2.5,135.0,6.3,69.52000000000001,4.26,153.85999999999999,11.4,2719.2599999999998,7.336,29.683999999999997,6.696,1.8679999999999999,0.29000000000000004,18.374000000000002,0.22400000000000003,345.156,256.0,0.8587,0.25295763788730496,1.54,0.31273001803159683,6,1.2246467991473532e-16,-1.0,0.07945378270381415,-0.9965417135371949,-4.4408920985006264e-17,0.3603875471609676
2022-06-30,19802.2,5833.2,6.640000000000001,75.0,16.6,690.0,24.860000000000003,4340.8,2.5,133.4,6.4,66.4,4.32,140.94,11.36,2547.44,7.308,25.686,6.847999999999999,1.828,0.28,16.238,0.21000000000000005,313.17600000000004,256.0,0.8587,0.25295121076644095,1.54,0.31261258689014193,6,1.2246467991473532e-16,-1.0,0.06229993943466629,-0.9977609974097156,0.2817623302598763,0.22469796037174666
2022-07-01,20472.0,5944.0,6.56,75.0,16.4,715.0,25.660000000000004,4345.6,2.5,132.6,5.8,64.96000000000001,4.26,137.1,11.16,2579.0800000000004,7.276000000000001,25.485999999999997,6.9239999999999995,1.812,0.278,16.15,0.21200000000000005,322.048,256.0,0.8587,0.24932607066678045,1.54,0.30904414223024534,7,-0.0999999999999999,-0.9732050807568877,0.04512766061113004,-0.9986850277506718,0.35135187892997066,-0.08019377358048381
2022-07-02,21111.0,6046.4,6.51,75.0,16.275,735.0,26.3,4305.6,2.5,131.0,5.2,64.56,4.34,136.54000000000002,11.080000000000002,2645.5,7.2620000000000005,23.382,7.1579999999999995,1.7080000000000002,0.28600000000000003,14.791999999999998,0.22200000000000006,307.562,256.0,0.8587,0.24569821246084905,1.54,0.30492081043387775,7,-0.19999999999999987,-0.9464101615137755,0.02794202778678482,-0.9993135311246195,0.15636629649360598,-0.3246979603717467
2022-07-03,21338.0,6016.2,6.409999999999999,75.0,16.025,745.0,26.660000000000004,4321.8,2.5,134.1,5.2,68.44,4.38,160.54000000000002,11.139999999999999,3221.46,7.26,23.596,7.202,1.7,0.2840000000000001,14.957999999999998,0.21600000000000005,314.858,256.0,0.8587,0.24207413458972288,1.54,0.30142928650542344,7,-0.2999999999999998,-0.9196152422706632,0.010748126466873488,-0.9996463215472989,-0.15636629649360595,-0.32469796037174675
2022-07-04,21958.0,6097.8,6.2700000000000005,75.0,15.675,770.0,27.419999999999998,4356.4,2.5,139.3,5.2,65.34,4.4399999999999995,159.4,11.1,3277.9,7.2379999999999995,23.078,7.151999999999999,1.638,0.278,14.790000000000001,0.21200000000000005,319.746,307.2,0.8587,0.2384512729965249,1.54,0.2979830284473217,7,-0.3999999999999998,-0.8928203230275511,-0.00644895539658012,-0.9996833005406695,-0.35135187892997066,-0.08019377358048389
2022-07-05,22339.6,6109.2,6.13,75.0,15.325,785.0,27.72,4372.8,2.5,143.5,5.1,62.6,4.42,157.8,11.139999999999999,3286.34,7.2379999999999995,22.556000000000004,6.901999999999999,1.61,0.278,14.413999999999998,0.22800000000000006,315.85,358.4,0.8587,0.23482854983512028,1.54,0.29441483771505295,7,-0.4999999999999997,-0.8660254037844388,-0.023644128910378252,-0.9994244571620523,-0.2817623302598763,0.22469796037174664
2022-07-06,23004.6,6291.0,7.37,75.0,18.425,810.0,28.52,4376.8,2.5,143.1,5.5,62.959999999999994,4.5,177.07999999999998,11.32,3834.6,7.234,22.646,6.478,1.6219999999999999,0.2800000000000001,14.35,0.22600000000000006,324.71400000000006,358.4,0.8587,0.23482641319284228,1.54,0.2946790483462312,7,-0.4999999999999997,-0.8660254037844388,-0.040832305746034345,-0.9988698680073675,-4.4408920985006264e-17,0.3603875471609676
2022-07-07,23363.6,6389.2,8.48,75.0,21.2,825.0,29.02,4400.6,2.5,142.1,6.3,63.6,4.62,186.3,11.6,4074.2400000000002,7.248,22.716,6.052,1.6280000000000001,0.278,14.468,0.22400000000000006,332.39,358.4,0.8587,0.23482729410324973,1.54,0.295287604196689,7,-0.4999999999999997,-0.8660254037844388,-0.05800839964549156,-0.9980196971884686,0.2817623302598763,0.22469796037174666
2022-07-08,23363.4,6389.2,10.236,75.0,25.59,825.0,28.919999999999998,4417.2,2.5,140.2,6.5,59.14,4.8,162.82,11.68,3532.34,7.276000000000001,22.532,5.952,1.616,0.28600000000000003,14.144,0.21400000000000005,325.16600000000005,358.4,0.8587,0.23482933624232194,1.54,0.2955775917303625,7,-0.4999999999999997,-0.8660254037844388,-0.07516732792622835,-0.9968741962845785,0.35135187892997066,-0.08019377358048381
2022-07-09,22725.8,6215.0,11.7772,75.0,29.4432,800.0,28.160000000000004,4384.6,2.5,133.8,6.7,61.1,4.779999999999999,161.44,11.620000000000001,3423.3199999999997,7.292,23.052,6.066,1.6439999999999997,0.29200000000000004,14.37,0.22000000000000006,321.19,307.2,0.8587,0.23483587687414537,1.54,0.2952057027209333,7,-0.4999999999999997,-0.8660254037844388,-0.09230401298530576,-0.9954337042678443,0.15636629649360598,-0.3246979603717467
2022-07-10,22176.2,6064.8,13.1236,75.0,32.8096,775.0,27.560000000000002,4349.2,2.5,129.6,6.8,65.47999999999999,4.720000000000001,168.33999999999997,11.6,3505.78,7.308,23.974,6.168,1.6960000000000002,0.29800000000000004,14.678,0.21600000000000005,320.976,256.0,0.8587,0.234839757580599,1.54,0.29460907617565885,7,-0.4999999999999997,-0.8660254037844388,-0.10941338380191197,-0.9936986474030288,-0.15636629649360595,-0.32469796037174675
2022-07-11,22018.2,6021.6,12.895199999999999,75.0,32.239200000000004,765.0,27.46,4314.4,2.5,130.6,6.3,64.3,4.680000000000001,147.3,11.46,2987.24,7.352000000000001,23.988,6.358,1.6640000000000001,0.29200000000000004,14.7,0.21400000000000005,319.12,256.0,0.8587,0.23484000747120617,1.54,0.29390785204274994,7,-0.4999999999999997,-0.8660254037844388,-0.12649037743795902,-0.9916695391213729,-0.35135187892997066,-0.08019377358048389
2022-07-12,22055.2,6031.8,12.532000000000002,75.0,31.332000000000004,765.0,27.560000000000002,4330.8,2.5,128.0,5.9,61.82000000000001,4.44,134.32,11.28,2707.78,7.362,23.836000000000002,6.828,1.658,0.29800000000000004,14.604000000000003,0.22000000000000006,317.384,256.0,0.8587,0.23484313641479396,1.54,0.29340956553571224,7,-0.4999999999999997,-0.8660254037844388,-0.14352994053628773,-0.9893469798686623,-0.2817623302598763,0.22469796037174664
2022-07-13,22006.8,6018.6,11.258000000000001,75.0,28.148000000000003,765.0,27.540000000000003,4315.6,2.5,126.7,5.6,61.279999999999994,4.42,130.72,11.2,2622.18,7.376,23.28,7.124,1.6380000000000003,0.29200000000000004,14.419999999999998,0.22400000000000006,312.428,256.0,0.8587,0.23484452965976982,1.54,0.2933233156972725,7,-0.4999999999999997,-0.8660254037844388,-0.16052703081603703,-0.9867316569275462,-4.4408920985006264e-17,0.3603875471609676
2022-07-14,22389.2,6123.0,11.934800000000001,75.0,29.8408,780.0,27.940000000000005,4249.0,2.5,127.7,4.9,61.08,4.26,129.1,11.08,2634.6,7.394,23.554,7.138,1.6440000000000001,0.29600000000000004,14.312000000000001,0.22200000000000006,315.57,256.0,0.8587,0.23483749640700785,1.54,0.29401247074610126,7,-0.4999999999999997,-0.8660254037844388,-0.17747661856473626,-0.9838243442141593,0.2817623302598763,0.22469796037174666
2022-07-15,22650.0,6194.2,12.0484,75.0,30.125400000000003,790.0,28.240000000000002,4247.4,2.5,129.7,4.8,59.9,4.279999999999999,122.38,11.059999999999999,2523.36,7.390000000000001,23.272000000000002,7.2,1.6480000000000001,0.29800000000000004,14.324000000000002,0.22000000000000006,319.53000000000003,256.0,0.8587,0.2348327142739488,1.54,0.29408358762704234,7,-0.4999999999999997,-0.8660254037844388,-0.19437368812667796,-0.9806259020491078,0.35135187892997066,-0.08019377358048381
2022-07-16,22437.8,6136.2,11.5988,75.0,29.001800000000003,785.0,27.940000000000005,4319.8,2.5,126.5,5.5,60.3,4.38,121.3,11.26,2467.38,7.37,23.212,7.07,1.6599999999999997,0.31400000000000006,14.34,0.22800000000000006,316.448,256.0,0.8587,0.23483383032181743,1.54,0.2945733266772042,7,-0.4999999999999997,-0.8660254037844388,-0.2112132393871311,-0.9771372769028863,0.15636629649360598,-0.3246979603717467
2022-07-17,22714.4,6211.8,11.448000000000002,75.0,28.625,795.0,28.240000000000002,4331.4,2.5,134.5,5.7,59.94,4.5,121.9,11.2,2509.96,7.364,22.552,6.709999999999999,1.6400000000000001,0.306,13.946000000000002,0.21600000000000005,311.296,307.2,0.8587,0.2348320362787497,1.54,0.29459502396933385,7,-0.4999999999999997,-0.8660254037844388,-0.22799028925195536,-0.9733595011158022,-0.15636629649360595,-0.32469796037174675
2022-07-18,22109.6,6046.4,11.596,75.0,28.994999999999997,775.0,27.48,4306.4,2.5,133.7,5.6,61.86,4.3,125.25999999999999,11.139999999999999,2519.44,7.339999999999999,23.036,6.522,1.672,0.312,14.222,0.23400000000000007,308.488,307.2,0.8587,0.23483254760105754,1.54,0.29477231797160963,7,-0.4999999999999997,-0.8660254037844388,-0.244699873122179,-0.9692936925924892,-0.35135187892997066,-0.08019377358048389
2022-07-19,21406.2,5854.2,9.454,75.0,23.639,750.0,26.639999999999997,4366.0,2.5,139.2,5.5,61.56,4.36,126.7,11.14,2466.9,7.33,22.560000000000002,6.414,1.6600000000000001,0.31200000000000006,14.303999999999998,0.22800000000000006,300.346,358.4,0.8587,0.23483926203121736,1.54,0.2944429092616372,7,-0.4999999999999997,-0.8660254037844388,-0.2613370463631034,-0.9649410544711022,-0.2817623302598763,0.22469796037174664
2022-07-20,20714.6,5665.2,8.326,75.0,20.818,730.0,25.839999999999996,4446.4,2.5,141.8,5.2,58.31999999999999,4.319999999999999,121.84,10.94,2296.6400000000003,7.343999999999999,21.946,6.38,1.6039999999999999,0.30200000000000005,14.035999999999998,0.23000000000000007,285.49,409.6,0.8587,0.23484485584564946,1.54,0.2947787507262261,7,-0.4999999999999997,-0.8660254037844388,-0.2778968857675001,-0.9603028747672884,-4.4408920985006264e-17,0.3603875471609676
2022-07-21,20161.4,5514.0,8.212,75.0,20.532,710.0,25.119999999999997,4444.2,2.5,144.0,4.6,55.220000000000006,4.3,115.06000000000002,10.7,2101.92,7.356,21.729999999999997,6.532000000000001,1.6019999999999999,0.28600000000000003,13.738,0.23200000000000007,271.21,409.6,0.8587,0.2348485476184461,1.54,0.29476219257869124,7,-0.4999999999999997,-0.8660254037844388,-0.2943744910124672,-0.9553805259930435,0.2817623302598763,0.22469796037174666
2022-07-22,19264.4,5268.6,8.208,75.0,20.522,680.0,24.02,4418.6,2.5,139.2,4.6,57.4,4.34,117.86000000000001,10.76,2064.12,7.362,22.494,6.7,1.672,0.292,14.126,0.23200000000000004,267.742,358.4,0.8587,0.23484488517132446,1.54,0.2952345962801722,7,-0.4999999999999997,-0.8660254037844388,-0.3107649861095136,-0.9501754647505625,0.35135187892997066,-0.08019377358048381
2022-07-23,19176.4,5244.4,8.086000000000002,75.0,20.216,680.0,23.919999999999998,4512.8,2.5,144.6,5.2,55.0,4.5,114.44000000000001,10.940000000000001,1984.72,7.382,21.818,6.581999999999999,1.6179999999999999,0.28600000000000003,13.703999999999999,0.24200000000000005,258.14399999999995,409.6,0.8587,0.23483901492928655,1.54,0.29547551890536133,7,-0.4999999999999997,-0.8660254037844388,-0.3270635208474422,-0.9446892313012085,0.15636629649360598,-0.3246979603717467
2022-07-24,19174.8,5243.8,8.528,75.0,21.322,680.0,23.919999999999998,4501.6,2.5,139.7,5.5,57.86,4.5200000000000005,120.44000000000001,10.98,2098.62,7.384,22.189999999999998,6.404000000000001,1.6299999999999997,0.28400000000000003,13.703999999999999,0.25400000000000006,257.892,358.4,0.8587,0.2348317302424336,1.54,0.2955622406983519,7,-0.4999999999999997,-0.8660254037844388,-0.343265272227606,-0.9389234491097243,-0.15636629649360595,-0.32469796037174675
2022-07-25,19193.0,5248.8,8.672,75.0,21.682000000000002,680.0,23.84,4428.4,2.5,134.8,5.6,58.52,4.4399999999999995,121.22,11.08,2113.34,7.382,22.246,6.284000000000001,1.6460000000000001,0.28,13.748000000000001,0.25800000000000006,258.88800000000003,307.2,0.8587,0.23483273838059732,1.54,0.29582978695329887,7,-0.4999999999999997,-0.8660254037844388,-0.35936544589111047,-0.9328798243638229,-0.35135187892997066,-0.08019377358048389
2022-07-26,19175.6,5244.0,8.615,75.0,21.5395,680.0,23.860000000000003,4414.6,2.5,135.6,5.9,59.78000000000001,4.279999999999999,126.46,11.26,2208.44,7.401999999999999,22.218,5.952,1.652,0.28400000000000003,13.776,0.24400000000000005,259.448,307.2,0.8587,0.23483088371574218,1.54,0.2955445712841535,7,-0.4999999999999997,-0.8660254037844388,-0.3753592775375418,-0.9265601454692988,-0.2817623302598763,0.22469796037174664
2022-07-27,19097.2,5222.6,8.399,75.0,20.9985,675.0,23.76,4406.8,2.5,134.0,5.5,58.02,4.0200000000000005,124.84,11.1,2172.0,7.406000000000001,22.424,5.83,1.6059999999999999,0.262,13.863999999999999,0.23400000000000007,260.18600000000004,307.2,0.8587,0.23483269797658862,1.54,0.2949834907711738,7,-0.4999999999999997,-0.8660254037844388,-0.39124203433479965,-0.9199662825208111,-4.4408920985006264e-17,0.3603875471609676
2022-07-28,18999.6,5196.0,8.252,75.0,20.631,665.0,23.68,4338.4,2.5,133.9,5.3,60.44,4.1,130.98000000000002,11.1,2278.2,7.398000000000001,23.04,5.819999999999999,1.6439999999999997,0.26,14.334,0.21400000000000005,268.212,307.2,0.8587,0.23483682526705377,1.54,0.2940816592234078,7,-0.4999999999999997,-0.8660254037844388,-0.40700901631961883,-0.9131001867484911,0.2817623302598763,0.22469796037174666
2022-07-29,18931.8,5177.6,8.129999999999999,75.0,20.325,665.0,23.580000000000002,4306.2,2.5,133.5,5.4,57.6,4.08,124.2,11.04,2141.6,7.4079999999999995,22.724,5.878,1.666,0.25200000000000006,14.162,0.20200000000000004,264.23,307.2,0.8587,0.23484322586952663,1.54,0.29427399057944237,7,-0.4999999999999997,-0.8660254037844388,-0.4226555577883636,-0.9059638899405431,0.35135187892997066,-0.08019377358048381
2022-07-30,18808.2,5143.8,8.244,75.0,20.610999999999997,660.0,23.48,4321.0,2.5,133.0,5.7,57.44,4.08,124.12,11.14,2126.16,7.4159999999999995,23.338,5.904000000000001,1.672,0.25800000000000006,14.330000000000002,0.19800000000000004,265.82000000000005,307.2,0.8587,0.23484342276202988,1.54,0.29425732295581364,7,-0.4999999999999997,-0.8660254037844388,-0.4381770286776848,-0.8985595038420042,0.15636629649360598,-0.3246979603717467
2022-07-31,18683.6,5109.8,8.235,75.0,20.589499999999997,655.0,23.220000000000002,4294.0,2.5,133.6,6.0,59.36,4.119999999999999,126.6,11.14,2157.3599999999997,7.4079999999999995,23.598,6.25,1.6920000000000002,0.266,14.425999999999998,0.20200000000000004,265.764,307.2,0.8587,0.23484692706125937,1.54,0.29453771149261265,7,-0.4999999999999997,-0.8660254037844388,-0.4535688359346297,-0.8908892195298461,-0.15636629649360595,-0.32469796037174675
2022-08-01,17608.8,4910.6,8.493,75.0,30.654500000000002,650.0,22.1,4290.8,3.5,134.5,6.0,64.11999999999999,4.26,141.8,11.18,2245.7799999999997,7.406000000000001,23.658,6.274,1.734,0.27,14.738,0.22400000000000003,253.96599999999998,307.2,0.8587,0.24090312719288773,1.54,0.3061162340164394,8,-0.5732050807568875,-0.7928203230275511,-0.4688264248758006,-0.8829553067646,-0.35135187892997066,-0.08019377358048389
2022-08-02,17088.2,4902.4,8.716,75.0,40.432,675.0,21.8,4277.0,4.5,131.4,6.0,65.11999999999999,4.32,149.02,11.319999999999999,2295.04,7.434,23.839999999999996,6.384,1.7740000000000002,0.2760000000000001,14.830000000000002,0.24000000000000005,247.57399999999998,256.0,0.8587,0.24801458903709134,1.54,0.3175590901780846,8,-0.6464101615137754,-0.7196152422706634,-0.48394528053515884,-0.8747601133186972,-0.2817623302598763,0.22469796037174664
2022-08-03,16644.2,4907.8,8.904,75.0,49.922000000000004,695.0,21.54,4295.0,5.5,128.0,5.7,63.08,4.34,145.06,11.34,2176.96,7.428,23.758,6.5840000000000005,1.7440000000000002,0.29200000000000004,14.929999999999998,0.25,243.05,256.0,0.8587,0.25458130352692426,1.54,0.32733149803951445,8,-0.719615242270663,-0.6464101615137758,-0.49892092900007584,-0.8663060642817264,-4.4408920985006264e-17,0.3603875471609676
2022-08-04,16651.2,4920.4,8.918,75.0,58.775999999999996,740.0,21.9,4324.0,6.5,128.3,5.6,64.78,4.52,148.95999999999998,11.36,2249.6,7.442,24.029999999999998,6.7299999999999995,1.762,0.29600000000000004,15.079999999999998,0.24600000000000008,246.002,256.0,0.8587,0.2550760277001325,1.54,0.33249819839540207,8,-0.7928203230275508,-0.5732050807568881,-0.5137489387352359,-0.8575956613428104,0.2817623302598763,0.22469796037174666
2022-08-05,16641.8,4967.6,9.050666666666666,75.0,67.88,785.0,22.36,4359.2,7.5,123.7,4.9,63.36,4.5600000000000005,144.57999999999998,11.18,2170.9199999999996,7.4319999999999995,23.402,6.656000000000001,1.7100000000000002,0.28800000000000003,14.752,0.24400000000000005,239.852,256.0,0.8587,0.2573933440413879,1.54,0.33849779392389917,8,-0.8660254037844385,-0.5000000000000004,-0.5284249218939985,-0.8486314820503156,0.35135187892997066,-0.08019377358048381
2022-08-06,17660.0,5181.8,8.911999999999999,75.0,66.84,835.0,23.78,4352.4,7.5,126.4,4.7,61.779999999999994,4.54,136.1,11.2,2199.8,7.456,23.398,6.724000000000001,1.7100000000000002,0.29600000000000004,14.459999999999999,0.24000000000000005,250.85999999999999,256.0,0.8587,0.2527500965710488,1.54,0.33246898818299153,8,-0.8660254037844385,-0.5000000000000004,-0.5429445356168331,-0.8394161790491144,0.15636629649360598,-0.3246979603717467
2022-08-07,17571.0,5074.2,8.803999999999998,75.0,66.03,830.0,23.580000000000002,4283.8,7.5,127.3,4.3,62.64,4.26,133.46,10.84,2149.54,7.414,23.482,6.634,1.7,0.276,14.703999999999999,0.22400000000000003,253.61999999999998,256.0,0.8587,0.24841360141611596,1.54,0.32804858888886373,8,-0.8660254037844385,-0.5000000000000004,-0.5573034833164412,-0.8299524792956248,-0.15636629649360595,-0.32469796037174675
2022-08-08,14254.0,4836.2,8.726666666666667,75.0,65.45,675.0,19.18,4241.8,7.5,130.7,4.3,65.16,4.18,137.92000000000002,10.78,1826.4599999999998,7.475999999999999,23.752000000000002,6.34,1.6960000000000002,0.256,14.734,0.21400000000000005,207.18199999999996,256.0,0.8587,0.30461064195404386,1.54,0.3844443493292366,8,-0.8660254037844385,-0.5000000000000004,-0.5714975159491852,-0.8202431832508601,-0.35135187892997066,-0.08019377358048389
2022-08-09,11395.6,4652.0,8.68,75.0,65.10000000000001,540.0,15.4,4156.4,7.5,130.8,4.1,65.08,4.14,136.00000000000003,10.76,1485.3799999999999,7.454000000000001,23.534,6.136,1.6760000000000002,0.24400000000000005,14.607999999999999,0.20200000000000004,165.164,256.0,0.8587,0.4268672282948276,1.54,0.5055663408334008,8,-0.8660254037844385,-0.5000000000000004,-0.5855224332724489,-0.8102911640517277,-0.2817623302598763,0.22469796037174664
2022-08-10,10910.0,4526.2,8.633333333333333,75.0,64.75,515.0,14.7,4071.0,7.5,130.8,4.1,64.41999999999999,4.18,137.24,10.8,1451.66,7.462000000000001,23.762,6.334,1.7,0.254,14.687999999999999,0.20600000000000004,160.098,256.0,0.8587,0.4275944819144339,1.54,0.5073230805250453,8,-0.8660254037844385,-0.5000000000000004,-0.599374085087557,-0.8000993666608214,-4.4408920985006264e-17,0.3603875471609676
2022-08-11,11007.8,4566.4,8.553999999999998,75.0,64.1552,520.0,14.8,4021.8,7.5,128.8,4.7,64.24,4.4,133.2,10.9,1386.6799999999998,7.414,23.836000000000002,6.714,1.6780000000000002,0.25600000000000006,14.807999999999998,0.20400000000000004,163.846,307.2,0.8587,0.42816580583020664,1.54,0.507924265218928,8,-0.8660254037844385,-0.5000000000000004,-0.6130483724678861,-0.7896708069949587,0.2817623302598763,0.22469796037174666
2022-08-12,11461.8,4674.6,8.442,75.0,63.3156,540.0,15.4,4062.4,7.5,129.4,5.0,62.86,4.5600000000000005,129.11999999999998,11.040000000000001,1378.58,7.403999999999999,23.746,6.822,1.6600000000000001,0.27,14.548000000000002,0.20400000000000004,166.57,307.2,0.8587,0.4270558994557489,1.54,0.5066693044833832,8,-0.8660254037844385,-0.5000000000000004,-0.626541248971802,-0.7790085710327249,0.35135187892997066,-0.08019377358048381
2022-08-13,15250.6,4964.2,8.297333333333333,75.0,62.2312,720.0,20.5,4110.4,7.5,128.6,5.1,62.94,4.62,129.54000000000002,11.14,1839.3,7.336,24.01,7.31,1.6640000000000001,0.28400000000000003,14.565999999999999,0.20800000000000005,220.63600000000002,307.2,0.8587,0.36653122587443876,1.54,0.4462043324059889,8,-0.8660254037844385,-0.5000000000000004,-0.6398487218400676,-0.7681158139012797,0.15636629649360598,-0.3246979603717467
2022-08-14,17585.4,5066.4,8.120000000000001,75.0,60.902,830.0,23.5,4174.2,7.5,128.3,5.3,62.86,4.64,130.42,11.26,2101.2200000000003,7.362,24.182,7.664,1.6800000000000002,0.29200000000000004,14.584,0.20800000000000005,253.516,307.2,0.8587,0.24765531633047902,1.54,0.327326948930152,8,-0.8660254037844385,-0.5000000000000004,-0.6529668531773646,-0.756995758942706,-0.15636629649360595,-0.32469796037174675
2022-08-15,17479.0,5089.6,7.910000000000001,75.0,59.327999999999996,830.0,23.360000000000003,4280.2,7.5,131.1,5.5,66.56,4.6,139.3,11.32,2225.54,7.351999999999999,24.630000000000003,7.446000000000001,1.718,0.29000000000000004,15.028,0.20000000000000004,259.098,307.2,0.8587,0.25066054726626874,1.54,0.3307395818968601,8,-0.8660254037844385,-0.5000000000000004,-0.66589176111758,-0.7456516967601704,-0.35135187892997066,-0.08019377358048389
2022-08-16,16964.2,4980.8,7.640000000000001,75.0,57.302800000000005,805.0,22.7,4300.2,7.5,132.1,5.7,68.72,4.540000000000001,146.67999999999998,11.48,2282.56,7.37,24.619999999999997,7.090000000000001,1.734,0.29400000000000004,15.118,0.18800000000000006,252.93999999999997,307.2,0.8587,0.25264215527867234,1.54,0.3336427565009875,8,-0.8660254037844385,-0.5000000000000004,-0.6786196209725125,-0.7340869842441813,-0.2817623302598763,0.22469796037174664
2022-08-17,16801.4,4982.6,7.416285714285715,75.0,55.62468571428572,795.0,22.5,4334.0,7.5,129.6,5.8,68.34,4.58,145.06,11.48,2233.7400000000002,7.38,24.754,7.124,1.75,0.29400000000000004,15.092000000000002,0.19200000000000003,249.97799999999998,307.2,0.8587,0.255031865286303,1.54,0.33581522715530865,8,-0.8660254037844385,-0.5000000000000004,-0.6911466663636593,-0.7223050435792304,-4.4408920985006264e-17,0.3603875471609676
2022-08-18,16790.2,5003.2,7.238857142857142,75.0,54.293657142857136,795.0,22.5,4300.4,7.5,128.4,6.1,67.8,4.68,143.45999999999998,11.62,2199.52,7.376,24.137999999999998,7.024000000000001,1.7419999999999998,0.29800000000000004,14.972,0.19400000000000003,247.51400000000004,307.2,0.8587,0.2561142928983576,1.54,0.3369444891205776,8,-0.8660254037844385,-0.5000000000000004,-0.7034691903367486,-0.7103093612311137,0.2817623302598763,0.22469796037174666
2022-08-19,17834.2,5325.8,7.107714285714286,75.0,53.30971428571429,845.0,23.9,4252.6,7.5,128.4,6.4,67.2,4.8,141.85999999999999,11.68,2280.1,7.348000000000001,23.426,7.354000000000001,1.718,0.31,14.754,0.21000000000000005,257.23400000000004,307.2,0.8587,0.256662807286943,1.54,0.33755935870791054,8,-0.8660254037844385,-0.5000000000000004,-0.7155835464586864,-0.6981034869152298,0.35135187892997066,-0.08019377358048381
2022-08-20,18556.0,5488.6,7.022857142857143,75.0,52.67285714285714,875.0,24.94,4164.8,7.5,128.6,6.5,64.96000000000001,4.92,135.1,11.78,2263.98,7.332000000000001,23.226,8.09,1.682,0.31200000000000006,14.526,0.21600000000000005,264.012,307.2,0.8587,0.2539624715114429,1.54,0.3333257517730647,8,-0.8660254037844385,-0.5000000000000004,-0.7274861498965948,-0.6856910325461627,0.15636629649360598,-0.3246979603717467
2022-08-21,19410.4,5752.2,7.044285714285715,75.0,52.83428571428571,915.0,26.1,4174.6,7.5,127.3,6.0,61.38000000000001,4.840000000000001,126.04,11.6,2213.2799999999997,7.32,22.606,8.774000000000001,1.626,0.32200000000000006,14.122,0.21600000000000003,269.084,256.0,0.8587,0.25438587197329277,1.54,0.33274662861617693,8,-0.8660254037844385,-0.5000000000000004,-0.7391734784786219,-0.6730756711688572,-0.15636629649360595,-0.32469796037174675
2022-08-22,19736.6,5892.8,7.065714285714286,75.0,52.99571428571429,935.0,26.5,4186.0,7.5,128.5,5.5,62.339999999999996,4.82,128.0,11.68,2288.0,7.332000000000001,22.528,9.208,1.6219999999999999,0.32200000000000006,14.063999999999998,0.20800000000000005,272.992,256.0,0.8587,0.25637657792707574,1.54,0.33515051488764547,8,-0.8660254037844385,-0.5000000000000004,-0.7506420737362096,-0.6602611358717068,-0.35135187892997066,-0.08019377358048389
2022-08-23,20129.8,6034.2,7.087142857142858,75.0,53.15714285714286,950.0,27.0,4184.0,7.5,130.3,5.3,62.54,4.779999999999999,128.24,11.639999999999999,2338.22,7.32,22.534,9.644,1.634,0.322,14.057999999999998,0.19800000000000004,278.446,256.0,0.8587,0.2574578252123609,1.54,0.3367292077511863,8,-0.8660254037844385,-0.5000000000000004,-0.7618885419275089,-0.6472512186818717,-0.2817623302598763,0.22469796037174664
2022-08-24,20412.8,6120.4,7.257285714285715,75.0,54.43328571428572,960.0,27.4,4210.0,7.5,129.8,5.2,64.08,4.5600000000000005,132.76,11.540000000000001,2471.46,7.318,22.753999999999998,9.832,1.674,0.312,14.378,0.17800000000000005,289.762,256.0,0.8587,0.25751529332485557,1.54,0.3365456001200372,8,-0.8660254037844385,-0.5000000000000004,-0.7729095550416438,-0.6340497694431577,-4.4408920985006264e-17,0.3603875471609676
2022-08-25,20967.2,6291.6,7.576142857142857,75.0,56.82414285714285,990.0,28.22,4284.6,7.5,126.4,5.5,61.42,4.4399999999999995,126.17999999999999,11.580000000000002,2395.9,7.31,22.162,9.442,1.652,0.30200000000000005,14.106,0.17200000000000007,291.934,256.0,0.8587,0.2578593201182228,1.54,0.33809545402750196,8,-0.8660254037844385,-0.5000000000000004,-0.7837018517835231,-0.6206606946767856,0.2817623302598763,0.22469796037174666
2022-08-26,20780.0,6273.8,7.688714285714285,75.0,57.668714285714294,980.0,27.940000000000005,4354.6,7.5,128.3,6.0,61.779999999999994,4.5,127.11999999999998,11.540000000000001,2394.4,7.294,22.338,9.498,1.6759999999999997,0.29400000000000004,14.224,0.18000000000000005,291.544,307.2,0.8587,0.25951727977729067,1.54,0.34054788922832296,8,-0.8660254037844385,-0.5000000000000004,-0.7942622385389093,-0.6070879564253884,0.35135187892997066,-0.08019377358048381
2022-08-27,21362.6,6413.8,7.8629999999999995,75.0,58.97566666666667,1010.0,28.740000000000002,4380.6,7.5,126.1,6.6,59.56,4.4799999999999995,122.13999999999999,11.559999999999999,2361.3,7.261999999999999,21.746000000000002,9.540000000000001,1.668,0.304,13.958000000000002,0.18800000000000006,294.1,307.2,0.8587,0.25794471835438504,1.54,0.33913911979756556,8,-0.8660254037844385,-0.5000000000000004,-0.8045875903194609,-0.5933355710805789,0.15636629649360598,-0.3246979603717467
2022-08-28,21646.8,6480.2,8.099,75.0,60.745000000000005,1025.0,29.140000000000004,4436.2,7.5,127.4,7.2,60.42,4.74,125.16,12.2,2446.8,7.2700000000000005,22.371999999999996,9.584,1.716,0.29000000000000004,14.174000000000001,0.19400000000000003,302.666,358.4,0.8587,0.2572272279966986,1.54,0.3377575589081497,8,-0.8660254037844385,-0.5000000000000004,-0.8146748516874677,-0.579407608194435,-0.15636629649360595,-0.32469796037174675
2022-08-29,20892.8,6208.6,8.248000000000001,75.0,61.862,995.0,28.18,4450.6,7.5,131.2,7.3,61.620000000000005,4.86,129.38000000000002,12.14,2432.54,7.26,23.098,9.536,1.7079999999999997,0.29,14.284,0.20800000000000005,293.47799999999995,358.4,0.8587,0.2551388504177692,1.54,0.33717300395743866,8,-0.8660254037844385,-0.5000000000000004,-0.8245210376600021,-0.5653081892752544,-0.35135187892997066,-0.08019377358048389
2022-08-30,19882.8,5956.8,7.516,75.0,56.372,945.0,26.660000000000004,4392.4,7.5,132.6,7.2,63.65999999999999,4.76,133.88000000000002,12.080000000000002,2416.6,7.31,24.128,9.692,1.7120000000000002,0.278,14.778,0.20800000000000005,288.57399999999996,358.4,0.8587,0.25749603877760785,1.54,0.3391465078954695,8,-0.8660254037844385,-0.5000000000000004,-0.834123234592225,-0.551041486567933,-0.2817623302598763,0.22469796037174664
2022-08-31,19675.0,5812.8,7.045999999999999,75.0,52.846000000000004,935.0,26.4,4392.2,7.5,132.1,6.9,64.32000000000001,4.64,135.72,12.1,2426.5,7.3260000000000005,24.524,9.392,1.716,0.26800000000000007,14.809999999999999,0.19600000000000004,286.43399999999997,307.2,0.8587,0.2538359831385853,1.54,0.33522358740160163,8,-0.8660254037844385,-0.5000000000000004,-0.8434786010395795,-0.536611721819331,-4.4408920985006264e-17,0.3603875471609676
2022-09-01,18362.2,5521.6,6.605000000000001,75.0,48.038333333333334,870.0,24.7,4421.8,7.26,135.3,6.9,66.94,4.68,146.2,11.98,2449.8399999999997,7.353999999999999,25.104000000000003,9.294,1.704,0.23800000000000004,15.219999999999999,0.18000000000000002,275.512,307.2,0.8587,0.2596026950422443,1.54,0.3408199403539433,9,-0.8928203230275509,-0.40000000000000036,-0.8525843685986209,-0.5220231650289905,0.2817623302598763,0.22469796037174666
2022-09-02,16727.6,5147.2,6.193,75.0,41.949,795.0,22.520000000000003,4467.2,6.779999999999999,134.4,6.3,66.5,4.26,145.78,11.180000000000001,2248.9199999999996,7.366,24.87,8.559999999999999,1.652,0.24000000000000005,15.16,0.19000000000000003,250.448,256.0,0.8587,0.26616225967452656,1.54,0.34831378822422177,9,-0.9196152422706632,-0.3000000000000004,-0.86143784272623,-0.5072801331855727,0.35135187892997066,-0.08019377358048381
2022-09-03,16306.2,5178.6,5.485,75.0,34.190999999999995,775.0,21.98,4440.8,6.3,130.0,5.7,64.36,4.02,138.44,10.959999999999999,2068.16,7.372,24.240000000000002,8.272,1.6280000000000001,0.23800000000000004,14.940000000000001,0.18400000000000005,240.52999999999997,256.0,0.8587,0.2740110211737278,1.54,0.35560038294388674,9,-0.9464101615137753,-0.20000000000000026,-0.8700364035369745,-0.4923869889893928,0.15636629649360598,-0.3246979603717467
2022-09-04,15704.4,5060.2,5.5600000000000005,75.0,32.17399999999999,745.0,21.28,4428.8,5.819999999999999,133.6,5.3,66.58,4.159999999999999,143.95999999999998,10.84,2077.12,7.351999999999999,24.14,8.469999999999999,1.6460000000000001,0.24600000000000005,14.854,0.19200000000000003,229.87399999999997,256.0,0.8587,0.27820308243629566,1.54,0.3589565766296905,9,-0.9732050807568878,-0.10000000000000024,-0.8783775065783725,-0.4773481395614261,-0.15636629649360595,-0.32469796037174675
2022-09-05,15237.0,5076.0,5.63,75.0,29.988,725.0,20.660000000000004,4389.0,5.34,133.7,5.4,66.28,4.34,144.5,10.88,2026.6599999999999,7.358,24.084,8.546000000000001,1.65,0.24800000000000005,15.008,0.20800000000000005,225.36999999999998,256.0,0.8587,0.2860642776428817,1.54,0.3668873690600978,9,-1.0,-1.8369701987210297e-16,-0.8864586835838388,-0.46216803513916993,-0.35135187892997066,-0.08019377358048389
2022-09-06,16030.8,5340.4,5.7410000000000005,75.0,29.281,760.0,21.7,4347.8,5.1,135.5,5.5,66.7,4.52,142.16,11.26,2099.88,7.358,24.356,8.9,1.682,0.26800000000000007,14.913999999999998,0.20600000000000004,235.81599999999997,307.2,0.8587,0.2860631196460145,1.54,0.3671591807181936,9,-1.0,-1.8369701987210297e-16,-0.8942775432030838,-0.44685116775974754,-0.2817623302598763,0.22469796037174664
2022-09-07,17423.4,5804.2,5.771,75.0,29.433000000000003,825.0,23.560000000000002,4292.8,5.1,137.0,5.4,70.08,4.7,148.56,11.280000000000001,2412.66,7.35,24.604,9.456,1.722,0.25800000000000006,15.180000000000001,0.19800000000000004,261.61199999999997,358.4,0.8587,0.2860575487368643,1.54,0.3668052277763113,9,-1.0,-1.8369701987210297e-16,-0.9018317717097529,-0.43140206993064084,-4.4408920985006264e-17,0.3603875471609676
2022-09-08,18491.0,6159.8,6.125,75.0,31.238999999999997,875.0,25.060000000000002,4335.2,5.1,134.8,5.9,67.61999999999999,4.94,144.66,11.540000000000001,2439.9800000000005,7.404000000000001,24.734,9.678,1.732,0.26000000000000006,15.416,0.19800000000000004,281.746,358.4,0.8587,0.2860554665367897,1.54,0.36673022402567707,9,-1.0,-1.8369701987210297e-16,-0.9091191336860952,-0.41582531328844974,0.2817623302598763,0.22469796037174666
2022-09-09,20153.6,6713.6,6.444,75.0,32.866,955.0,27.160000000000004,4424.6,5.1,129.2,6.5,63.220000000000006,5.1,135.28000000000003,11.8,2464.02,7.412000000000001,24.198,9.652,1.7,0.266,15.170000000000002,0.20200000000000004,301.288,358.4,0.8587,0.2860524056467278,1.54,0.36733523587797934,9,-1.0,-1.8369701987210297e-16,-0.9161374726844592,-0.4001255072460708,0.35135187892997066,-0.08019377358048381
2022-09-10,20287.6,6758.2,6.63,75.0,33.814,960.0,27.3,4410.0,5.1,128.6,6.6,62.82000000000001,5.12,132.76,11.94,2435.78,7.414,24.464,9.57,1.736,0.26400000000000007,15.348000000000003,0.18600000000000005,306.63199999999995,358.4,0.8587,0.286050284983645,1.54,0.36726723241891,9,-1.0,-1.8369701987210297e-16,-0.9228847118654212,-0.38430729762869714,0.15636629649360598,-0.3246979603717467
2022-09-11,19618.8,6535.4,6.8469999999999995,75.0,34.922000000000004,930.0,26.46,4379.0,5.1,125.8,6.4,61.279999999999994,4.96,128.7,11.68,2279.1600000000003,7.395999999999999,23.973999999999997,9.964,1.698,0.268,15.27,0.19600000000000004,295.26,307.2,0.8587,0.2860493126924898,1.54,0.3668974400461695,9,-1.0,-1.8369701987210297e-16,-0.929358854612355,-0.3683753652990453,-0.15636629649360595,-0.32469796037174675
2022-09-12,18434.2,6140.8,7.2170000000000005,75.0,36.81,875.0,24.759999999999998,4388.4,5.1,123.3,6.6,57.279999999999994,5.0200000000000005,119.46,11.82,1947.6,7.388,23.508000000000003,10.225999999999999,1.654,0.278,14.935999999999998,0.19400000000000006,271.576,256.0,0.8587,0.2860495528308894,1.54,0.3673983609261009,9,-1.0,-1.8369701987210297e-16,-0.9355579851222627,-0.3523344247722119,-0.35135187892997066,-0.08019377358048389
2022-09-13,17587.0,5858.6,7.143000000000001,75.0,36.432,835.0,23.54,4420.0,5.1,128.4,6.5,60.160000000000004,5.1000000000000005,128.78,11.98,2033.78,7.3199999999999985,23.8,10.448,1.668,0.28400000000000003,15.12,0.20200000000000004,261.854,256.0,0.8587,0.28605054214810255,1.54,0.3675131333328013,9,-1.0,-1.8369701987210297e-16,-0.9414802689726922,-0.33618922282057256,-0.2817623302598763,0.22469796037174664
2022-09-14,16620.0,5536.4,7.131,75.0,36.37,788.0,22.3,4354.0,5.1,132.6,6.1,62.18000000000001,5.0200000000000005,131.68,11.8,1995.6200000000001,7.295999999999999,24.235999999999997,10.986,1.688,0.29200000000000004,15.315999999999999,0.18400000000000005,252.18,256.0,0.8587,0.2860470297628826,1.54,0.36754436453820827,9,-1.0,-1.8369701987210297e-16,-0.9471239536645717,-0.31994453706913595,-4.4408920985006264e-17,0.3603875471609676
2022-09-15,16356.4,5448.6,6.819,75.0,34.778,778.0,22.0,4324.2,5.1,133.5,6.0,62.46,5.04,135.9,11.7,2033.42,7.331999999999999,23.838,11.66,1.6800000000000002,0.308,15.207999999999998,0.19600000000000004,246.03599999999997,256.0,0.8587,0.28604785773034047,1.54,0.3676875782061881,9,-1.0,-1.8369701987210297e-16,-0.9524873691408026,-0.30360517458176817,0.2817623302598763,0.22469796037174666
2022-09-16,16585.0,5524.8,6.378,75.0,32.528,788.0,22.28,4394.6,5.1,132.5,5.4,61.760000000000005,4.9799999999999995,134.94,11.48,2049.52,7.369999999999999,24.186,11.578,1.688,0.30200000000000005,15.347999999999999,0.19800000000000004,251.68800000000002,256.0,0.8587,0.28605054051672785,1.54,0.36808990959134186,9,-1.0,-1.8369701987210297e-16,-0.9575689282804565,-0.287175970438704,0.35135187892997066,-0.08019377358048381
2022-09-17,17003.6,5664.2,5.904,75.0,30.110000000000003,806.0,22.9,4406.6,5.1,131.5,5.4,59.98,4.9,132.00000000000003,11.48,2046.1799999999998,7.362,24.189999999999998,11.622,1.668,0.32,15.407999999999998,0.20800000000000005,258.448,256.0,0.8587,0.2860484886316183,1.54,0.367581944694215,9,-1.0,-1.8369701987210297e-16,-0.9623671273684294,-0.27066178630577,0.15636629649360598,-0.3246979603717467
2022-09-18,17048.0,5679.0,5.84,75.0,29.784,806.0,22.919999999999998,4358.6,5.1,130.7,5.1,59.980000000000004,4.74,127.76000000000002,11.059999999999999,1983.44,7.382,24.003999999999998,11.458,1.6640000000000001,0.31600000000000006,15.126,0.20800000000000005,254.08199999999997,256.0,0.8587,0.28604892495300627,1.54,0.3668142956069692,9,-1.0,-1.8369701987210297e-16,-0.9668805465404162,-0.25406750899573866,-0.15636629649360595,-0.32469796037174675
2022-09-19,16959.6,5649.6,5.754,75.0,29.345999999999997,803.0,22.860000000000003,4302.0,5.1,129.9,5.2,59.96,4.68,127.93999999999998,11.120000000000001,1975.7400000000002,7.403999999999999,23.990000000000002,11.282,1.6780000000000002,0.316,15.218,0.22600000000000003,254.01,307.2,0.8587,0.2860512809989927,1.54,0.3669107651376571,9,-1.0,-1.8369701987210297e-16,-0.9711078502030691,-0.23739804902224235,-0.35135187892997066,-0.08019377358048389
2022-09-20,16523.0,5504.0,5.779999999999999,75.0,29.48,783.0,22.22,4321.4,5.1,126.4,5.1,58.6,4.64,121.64000000000001,11.22,1829.4,7.38,24.208000000000002,10.716,1.6580000000000001,0.314,15.136,0.22400000000000003,246.138,307.2,0.8587,0.28604179785649353,1.54,0.367086261881694,9,-1.0,-1.8369701987210297e-16,-0.975047787429224,-0.22065833914667285,-0.2817623302598763,0.22469796037174664
2022-09-21,16082.0,5357.2,5.7700000000000005,75.0,29.429999999999996,763.0,21.48,4262.4,5.1,130.0,5.7,57.64,4.66,116.14000000000001,11.299999999999999,1693.4199999999996,7.35,24.357999999999997,10.858,1.6480000000000001,0.334,15.152000000000001,0.21200000000000005,239.86000000000004,358.4,0.8587,0.28604788857672714,1.54,0.36723243763012103,9,-1.0,-1.8369701987210297e-16,-0.9786991923280685,-0.20385333291849853,-4.4408920985006264e-17,0.3603875471609676
2022-09-22,15690.8,5227.0,5.732,75.0,29.236,745.0,20.98,4210.0,5.1,130.8,5.5,57.42,4.58,115.7,11.12,1650.9599999999998,7.378,24.514000000000003,11.096,1.6800000000000002,0.31400000000000006,15.268,0.19800000000000004,236.23600000000002,358.4,0.8587,0.28605402621109977,1.54,0.36675769471028097,9,-1.0,-1.8369701987210297e-16,-0.9820609843901467,-0.18698800320942882,0.2817623302598763,0.22469796037174666
2022-09-23,15187.8,5059.4,5.74,75.0,29.276,720.0,20.44,4198.4,5.1,131.1,5.8,56.339999999999996,4.56,114.38,11.36,1567.78,7.392,24.442,11.197999999999999,1.6780000000000002,0.316,15.318000000000001,0.19800000000000004,229.648,358.4,0.8587,0.2860520460520981,1.54,0.367266888061175,9,-1.0,-1.8369701987210297e-16,-0.9851321688071023,-0.17006734074186178,0.35135187892997066,-0.08019377358048381
2022-09-24,14262.0,4751.0,5.5600000000000005,75.0,28.357999999999997,675.0,19.14,4239.2,5.1,130.7,5.6,54.56,4.539999999999999,111.12,11.24,1427.14,7.372,24.012,11.196000000000002,1.654,0.304,15.122,0.19400000000000006,213.166,307.2,0.8587,0.286051935824405,1.54,0.36724022962249536,9,-1.0,-1.8369701987210297e-16,-0.9879118367660551,-0.15309635261204882,0.15636629649360598,-0.3246979603717467
2022-09-25,14960.4,4983.8,5.656999999999999,75.0,28.851999999999997,705.0,20.1,4291.2,5.1,133.1,5.5,55.879999999999995,4.4799999999999995,113.94000000000001,11.059999999999999,1551.16,7.340000000000001,24.032,11.674,1.64,0.29400000000000004,15.088,0.18800000000000003,223.26399999999998,307.2,0.8587,0.2860605733042041,1.54,0.3663258786676476,9,-1.0,-1.8369701987210297e-16,-0.9903991657185358,-0.13608006080841467,-0.15636629649360595,-0.32469796037174675
2022-09-26,14840.2,4943.6,5.763,75.0,29.392000000000003,700.0,19.96,4337.2,5.1,129.7,5.4,56.220000000000006,4.42,117.05999999999999,11.14,1582.94,7.328,23.612000000000002,11.261999999999999,1.656,0.2760000000000001,14.951999999999998,0.20600000000000004,219.244,256.0,0.8587,0.2860511670012379,1.54,0.3664806373402419,9,-1.0,-1.8369701987210297e-16,-0.9925934196238899,-0.11902350072546963,-0.35135187892997066,-0.08019377358048389
2022-09-27,14536.8,4842.4,6.545,75.0,33.38,685.0,19.56,4354.4,5.1,130.4,5.6,58.620000000000005,4.4399999999999995,122.84,11.22,1631.92,7.304,23.832,10.952000000000002,1.6640000000000001,0.29000000000000004,14.946000000000002,0.22400000000000003,214.36599999999999,256.0,0.8587,0.28604329015848096,1.54,0.3674982448412559,9,-1.0,-1.8369701987210297e-16,-0.9944939491670848,-0.10193171967375594,-0.2817623302598763,0.22469796037174664
2022-09-28,14292.0,4760.8,6.8950000000000005,75.0,35.166000000000004,675.0,19.18,4348.2,5.1,128.6,5.3,58.5,4.4,122.35999999999999,11.02,1601.1200000000001,7.274000000000001,23.895999999999997,11.182,1.6380000000000003,0.28800000000000003,14.748,0.23600000000000004,207.72200000000004,256.0,0.8587,0.28604012185206423,1.54,0.36790225001776894,9,-1.0,-1.8369701987210297e-16,-0.9961001919508521,-0.0848097753862671,-4.4408920985006264e-17,0.3603875471609676
2022-09-29,14623.2,4871.2,7.397727272727272,75.0,37.37381818181818,690.0,19.68,4414.4,5.076363636363636,130.2,5.6,61.879999999999995,4.54,129.72,11.18,1732.36,7.272,24.314,11.216000000000001,1.654,0.30400000000000005,14.986,0.23600000000000004,215.762,256.0,0.8587,0.2860446000150366,1.54,0.3671251684029062,9,-1.0,-1.8369701987210297e-16,-0.99741167266211,-0.06766273452178341,0.2817623302598763,0.22469796037174666
2022-09-30,14362.4,4784.2,7.914181818181818,75.0,39.29545454545455,680.0,19.28,4413.0,5.029090909090908,127.6,6.0,61.7,4.640000000000001,128.86,11.32,1685.5,7.276000000000001,24.126,11.416,1.64,0.29800000000000004,14.812000000000001,0.25000000000000006,208.888,256.0,0.8587,0.2860381889483537,1.54,0.367343501265896,9,-1.0,-1.8369701987210297e-16,-0.9984280032126165,-0.0504956711655658,0.35135187892997066,-0.08019377358048381
2022-10-01,14267.2,4667.9286661999995,8.444363636363637,75.0,40.93090909090909,675.0,19.28,4326.0,4.958181818181818,126.0,5.7,62.52,4.72,130.24,11.14,1696.46786,7.268000000000001,23.770000000000003,11.556000000000001,1.6320000000000001,0.29800000000000004,14.648,0.24600000000000005,205.315892,256.0,0.8587,0.28072990385921914,1.54,0.3613629024073135,10,-0.9732050807568878,0.09999999999999988,-0.9991488828538102,-0.033313665327853084,0.15636629649360598,-0.3246979603717467
2022-10-02,13936.6,4482.9699864,8.217272727272727,75.0,38.34818181818182,660.0,18.78,4303.8,4.863636363636363,125.2,5.4,61.260000000000005,4.74,125.86000000000001,11.059999999999999,1602.87724,7.264,23.042,11.944,1.6060000000000003,0.28600000000000003,14.378,0.23000000000000004,197.32437199999998,256.0,0.8587,0.275422773688555,1.54,0.3550353818479323,10,-0.9464101615137755,0.19999999999999993,-0.9995740982658079,-0.01612180144060451,-0.15636629649360595,-0.32469796037174675
2022-10-03,13483.8,4257.907088800001,8.34090909090909,75.0,37.197272727272725,640.0,18.1,4315.6,4.745454545454545,127.0,5.5,62.879999999999995,4.74,129.6,11.16,1597.6393199999998,7.264,23.23,12.225999999999999,1.6460000000000001,0.28600000000000003,14.866,0.21400000000000005,197.110548,256.0,0.8587,0.27011415705528147,1.54,0.3490323972129828,10,-0.9196152422706632,0.3,-0.9997035236205278,0.0010748331470651796,-0.35135187892997066,-0.08019377358048389
2022-10-04,13487.0,4173.025504,8.464545454545455,75.0,36.04636363636364,640.0,18.1,4247.4,4.627272727272727,124.8,5.3,61.1,4.659999999999999,125.38,11.0,1541.6957200000002,7.2459999999999996,22.823999999999998,12.074,1.6380000000000003,0.274,14.552000000000001,0.21400000000000005,192.80137200000001,256.0,0.8587,0.2647984529963313,1.54,0.3436987190163488,10,-0.8928203230275511,0.4000000000000001,-0.9995371206189254,0.01827114967431425,-0.2817623302598763,0.22469796037174664
2022-10-05,13472.4,4071.2110836,8.588181818181818,75.0,34.89545454545454,640.0,18.1,4163.4,4.50909090909091,128.3,5.1,62.5,4.62,129.56,10.92,1606.8315599999999,7.086,22.881999999999998,11.274000000000001,1.6620000000000001,0.26800000000000007,14.666,0.22000000000000006,194.288812,256.0,0.8587,0.2594896943,1.54,0.33846361922894735,10,-0.8660254037844386,0.5000000000000001,-0.9990749385023259,0.03546205947441998,-4.4408920985006264e-17,0.3603875471609676
2022-10-06,14394.8,4349.9502172,8.711818181818181,75.0,33.74454545454545,685.0,19.3,4221.0,4.390909090909091,133.5,5.6,64.52000000000001,4.7,133.57999999999998,11.120000000000001,1784.34726,7.0840000000000005,23.455999999999996,11.23,1.702,0.26200000000000007,14.9,0.23600000000000004,210.95002600000004,256.0,0.8587,0.2594896943,1.54,0.3385632884613868,10,-0.8660254037844386,0.5000000000000001,-0.9983171140378533,0.05264247548059755,0.2817623302598763,0.22469796037174666
2022-10-07,15614.6,4718.5603594,8.835454545454546,75.0,32.593636363636364,740.0,20.997223679999998,4323.0,4.272727272727272,136.8,6.1,63.8,4.9,134.16,11.4,1916.7908400000001,7.0680000000000005,23.904,11.319999999999999,1.7,0.26400000000000007,15.074000000000002,0.26400000000000007,230.197674,307.2,0.8587,0.25948969429999996,1.54,0.33831029813265484,10,-0.8660254037844386,0.5000000000000001,-0.997263871477959,0.06980731373134444,0.35135187892997066,-0.08019377358048381
2022-10-08,16921.8,5113.581820199999,8.959090909090909,75.0,31.442727272727275,800.0,22.797223680000002,4289.2,4.154545454545454,138.4,6.1,60.96,4.9399999999999995,128.76,11.34,1982.8652399999999,7.044,23.094,11.11,1.682,0.268,14.546000000000001,0.278,241.532618,358.4,0.8587,0.25948969429999996,1.54,0.33808831497388636,10,-0.8660254037844386,0.5000000000000001,-0.9959155224940615,0.0869514948748665,0.15636629649360598,-0.3246979603717467
2022-10-09,18131.6,5479.170072399999,9.082727272727272,75.0,30.29181818181818,860.0,25.79922368,4341.2,4.036363636363636,138.1,6.2,61.279999999999994,4.88,129.7,11.44,2133.29186,7.034000000000001,23.058,11.272,1.69,0.262,14.526000000000002,0.28600000000000003,257.82700800000003,358.4,0.8587,0.25948969429999996,1.54,0.33889532053586385,10,-0.8660254037844386,0.5000000000000001,-0.994272466084318,0.10406994567214008,-0.15636629649360595,-0.32469796037174675
2022-10-10,19042.0,5754.282937999999,8.707636363636365,75.0,29.062690909090907,900.0,27.109623680000006,4381.2,3.9418181818181814,135.8,6.2,60.42,4.819999999999999,127.1,11.419999999999998,2204.53838,7.172,22.978,11.315999999999999,1.6780000000000002,0.272,14.524000000000001,0.28800000000000003,271.037912,358.4,0.8587,0.25948969429999996,1.54,0.33902122237368665,10,-0.8660254037844386,0.5000000000000001,-0.9923351884555544,0.12115760049816504,-0.35135187892997066,-0.08019377358048389
2022-10-11,19222.2,5808.7373958,8.781818181818181,75.0,29.864945454545456,905.0,27.418823680000003,4328.6,3.870909090909091,131.7,5.7,58.64,4.62,123.5,11.22,2163.75674,7.18,22.76,11.005999999999998,1.6919999999999997,0.28200000000000003,14.466,0.278,272.789062,358.4,0.8587,0.2594896943,1.54,0.3392899069356143,10,-0.8660254037844386,0.5000000000000001,-0.9901042628793887,0.13820940284096422,-0.2817623302598763,0.22469796037174664
2022-10-12,19379.4,5856.241506599999,8.743272727272728,75.0,30.562981818181818,915.06312,27.565199999999997,4195.4,3.8236363636363633,131.3,5.4,62.620000000000005,4.4399999999999995,137.5,11.02,2450.07186,7.178,23.266,10.398,1.7559999999999998,0.29600000000000004,14.796000000000001,0.2780000000000001,281.309758,307.2,0.8587,0.2594896943,1.54,0.3400649489682902,10,-0.8660254037844386,0.5000000000000001,-0.9875803495225911,0.1552203067978873,-4.4408920985006264e-17,0.3603875471609676
2022-10-13,19398.6,5862.0435354,8.838,75.0,32.0916,915.06312,27.6084,4174.6,3.8,131.0,5.7,66.46000000000001,4.5,145.24,11.16,2593.64818,7.168000000000001,24.089999999999996,10.006,1.768,0.28600000000000003,15.201999999999998,0.2760000000000001,289.17695799999996,256.0,0.8587,0.2594896943,1.54,0.3405954103901908,10,-0.8660254037844386,0.5000000000000001,-0.9847641952517299,0.17218527856877425,0.2817623302598763,0.22469796037174666
2022-10-14,18740.6,5663.203173399999,8.996,75.0,34.184799999999996,885.06312,25.3152,4104.6,3.8,132.7,6.0,67.32000000000001,4.64,147.3,11.16,2552.46016,7.17,24.099999999999998,10.004,1.7559999999999998,0.3,15.193999999999999,0.26800000000000007,280.10313799999994,256.0,0.8587,0.2594896943,1.54,0.3409014827403871,10,-0.8660254037844386,0.5000000000000001,-0.9816566334121613,0.18909929794553781,0.35135187892997066,-0.08019377358048381
2022-10-15,17760.0,5366.87664,9.604000000000001,75.0,36.4952,840.06312,24.0048,4072.0,3.8,135.9,6.4,67.61999999999999,4.7,147.8,11.22,2438.88618,7.160000000000001,24.124,10.76,1.7559999999999998,0.316,15.276,0.26000000000000006,267.18577999999997,256.0,0.8587,0.2594896943,1.54,0.3413746233429208,10,-0.8660254037844386,0.5000000000000001,-0.9782585835814294,0.2059573597977241,0.15636629649360598,-0.3246979603717467
2022-10-16,17017.6,5142.5315264,9.614999999999998,75.0,36.537,810.06312,22.995600000000003,4078.0,3.8,140.1,6.4,69.92,4.76,153.92000000000002,11.2,2445.73626,7.144,24.598000000000003,10.996,1.7239999999999998,0.31000000000000005,15.584,0.26200000000000007,261.09104399999995,256.0,0.8587,0.2594896943,1.54,0.3413093270275956,10,-0.8660254037844386,0.5000000000000001,-0.9745710512971485,0.22275447555361091,-0.15636629649360595,-0.32469796037174675
2022-10-17,16214.0,4899.692445999999,9.591,75.0,36.4458,770.0,21.9868,4091.2,3.8,139.7,6.4,67.44,4.82,141.0,11.26,2109.43202,7.169999999999999,24.18,11.15,1.672,0.28800000000000003,15.242,0.24600000000000005,243.36733999999996,256.0,0.8587,0.2594896943,1.54,0.341239373174512,10,-0.8660254037844386,0.5000000000000001,-0.9705951277594483,0.2394856746764066,-0.35135187892997066,-0.08019377358048389
2022-10-18,15499.0,4683.627310999999,9.413,75.0,35.769400000000005,735.0,20.9632,4065.8,3.8,139.5,6.2,67.2,4.84,139.16,11.26,1983.3284200000003,7.1659999999999995,24.218,11.512,1.686,0.29600000000000004,15.1,0.24400000000000005,230.03989,256.0,0.8587,0.2594896943,1.54,0.3411543880761756,10,-0.8660254037844386,0.5000000000000001,-0.9663319895080701,0.25614600613511146,-0.2817623302598763,0.22469796037174664
2022-10-19,14811.4,4475.8421546,9.258999999999999,75.0,35.184200000000004,700.0,19.9484,4065.6,3.8,142.1,6.0,70.14,4.76,144.67999999999998,11.319999999999999,1969.47772,7.1579999999999995,24.938,11.464000000000002,1.738,0.28600000000000003,15.876,0.24400000000000005,230.804966,256.0,0.8587,0.2594896943,1.54,0.341022941207218,10,-0.8660254037844386,0.5000000000000001,-0.9617828980742097,0.27273053986960816,-4.4408920985006264e-17,0.3603875471609676
2022-10-20,14999.2,4532.5932488,8.998999999999999,75.0,34.1962,710.0,20.136400000000002,4055.8,3.8,142.9,5.7,72.52000000000001,4.5600000000000005,150.07999999999998,11.360000000000001,2080.1411399999997,7.192,25.286,11.290000000000001,1.7419999999999998,0.28,15.825999999999999,0.23600000000000004,232.94425999999999,256.0,0.8587,0.25948969429999996,1.54,0.34099039675644505,10,-0.8660254037844386,0.5000000000000001,-0.9569491996072103,0.2892343682495448,0.2817623302598763,0.22469796037174666
2022-10-21,15034.2,4543.1698638,9.064,75.0,34.443200000000004,710.0,20.156800000000004,4046.8,3.8,142.0,5.6,71.52,4.5,147.02,11.32,2038.0955399999998,7.206,25.151999999999997,11.434000000000001,1.7459999999999998,0.29600000000000004,15.868,0.23200000000000004,234.22859000000003,256.0,0.8587,0.2594896943,1.54,0.3415382645332903,10,-0.8660254037844386,0.5000000000000001,-0.9518323244762147,0.30565260752658313,0.35135187892997066,-0.08019377358048381
2022-10-22,14933.2,4512.6487748,9.245999999999999,75.0,35.1348,710.0,19.965200000000003,4016.2,3.8,141.7,5.9,71.92,4.64,147.54000000000002,11.520000000000001,2031.44456,7.192,25.008,11.296000000000001,1.7259999999999998,0.306,15.894,0.21600000000000005,233.38702200000003,256.0,0.8587,0.2594896943,1.54,0.34215851929598395,10,-0.8660254037844386,0.5000000000000001,-0.9464337868468972,0.3219803992795766,0.15636629649360598,-0.3246979603717467
2022-10-23,15146.4,4577.0754696,9.474,75.0,36.0012,725.0,20.3456,4081.2,3.8,142.6,5.9,73.82000000000001,4.619999999999999,151.11999999999998,11.48,2117.21366,7.217999999999999,25.044,10.834,1.732,0.29600000000000004,16.19,0.20200000000000004,241.58350000000002,256.0,0.8587,0.2594896943,1.54,0.34199608671977105,10,-0.8660254037844386,0.5000000000000001,-0.9407551842333961,0.3382129118522569,-0.15636629649360595,-0.32469796037174675
2022-10-24,15581.4,4708.5276846,9.64,75.0,36.632,745.0,21.0148,4107.6,3.8,140.4,5.6,70.94,4.64,146.42000000000002,11.44,2111.79336,7.234,24.71,10.483999999999998,1.686,0.306,15.785999999999998,0.20200000000000004,243.05643,256.0,0.8587,0.2594896943,1.54,0.3418891736595902,10,-0.8660254037844386,0.5000000000000001,-0.9347981970255848,0.35434534178299726,-0.35135187892997066,-0.08019377358048389
2022-10-25,15109.0,4565.773601,9.719999999999999,75.0,36.93599999999999,720.0,20.310800000000004,4122.0,3.8,139.4,5.0,67.24,4.66,138.02,11.12,1927.7536400000001,7.2219999999999995,24.107999999999997,9.937999999999999,1.686,0.29000000000000004,15.613999999999999,0.19800000000000004,233.71891799999997,307.2,0.8587,0.2594896943,1.54,0.3417309504182319,10,-0.8660254037844386,0.5000000000000001,-0.9285645879918171,0.37037291522623594,-0.2817623302598763,0.22469796037174664
2022-10-26,14973.6,4524.8572103999995,9.358,75.0,35.5604,710.0,20.086400000000005,4123.6,3.8,138.8,4.9,65.84,4.6,135.56,11.2,1871.51176,7.217999999999999,23.608,9.65,1.7,0.272,15.232,0.18000000000000005,226.053136,307.2,0.8587,0.2594896943,1.54,0.34123814305557565,10,-0.8660254037844386,0.5000000000000001,-0.9220562017572949,0.38629088936513173,-4.4408920985006264e-17,0.3603875471609676
2022-10-27,15014.8,4537.3073972,9.058,75.0,34.4204,710.0,20.2264,4138.2,3.8,139.5,4.5,65.96,4.38,139.1,10.94,1931.9523199999999,7.223999999999999,23.869999999999997,9.846,1.722,0.272,15.319999999999999,0.19400000000000003,227.739106,358.4,0.8587,0.2594896943,1.54,0.3408962799676868,10,-0.8660254037844386,0.5000000000000001,-0.9152749642582145,0.40209455381504167,0.2817623302598763,0.22469796037174666
2022-10-28,14721.8,4448.7660202,8.847999999999999,75.0,33.6224,695.0,19.7776,4091.2,3.8,140.3,4.1,61.4,4.3,130.42000000000002,10.84,1763.1935399999998,7.228,23.008000000000003,10.166,1.6800000000000002,0.28800000000000003,14.718,0.19400000000000003,214.06395400000002,409.6,0.8587,0.2594896943,1.54,0.3414979428415204,10,-0.8660254037844386,0.5000000000000001,-0.9082228821718523,0.41777923201739836,0.35135187892997066,-0.08019377358048381
2022-10-29,14558.4,4399.388337599999,8.428,75.0,32.0264,690.0,19.4736,4056.4,3.8,140.5,4.0,60.3,4.3,128.62,10.8,1716.48406,7.215999999999999,22.845999999999997,10.46,1.702,0.28,14.38,0.19400000000000003,206.58444999999998,409.6,0.8587,0.2594896943,1.54,0.34166472963595745,10,-0.8660254037844386,0.5000000000000001,-0.9009020423227542,0.43334028262357976,0.15636629649360598,-0.3246979603717467
2022-10-30,14899.0,4502.313910999999,8.604000000000001,75.0,32.6952,710.0,20.004800000000003,4031.8,3.8,139.3,4.6,60.56,4.46,129.42000000000002,11.100000000000001,1762.1983399999997,7.218000000000001,23.018,10.67,1.718,0.296,14.49,0.18800000000000006,213.156914,358.4,0.8587,0.2594896943,1.54,0.3420784453877778,10,-0.8660254037844386,0.5000000000000001,-0.8933146110652126,0.4487731008683579,-0.15636629649360595,-0.32469796037174675
2022-10-31,14992.0,4530.417488,8.632,75.0,32.80159999999999,715.0,20.0984,4051.8,3.8,137.4,5.0,61.44,4.62,131.22,11.24,1799.1518199999998,7.217999999999999,23.408,10.656,1.7259999999999998,0.30400000000000005,14.718,0.20600000000000004,217.751234,358.4,0.8587,0.25948969429999996,1.54,0.3421360760370496,10,-0.8660254037844386,0.5000000000000001,-0.8854628336422069,0.4640731199325242,-0.35135187892997066,-0.08019377358048389
2022-11-01,15182.6,4874.4966688,9.008,75.0,32.620799999999996,725.0,21.879200000000004,4047.2,3.8,137.0,5.1,63.459999999999994,4.720000000000001,141.72,11.3,1987.5453999999997,7.212000000000001,23.82,10.719999999999999,1.754,0.31600000000000006,15.524000000000001,0.18800000000000006,233.476012,358.4,0.8587,0.275228789426,1.54,0.35805794141386443,11,-0.792820323027551,0.5732050807568878,-0.877349033520999,0.4792358122942841,-0.2817623302598763,0.22469796037174664
2022-11-02,15325.4,5199.548970399999,10.878,75.0,39.7268,730.0,22.073200000000003,4074.8,3.8,136.0,5.7,71.46000000000001,4.9,159.7,11.7,2272.7198799999996,7.209999999999999,24.978,10.809999999999999,1.768,0.32200000000000006,16.566,0.18400000000000005,251.49557600000003,307.2,0.8587,0.29096788455199996,1.54,0.37428456454361403,11,-0.7196152422706634,0.6464101615137754,-0.8689756117055838,0.4942566910690232,-4.4408920985006264e-17,0.3603875471609676
2022-11-03,14879.0,5290.66645318,12.586,75.0,46.217200000000005,710.0,21.5828,4065.2,3.8,133.8,5.9,74.03999999999999,4.859999999999999,164.82,11.780000000000001,2281.21084,7.232000000000001,25.028,10.697999999999999,1.784,0.32,17.384,0.18200000000000005,255.37525200000005,358.4,0.8587,0.30670697967800004,1.54,0.3911555037851474,11,-0.6464101615137758,0.719615242270663,-0.8603450460261918,0.5091313113370494,0.2817623302598763,0.22469796037174666
2022-11-04,15081.2,5656.43337454,12.47,75.0,45.7764,715.0,21.823600000000003,4078.2,3.8,134.4,5.4,75.86,4.9,169.33999999999997,11.68,2381.01484,7.226000000000001,25.306,10.916,1.768,0.314,17.69,0.26200000000000007,262.07585600000004,358.4,0.8587,0.322446074804,1.54,0.4063458839152788,11,-0.5732050807568883,0.7928203230275507,-0.8514598904060595,0.523855271458916,0.35135187892997066,-0.08019377358048381
2022-11-05,14705.4,5791.48503306,12.57,75.0,46.1564,700.0,21.4436,4054.2,3.8,138.7,5.1,77.58,4.8,179.2,11.540000000000001,2467.80084,7.192,25.874000000000002,11.08,1.748,0.316,17.916,0.29000000000000004,258.906564,358.4,0.8587,0.33818516993000003,1.54,0.42254115613086346,11,-0.5000000000000004,0.8660254037844384,-0.842322774105684,0.538424214377937,0.15636629649360598,-0.3246979603717467
2022-11-06,14133.2,5566.1332754800005,12.376666666666667,75.0,47.031333333333336,670.0,19.1796,4058.2,3.8,138.2,5.2,76.72,4.82,169.42000000000002,11.56,2237.0937399999993,7.188,25.396,11.216000000000001,1.734,0.29600000000000004,17.131999999999998,0.29800000000000004,237.893106,358.4,0.8587,0.33818516993000003,1.54,0.4214817698755537,11,-0.5000000000000004,0.8660254037844384,-0.83293640094478,0.5528338289095106,-0.15636629649360595,-0.32469796037174675
2022-11-07,13796.0,5433.3324844,10.66,75.0,40.507999999999996,655.0,18.7344,3998.2,3.8,139.0,4.7,73.1,4.720000000000001,170.66,11.280000000000001,2193.33482,7.1579999999999995,25.354000000000003,11.438,1.762,0.28800000000000003,17.25,0.29600000000000004,233.21051399999996,409.6,0.8587,0.33818516993000003,1.54,0.42020141309135184,11,-0.5000000000000004,0.8660254037844384,-0.8233035485021786,0.5670798510168689,-0.35135187892997066,-0.08019377358048389
2022-11-08,13845.8,5452.94541262,9.376,75.0,35.6288,655.0,18.8136,4018.8,3.8,142.1,4.8,73.2,4.819999999999999,191.51999999999998,11.220000000000002,2463.74934,7.12,26.026,11.674000000000001,1.736,0.292,17.802,0.30200000000000005,240.97858200000002,409.6,0.8587,0.33818516993000003,1.54,0.4192621822686253,11,-0.5000000000000004,0.8660254037844384,-0.8134270672938948,0.581158065072874,-0.2817623302598763,0.22469796037174664
2022-11-09,13253.6,5219.7169770400005,9.03,75.0,34.314,630.0,18.028399999999998,4036.2,3.8,138.9,4.6,69.14,4.66,183.7,11.120000000000001,2277.2142400000002,7.078,26.298000000000002,11.872,1.7400000000000002,0.28600000000000003,18.488,0.23000000000000004,242.042002,409.6,0.8587,0.33818516993000003,1.54,0.41956803152285377,11,-0.5000000000000004,0.8660254037844384,-0.8033098799296157,0.5950643051074896,-4.4408920985006264e-17,0.3603875471609676
2022-11-10,12652.0,4982.7865028,8.700999999999999,75.0,33.0638,600.07088,17.218799999999998,4039.8,3.8,133.6,4.9,66.38000000000001,4.76,172.56,11.28,2049.64344,7.1259999999999994,25.962,11.808000000000002,1.722,0.292,18.558,0.18200000000000005,233.31909800000003,460.8,0.8587,0.33818516993000003,1.54,0.4186642001191056,11,-0.5000000000000004,0.8660254037844384,-0.7929549802478524,0.6087944560405602,0.2817623302598763,0.22469796037174666
2022-11-11,12450.2,4903.310821780001,8.106333333333334,75.0,30.804066666666664,595.07088,16.8676,4099.8,3.8,133.9,5.3,65.96000000000001,4.859999999999999,176.5,11.48,2066.28194,7.108,26.369999999999997,11.309999999999999,1.702,0.30000000000000004,20.186,0.18200000000000002,249.419216,409.6,0.8587,0.33818516993000003,1.54,0.41988123168758856,11,-0.5000000000000004,0.8660254037844384,-0.7823654324300147,0.6223444548995272,0.35135187892997066,-0.08019377358048381
2022-11-12,12288.8,4839.7460303200005,7.504,75.0,28.5152,585.07088,16.6676,4180.2,3.8,130.1,5.9,62.660000000000004,4.94,160.74,11.56,1830.01712,7.142,26.003999999999998,10.296000000000001,1.668,0.30200000000000005,19.54,0.324,236.139556,358.4,0.8587,0.33818516993000003,1.54,0.41958930323770166,11,-0.5000000000000004,0.8660254037844384,-0.7715443700936714,0.63571029202173,0.15636629649360598,-0.3246979603717467
2022-11-13,11896.2,4685.12684118,6.894,75.0,26.197200000000002,565.07088,16.1196,4181.8,3.8,130.4,6.3,62.06,5.040000000000001,138.94,11.98,1495.95738,7.1579999999999995,25.646000000000004,9.55,1.6900000000000002,0.30800000000000005,18.666,0.724,214.451344,358.4,0.8587,0.33818516993000003,1.54,0.4184443692021918,11,-0.5000000000000004,0.8660254037844384,-0.7604949953652623,0.6488880122409284,-0.15636629649360595,-0.32469796037174675
2022-11-14,11438.8,4504.98721532,6.893000000000001,75.0,26.193399999999997,545.07088,15.5488,4139.8,3.8,134.2,6.7,66.48,5.12,157.58,12.16,1660.959,7.164,24.93,8.278,1.6940000000000002,0.30400000000000005,17.724,0.738,194.667648,358.4,0.8587,0.33818516993000003,1.54,0.4180441760165137,11,-0.5000000000000004,0.8660254037844384,-0.7492205779325365,0.6618737160577004,-0.35135187892997066,-0.08019377358048389
2022-11-15,11836.4,4661.57557396,7.15,75.0,27.169999999999998,565.0,16.032,4203.2,3.8,139.3,6.6,68.97999999999999,5.12,169.04000000000002,12.219999999999999,1853.0642,7.15,25.351999999999997,7.9,1.7600000000000002,0.28800000000000003,19.042,0.76,217.74748800000003,358.4,0.8587,0.33818516993000003,1.54,0.41893972024728293,11,-0.5000000000000004,0.8660254037844384,-0.7377244540770004,0.674663560793367,-0.2817623302598763,0.22469796037174664
2022-11-16,11765.6,4633.692133840001,7.587999999999999,75.0,28.8344,560.0,15.9832,4059.8,3.8,141.5,6.4,69.74000000000001,5.08,170.0,12.1,1854.46532,7.167999999999999,25.448,8.308,1.782,0.28400000000000003,18.404000000000003,0.8560000000000001,207.7308,409.6,0.8587,0.33818516993000003,1.54,0.41811820144192813,11,-0.5000000000000004,0.8660254037844384,-0.7260100256866578,0.6872537617271016,-4.4408920985006264e-17,0.3603875471609676
2022-11-17,11132.6,4384.39527514,7.949,75.0,30.206200000000003,535.0,15.068800000000001,4040.2,3.8,145.3,6.5,72.7,5.14,185.92000000000002,12.2,1932.37066,7.13,25.645999999999997,8.592,1.814,0.264,18.608,0.72,201.27542,460.8,0.8587,0.33818516993,1.54,0.41987091536506804,11,-0.5000000000000004,0.8660254037844384,-0.7140807592493366,0.6996405932158914,0.2817623302598763,0.22469796037174666
2022-11-18,11301.6,4450.953204240001,8.139,75.0,30.928199999999997,545.0,15.312800000000001,3976.6,3.8,148.5,6.1,71.08000000000001,5.04,184.82,11.84,1947.36288,7.101999999999999,25.572,8.296000000000001,1.818,0.25600000000000006,18.486,0.326,206.83006400000005,460.8,0.8587,0.33818516993000003,1.54,0.4209882206911824,11,-0.5000000000000004,0.8660254037844384,-0.7019401848268986,0.7118203897970139,0.35135187892997066,-0.08019377358048381
2022-11-19,11285.0,4444.4155615,8.238,75.0,31.304399999999998,545.0,15.312800000000001,4000.8,3.8,146.3,6.3,69.64,4.9799999999999995,171.66,11.8,1796.0610000000001,7.142,25.96,8.902,1.7879999999999998,0.26000000000000006,18.598000000000003,0.32,207.91838199999998,512.0,0.8587,0.33818516993000003,1.54,0.42110639618499307,11,-0.5000000000000004,0.8660254037844384,-0.6895918950106388,0.7237895472727066,0.15636629649360598,-0.3246979603717467
2022-11-20,11600.2,4568.552006780001,8.245999999999999,75.0,31.3348,560.0,15.7824,3977.8,3.8,145.0,6.8,69.16,5.0200000000000005,165.42,11.739999999999998,1765.693,7.145999999999999,25.316000000000003,9.288,1.7399999999999998,0.27,17.188,0.306,195.65819,460.8,0.8587,0.33818516993000003,1.54,0.421020476223439,11,-0.5000000000000004,0.8660254037844384,-0.6770395438581787,0.7355445237767071,-0.15636629649360595,-0.32469796037174675
2022-11-21,12100.6,4765.626490340001,8.164,75.0,31.023199999999996,580.0,16.482400000000002,4057.6,3.8,146.0,6.3,70.36,4.8,166.7,11.48,1866.97516,7.13,25.274,9.366,1.736,0.28400000000000003,17.371999999999996,0.20600000000000002,209.39588599999996,460.8,0.8587,0.33818516993000003,1.54,0.42054164009931566,11,-0.5000000000000004,0.8660254037844384,-0.6642868458121718,0.7470818408223489,-0.35135187892997066,-0.08019377358048389
2022-11-22,13343.2,5255.00449448,7.992,75.0,30.3696,635.0,18.136000000000003,4076.6,3.8,148.6,5.8,71.0,4.659999999999999,162.95999999999998,11.32,2057.2052599999997,7.196,25.627999999999997,9.776,1.7880000000000003,0.29400000000000004,18.54,0.20600000000000002,249.28127800000001,460.8,0.8587,0.33818516993000003,1.54,0.4195018053080197,11,-0.5000000000000004,0.8660254037844384,-0.6513375746011416,0.7583980843319,-0.2817623302598763,0.22469796037174664
2022-11-23,14065.8,5539.58887062,7.907000000000001,75.0,30.0466,670.0,19.092000000000002,4148.6,3.8,146.5,5.5,70.58,4.5600000000000005,160.98,11.260000000000002,2125.95678,7.186,25.298000000000002,10.89,1.7760000000000002,0.28400000000000003,18.508,0.196,260.352256,460.8,0.8587,0.33818516993000003,1.54,0.4187062818608688,11,-0.5000000000000004,0.8660254037844384,-0.638195562122773,0.7694899056468456,-4.4408920985006264e-17,0.3603875471609676
2022-11-24,14587.8,5745.17016642,7.829000000000001,75.0,29.7502,690.0,19.6868,4148.2,3.8,150.1,5.3,72.92,4.68,172.42,11.280000000000001,2349.9561999999996,7.116,25.721999999999998,11.414,1.8940000000000001,0.28800000000000003,19.568,0.18,283.291112,409.6,0.8587,0.33818516993000003,1.54,0.4187148458717525,11,-0.5000000000000004,0.8660254037844384,-0.624864697309993,0.780354022518808,0.2817623302598763,0.22469796037174666
2022-11-25,14592.6,5747.06056914,7.807666666666667,75.0,29.66913333333333,690.0,19.63817024,4128.2,3.8,152.4,4.5,70.96000000000001,4.62,167.67999999999998,11.120000000000001,2285.89476,7.101999999999999,25.51,11.214000000000002,1.8560000000000003,0.29000000000000004,19.276,0.172,279.354184,460.8,0.8587,0.33818516993000003,1.54,0.41800136056827747,11,-0.5000000000000004,0.8660254037844384,-0.6113489249801725,0.7909872200808185,0.35135187892997066,-0.08019377358048381
2022-11-26,14246.0,5610.5577394,7.919,75.0,30.092200000000002,675.0,19.13817024,4153.0,3.8,149.1,4.8,69.42,4.74,160.7,11.32,2140.49208,7.116,25.448,10.912,1.844,0.272,18.372000000000003,0.182,260.954566,409.6,0.8587,0.33818516993000003,1.54,0.41815757928688535,11,-0.5000000000000004,0.8660254037844384,-0.5976522446677921,0.8013863517986458,0.15636629649360598,-0.3246979603717467
2022-11-27,13780.8,5427.34620912,8.163,75.0,31.019399999999997,655.0,18.61097024,4173.6,3.8,142.9,4.8,65.35999999999999,4.8,146.28,11.28,1860.5469400000002,7.07,25.338,11.016000000000002,1.8780000000000001,0.2700000000000001,18.133999999999997,0.19,246.92576,358.4,0.8587,0.33818516993000003,1.54,0.4185933546121669,11,-0.5000000000000004,0.8660254037844384,-0.5837787094409143,0.8115483404019098,-0.15636629649360595,-0.32469796037174675
2022-11-28,13648.8,5375.36013432,8.398,75.0,31.9124,650.0,18.41097024,4221.6,3.8,144.6,4.7,66.67999999999999,4.72,147.34,11.14,1861.26574,7.122,25.784,10.638000000000002,1.9260000000000002,0.288,18.220000000000002,0.19,246.09701,358.4,0.8587,0.33818516993000003,1.54,0.41874274294625097,11,-0.5000000000000004,0.8660254037844384,-0.5697324247018167,0.8214701787946913,-0.35135187892997066,-0.08019377358048389
2022-11-29,13797.6,5433.96261864,8.624,75.0,32.7712,660.0,18.652170240000004,4288.6,3.8,145.0,4.8,59.480000000000004,4.74,126.73999999999998,11.14,1586.67522,7.164,25.412,10.676,1.862,0.28200000000000003,17.718,0.19,241.82091600000004,409.6,0.8587,0.33818516993000003,1.54,0.4191407907932058,11,-0.5000000000000004,0.8660254037844384,-0.5555175469721365,0.8311489309453833,-0.2817623302598763,0.22469796037174664
2022-11-30,13341.0,5254.1380599,8.589333333333334,75.0,32.639466666666664,640.0,18.0136,4331.2,3.8,144.0,5.6,61.85999999999999,4.9,134.0,11.48,1610.90212,7.122,26.032,11.27,1.902,0.28600000000000003,18.524,0.198,248.360239,409.6,0.8587,0.33818516993000003,1.54,0.4201657299553406,11,-0.5000000000000004,0.8660254037844384,-0.5411382826628894,0.8405817327555078,-4.4408920985006264e-17,0.3603875471609676
2022-12-01,13649.0,5564.752513400001,8.482000000000001,75.0,32.2316,655.0182,18.3936,4246.4,3.8,144.7,5.8,65.41999999999999,5.0,152.76000000000002,11.620000000000001,1906.74662,7.081999999999999,26.088,11.774000000000001,1.9060000000000001,0.30000000000000004,18.594,0.188,254.51171900000003,409.6,0.8587,0.3500381483391878,1.54,0.43274623930930395,12,-0.4000000000000005,0.8928203230275507,-0.5265988868297246,0.8497657929072506,0.2817623302598763,0.22469796037174666
2022-12-02,13699.8,5776.21540438,10.164,75.0,38.6232,655.0182000000001,18.402000000000005,4193.4,3.8,145.7,6.2,68.79999999999998,5.12,161.83999999999997,12.059999999999999,2032.0702999999999,7.052000000000001,26.663999999999998,11.940000000000001,1.8219999999999998,0.29800000000000004,17.912,0.2,245.99468099999999,460.8,0.8587,0.361897296997637,1.54,0.4450114218119225,12,-0.30000000000000043,0.919615242270663,-0.5119036619137853,0.8586983936894551,0.35135187892997066,-0.08019377358048381
2022-12-03,13410.6,5841.39227068,11.015,75.0,41.857,640.0182000000001,18.002000000000002,4145.4,3.8,139.9,6.6,65.47999999999999,5.220000000000001,153.82,12.46,1884.8126,7.036,27.188,12.246,1.81,0.29200000000000004,18.875999999999998,0.2,253.840677,460.8,0.8587,0.3737540728659049,1.54,0.4567477279039072,12,-0.2000000000000004,0.9464101615137753,-0.4970569564685479,0.8673768918018381,0.15636629649360598,-0.3246979603717467
2022-12-04,13345.4,6013.45277758,11.035,75.0,41.93300000000001,635.0182000000001,17.926000000000002,4045.8,3.8,136.5,6.7,69.44,5.26,162.1,12.66,1995.3528,7.038000000000001,26.840000000000003,12.442,1.766,0.304,18.386000000000003,0.20400000000000001,245.583059,409.6,0.8587,0.3856123053091248,1.54,0.46841844319144094,12,-0.10000000000000038,0.9732050807568877,-0.48206316387301384,0.8757987191371847,-0.15636629649360595,-0.32469796037174675
2022-12-05,13560.4,6276.8,10.733,75.0,40.7854,640.0182000000001,18.2736,3983.4,3.8,131.5,6.1,66.24000000000001,5.0600000000000005,151.7,12.34,1899.6374199999998,7.06,27.306,12.244,1.8240000000000003,0.28600000000000003,19.152,0.21200000000000002,255.49016799999998,358.4,0.8587,0.39747272957915447,1.54,0.47940506740790223,12,-2.4492935982947064e-16,1.0,-0.4669267210316395,0.883961383541292,-0.35135187892997066,-0.08019377358048389
2022-12-06,13559.8,6276.6,10.583,75.0,40.2154,639.98976,18.293600000000005,4068.6,3.8,130.7,6.2,66.08,5.040000000000001,146.95999999999998,12.459999999999999,1832.8624,7.07,27.396000000000004,11.940000000000001,1.8399999999999999,0.288,19.66,0.21200000000000002,262.44577799999996,409.6,0.8587,0.3974775961221231,1.54,0.4787363390740847,12,-2.4492935982947064e-16,1.0,-0.45165210706138303,0.8918624695504382,-0.2817623302598763,0.22469796037174664
2022-12-07,13454.8,6228.0,8.723,75.0,33.147400000000005,634.98976,18.1732,4107.4,3.8,130.1,6.1,66.28,4.98,148.06,12.360000000000001,1832.866,7.0920000000000005,26.82,11.761999999999999,1.8039999999999998,0.27999999999999997,19.422,0.192,257.62079400000005,409.6,0.8587,0.3974777967435308,1.54,0.4772765392901376,12,-2.4492935982947064e-16,1.0,-0.4362438419662637,0.8994996391061572,-4.4408920985006264e-17,0.3603875471609676
2022-12-08,13429.4,6216.2,7.831999999999999,75.0,29.761599999999998,629.98976,18.099200000000003,4079.4,3.8,132.9,6.1,75.22,5.0,171.44,12.22,2132.63654,7.0600000000000005,26.954,11.724,1.8119999999999998,0.2760000000000001,19.356,0.19,256.26753799999994,409.6,0.8587,0.39747491976576194,1.54,0.47758104192420864,12,-2.4492935982947064e-16,1.0,-0.42070648529981797,0.906870632247107,0.2817623302598763,0.22469796037174666
2022-12-09,13205.4,6112.6,9.315999999999999,75.0,35.400800000000004,619.98976,17.76,4129.0,3.8,133.9,5.9,80.62,4.880000000000001,184.32,12.0,2278.7754400000003,7.1,28.502,11.565999999999999,1.954,0.26400000000000007,21.252,0.2,277.646292,460.8,0.8587,0.39748047915667983,1.54,0.4783714021188622,12,-2.4492935982947064e-16,1.0,-0.40504463481585534,0.9139732677778294,0.35135187892997066,-0.08019377358048381
2022-12-10,13127.8,6076.6,9.772,75.0,37.1336,619.98976,17.627200000000002,4168.4,3.8,134.7,5.9,81.44,4.9399999999999995,186.85999999999999,11.98,2302.29248,7.072,27.639999999999997,11.398,1.862,0.28200000000000003,19.84,0.188,258.29274,460.8,0.8587,0.39747504512761866,1.54,0.47905802218628823,12,-2.4492935982947064e-16,1.0,-0.3892629251079091,0.9208054439142005,0.15636629649360598,-0.3246979603717467
2022-12-11,12844.0,5945.2,9.184000000000001,75.0,34.8992,605.0,17.212400000000002,4187.4,3.8,134.1,5.8,77.38000000000001,4.840000000000001,172.7,11.680000000000001,2075.0947399999995,7.122,26.964,10.818000000000001,1.8559999999999999,0.274,19.062,0.196,243.13891199999998,409.6,0.8587,0.3974726090431188,1.54,0.4792517922749802,12,-2.4492935982947064e-16,1.0,-0.37336602623778525,0.9273651389053823,-0.15636629649360595,-0.32469796037174675
2022-12-12,12699.0,5878.0,8.754000000000001,75.0,33.26520000000001,600.0,17.0348,4149.8,3.8,133.3,6.0,73.28,4.859999999999999,160.89999999999998,11.58,1904.5546400000003,7.186,26.727999999999998,10.16,1.902,0.276,19.3,0.202,243.57547799999998,358.4,0.8587,0.3974670780725128,1.54,0.48001338342341404,12,-2.4492935982947064e-16,1.0,-0.3573586423536158,0.9336504116320915,-0.35135187892997066,-0.08019377358048389
2022-12-13,12583.0,5824.4,10.24,75.0,38.912,595.0,16.888,4149.4,3.8,130.6,5.8,66.6,4.74,141.78,11.3,1649.51496,7.215999999999999,26.07,9.563999999999998,1.814,0.276,18.576,0.21400000000000002,232.161046,307.2,0.8587,0.3974734735274442,1.54,0.48082267838854886,12,-2.4492935982947064e-16,1.0,-0.34124551029782624,0.9396594021810081,-0.2817623302598763,0.22469796037174664
2022-12-14,12563.8,5815.4,8.246,75.0,31.3348,595.0,16.8652,4169.2,3.8,131.6,5.8,68.0,4.720000000000001,144.56,11.34,1681.86518,7.2,25.27,8.894,1.7080000000000002,0.278,17.387999999999998,0.21200000000000002,216.13858399999998,307.2,0.8587,0.39746613011591514,1.54,0.48004817784643034,12,-2.4492935982947064e-16,1.0,-0.3250313982054276,0.9453903323951532,-4.4408920985006264e-17,0.3603875471609676
2022-12-15,12695.8,5876.6,9.937999999999999,75.0,37.7644,600.0,17.035600000000002,4137.4,3.8,129.8,5.7,65.12,4.68,137.95999999999998,11.36,1610.75662,7.290000000000001,25.42,8.872,1.718,0.266,17.828,0.21200000000000002,224.06474400000002,307.2,0.8587,0.39747277033473705,1.54,0.4806021553415468,12,-2.4492935982947064e-16,1.0,-0.3087211040930474,0.9508415064000747,0.2817623302598763,0.22469796037174666
2022-12-16,12547.4,5807.93867642,10.532,75.0,40.0216,595.0,16.878400000000003,4117.4,3.8,130.7,5.7,66.66,4.779999999999999,139.04000000000002,11.4,1603.3440999999998,7.302000000000001,25.714,9.290000000000001,1.718,0.268,17.936,0.22000000000000003,222.93151600000002,307.2,0.8587,0.39747484063508054,1.54,0.4812086356808657,12,-2.4492935982947064e-16,1.0,-0.29231945443912133,0.9560113111056836,0.35135187892997066,-0.08019377358048381
2022-12-17,12049.0,5577.29450224,10.84,75.0,41.19200000000001,575.0,16.208000000000002,4117.6,3.8,130.5,5.6,67.75999999999999,4.7,141.52,11.18,1580.8806399999999,7.304,25.472,9.746,1.6760000000000002,0.28400000000000003,17.512,0.22200000000000003,209.484298,358.4,0.8587,0.39747850149382963,1.54,0.4821164956602949,12,-2.4492935982947064e-16,1.0,-0.2758313027556585,0.9608982166835933,0.15636629649360598,-0.3246979603717467
2022-12-18,11344.4,5251.11109762,9.144,75.0,34.74720000000001,540.0,15.252800000000002,4115.8,3.8,134.4,5.9,72.24000000000001,4.76,163.28000000000003,11.3,1690.44326,7.353999999999999,25.414,10.01,1.7100000000000002,0.276,17.726000000000003,0.22199999999999998,199.432612,409.6,0.8587,0.3974756863163992,1.54,0.4812312622084306,12,-2.4492935982947064e-16,1.0,-0.2592615281520116,0.9655007770198205,-0.15636629649360595,-0.32469796037174675
2022-12-19,10484.2,4852.95994446,9.214,75.0,35.013200000000005,495.0,14.186800000000002,4113.4,3.8,136.0,6.0,68.62,4.78,159.83999999999997,11.260000000000002,1489.5947199999998,7.390000000000001,24.979999999999997,10.522,1.706,0.266,16.881999999999998,0.22999999999999998,175.42607,409.6,0.8587,0.39747671706179044,1.54,0.4808438126657758,12,-2.4492935982947064e-16,1.0,-0.24261503389106737,0.9698176301427137,-0.35135187892997066,-0.08019377358048389
2022-12-20,9597.2,4442.32410412,7.24,75.0,27.512,450.0,12.988,4131.4,3.8,137.0,6.4,71.64,4.819999999999999,166.22,11.360000000000001,1464.3269599999999,7.394,24.792,10.522,1.702,0.258,16.352,0.24,154.52751000000004,409.6,0.8587,0.39747256577,1.54,0.4797319327621019,12,-2.4492935982947064e-16,1.0,-0.22589674593829426,0.9738474986259826,-0.2817623302598763,0.22469796037174664
2022-12-21,9093.2,4209.034045719999,8.565999999999999,75.0,32.5508,425.0,12.2492,4110.8,3.8,132.7,6.1,66.8,4.5600000000000005,156.88,11.219999999999999,1312.64736,7.406000000000001,24.488,10.51,1.674,0.244,15.964000000000002,0.24,142.99980200000002,409.6,0.8587,0.39747256577,1.54,0.4806056166677319,12,-2.4492935982947064e-16,1.0,-0.20911161150406882,0.9775891899667084,-4.4408920985006264e-17,0.3603875471609676
2022-12-22,9076.4,4201.25771044,8.574000000000002,75.0,32.5812,420.0,12.118800000000002,4141.4,3.8,133.8,5.74,67.24,4.56,159.7,11.3,1338.24362,7.4,24.151999999999997,10.522,1.668,0.23000000000000004,15.712,0.236,140.23846600000002,358.4,0.8587,0.39747256577,1.54,0.4799282149266765,12,-2.4492935982947064e-16,1.0,-0.192264597579717,0.9810415969382251,0.2817623302598763,0.22469796037174666
2022-12-23,9950.2,4605.71972042,8.41,75.0,31.958000000000006,465.0,13.342000000000002,4143.2,3.8,131.8,5.54,64.55999999999999,4.58,144.66,11.3,1334.2964800000002,7.386,24.009999999999998,11.276,1.652,0.244,15.315999999999999,0.22599999999999998,150.89844000000002,307.2,0.8587,0.39747256577,1.54,0.48014126614841734,12,-2.4492935982947064e-16,1.0,-0.1753606894677016,0.9842036979177664,0.35135187892997066,-0.08019377358048381
2022-12-24,10477.2,4849.65595212,8.702,75.0,33.0676,495.0,14.0324,4097.2,3.8,130.0,5.64,64.61999999999999,4.5200000000000005,140.95999999999998,11.3,1387.73548,7.356,24.236,11.482,1.668,0.254,15.794,0.22199999999999998,164.27918400000001,307.2,0.8587,0.39747256576999995,1.54,0.48093449919939213,12,-2.4492935982947064e-16,1.0,-0.15840488930639032,0.9870745571887788,0.15636629649360598,-0.3246979603717467
2022-12-25,11311.2,5235.69545352,8.802,75.0,33.44760000000001,540.0,15.180400000000002,4079.6,3.8,129.8,5.9399999999999995,62.58,4.5,137.83999999999997,11.36,1448.3247399999998,7.340000000000001,23.662,11.906,1.6620000000000001,0.25,15.774000000000001,0.21600000000000003,177.04166200000003,358.4,0.8587,0.39747256576999995,1.54,0.48083701779042887,12,-2.4492935982947064e-16,1.0,-0.14140221458984384,0.9896533252178165,-0.15636629649360595,-0.32469796037174675
2022-12-26,12261.0,5675.3361231,7.5040000000000004,75.0,28.515200000000004,585.0,16.512800000000002,4114.4,3.8,132.6,5.9399999999999995,65.76,4.659999999999999,144.99999999999997,11.379999999999999,1632.29092,7.318,23.98,12.352,1.6960000000000002,0.27,16.182,0.21600000000000003,195.94210600000002,409.6,0.8587,0.39747256576999995,1.54,0.47971191104438615,12,-2.4492935982947064e-16,1.0,-0.12435769668305718,0.9919392389059313,-0.35135187892997066,-0.08019377358048389
2022-12-27,12737.2,5895.75819812,7.605333333333332,75.0,28.90026666666667,610.0,17.2912,4095.4,3.8,134.6,6.2,66.72,4.76,146.42,11.680000000000001,1706.7241,7.308,24.282,12.797999999999998,1.7079999999999997,0.276,16.674,0.24,208.877682,460.8,0.8587,0.39747256576999995,1.54,0.4791963359628305,12,-2.4492935982947064e-16,1.0,-0.10727637933309939,0.993931621814486,-0.2817623302598763,0.22469796037174664
2022-12-28,12817.2,5932.78836612,7.92,75.0,30.096000000000004,615.0,17.344,4160.8,3.8,133.6,6.6,64.67999999999999,4.880000000000001,140.47999999999996,11.98,1634.1061800000002,7.297999999999999,23.996000000000002,12.414000000000001,1.714,0.28400000000000003,16.588,0.248,208.89273000000003,512.0,0.8587,0.39747256576999995,1.54,0.4787269797182822,12,-2.4492935982947064e-16,1.0,-0.09016331717658563,0.9956298843653236,-4.4408920985006264e-17,0.3603875471609676
2022-12-29,13138.0,6081.279339799999,8.040000000000001,75.0,30.552,625.0,17.688000000000002,4214.0,3.8,132.8,6.7,63.8,5.02,137.44,12.16,1644.46872,7.294,24.172,12.530000000000001,1.6940000000000002,0.28800000000000003,16.706,0.268,215.73342000000002,512.0,0.8587,0.39747256577,1.54,0.47799188336595905,12,-2.4492935982947064e-16,1.0,-0.07302357424393101,0.9970335240152333,0.2817623302598763,0.22469796037174666
2022-12-30,12964.0,6000.7387244,8.164,75.0,31.024,615.0,17.388,4205.8,3.8,136.8,6.6,68.8,5.220000000000001,151.0,12.360000000000001,1787.3025999999998,7.279999999999999,24.856,12.379999999999999,1.704,0.31000000000000005,17.098,0.264,217.826028,512.0,0.8587,0.39747256577,1.54,0.47858581181658,12,-2.4492935982947064e-16,1.0,-0.05586222246082127,0.9981421254046596,0.35135187892997066,-0.08019377358048381
2022-12-31,12527.6,5798.73915796,8.346,75.0,31.715600000000002,594.94904,16.7964,4231.2,3.8,138.4,6.9,69.72,5.26,152.6,12.58,1748.40872,7.269999999999999,24.618000000000002,12.312000000000001,1.7080000000000002,0.30800000000000005,17.029999999999998,0.26,210.09262800000002,512.0,0.8587,0.39747256577000006,1.54,0.4788692147531256,12,-2.4492935982947064e-16,1.0,-0.03868434014734864,0.9989553604806162,0.15636629649360598,-0.3246979603717467
2023-01-01,12673.8,5641.5375924,8.373666666666667,75.0,31.817133333333338,599.94904,16.9964,4250.2,3.8,137.9,6.9,70.36000000000001,5.24,154.88000000000002,12.44,1799.63004,7.24,24.738,12.456,1.716,0.30800000000000005,16.742,0.22800000000000004,209.255744,460.8,0.8587,0.3827870783974282,1.54,0.4639294267247197,1,0.0999999999999997,0.9732050807568878,-0.020634987421487054,0.9994600424444758,-0.15636629649360595,-0.32469796037174675
2023-01-02,12525.2,5354.62881904,8.247,75.0,31.3286,589.94904,16.8364,4236.8,3.8,137.8,6.8,70.34,5.2,155.9,12.2,1798.66952,7.220000000000001,24.91,12.62,1.7079999999999997,0.30000000000000004,16.746,0.21200000000000002,207.19437,409.6,0.8587,0.36811382023755285,1.54,0.4496059812895954,1,0.19999999999999973,0.9464101615137755,-0.002579623917690828,0.9996541724344145,-0.35135187892997066,-0.08019377358048389
2023-01-03,12486.6,5117.15276682,8.851,75.0,33.6202,589.94904,16.770000000000003,4201.6,3.8,138.4,6.6,69.50000000000001,5.22,152.9,12.280000000000001,1753.41962,7.2,24.324,12.559999999999999,1.6920000000000002,0.30800000000000005,16.160000000000004,0.172,199.49112399999999,358.4,0.8587,0.35343618597520915,1.54,0.43435534677868226,1,0.29999999999999977,0.9196152422706632,0.015476407491496225,0.9995376930042447,-0.2817623302598763,0.22469796037174664
2023-01-04,12603.8,4954.98977526,10.375,75.0,39.4106,594.9563599999999,16.98,4221.8,3.8,136.6,6.3,65.96000000000001,5.140000000000001,140.07999999999998,11.98,1615.1928199999998,7.214,24.229999999999997,12.309999999999999,1.6919999999999997,0.3,15.597999999999999,0.184,194.267654,358.4,0.8587,0.33875626295120914,1.54,0.4202750019194405,1,0.3999999999999998,0.8928203230275511,0.03352776373588686,0.9991106386221041,-4.4408920985006264e-17,0.3603875471609676
2023-01-05,12698.4,4792.417927,10.287,75.0,39.07620000000001,600.00732,17.114,4169.6,3.8,137.1,5.8,65.76,5.1,140.66,11.76,1637.40304,7.218000000000001,24.509999999999998,11.748000000000001,1.702,0.302,15.645999999999997,0.188,196.28399799999997,307.2,0.8587,0.3240763399272091,1.54,0.4055966667713822,1,0.49999999999999994,0.8660254037844387,0.05156910312874981,0.9983731356602549,0.2817623302598763,0.22469796037174666
2023-01-06,12437.0,4693.8509028,10.328,75.0,39.2356,590.00732,16.69,4097.2,3.8,135.4,5.2,64.22,4.88,135.33999999999997,11.46,1540.10548,7.231999999999999,24.37,11.08,1.6779999999999997,0.302,15.579999999999998,0.186,191.33848199999997,307.2,0.8587,0.3240819042757809,1.54,0.4067350354099779,1,0.49999999999999994,0.8660254037844387,0.06873506385373346,0.9973383485069732,0.35135187892997066,-0.08019377358048381
2023-01-07,12131.8,4578.569498899999,10.414,75.0,39.5696,580.00732,16.25,4045.2,3.8,137.5,4.7,66.66000000000001,4.68,141.74,11.26,1577.3536799999997,7.26,24.676,10.776,1.704,0.294,15.776,0.188,188.73026,358.4,0.8587,0.3240752394116563,1.54,0.4066439283398047,1,0.49999999999999994,0.8660254037844387,0.08588068476748195,0.996008432890737,0.15636629649360598,-0.3246979603717467
2023-01-08,12062.6,4552.419208699999,9.66,75.0,36.708000000000006,580.00732,16.286,4059.2,3.8,135.5,4.7,65.53999999999999,4.6,139.74,11.0,1546.4865599999998,7.279999999999999,24.854,10.48,1.6960000000000002,0.28600000000000003,16.09,0.194,191.535956,358.4,0.8587,0.32407295064999997,1.54,0.4078349311453458,1,0.49999999999999994,0.8660254037844387,0.1030008922049204,0.9943837823549737,-0.15636629649360595,-0.32469796037174675
2023-01-09,12005.4,4530.8319573,8.014999999999999,75.0,30.457000000000004,575.0,16.276000000000003,4034.4,3.8,136.8,4.5,66.92,4.459999999999999,147.02,10.940000000000001,1630.99522,7.284000000000001,25.119999999999997,10.629999999999999,1.7079999999999997,0.28600000000000003,16.928,0.188,201.14593599999998,358.4,0.8587,0.32407295064999997,1.54,0.4060594439256546,1,0.49999999999999994,0.8660254037844387,0.12009062002123039,0.9924648776599149,-0.35135187892997066,-0.08019377358048389
2023-01-10,11906.0,4493.318447,7.956999999999999,75.0,30.236600000000003,570.0,16.0968,4048.4,3.8,138.7,4.7,70.12,4.5200000000000005,159.92000000000002,11.120000000000001,1764.6285199999998,7.276000000000001,25.582,11.209999999999999,1.6940000000000002,0.28600000000000003,18.432,0.176,217.10967199999996,409.6,0.8587,0.32407295065,1.54,0.4060197224770863,1,0.49999999999999994,0.8660254037844387,0.13714481109100382,0.990252286640332,-0.2817623302598763,0.22469796037174664
2023-01-11,12030.8,4540.4179046,7.848999999999999,75.0,29.826200000000007,575.0,16.306800000000003,4083.4,3.8,140.0,4.7,71.86,4.540000000000001,165.4,11.08,1848.3794000000003,7.254,26.194,11.802000000000001,1.7739999999999998,0.28,19.84,0.176,236.62115999999997,460.8,0.8587,0.32407295065,1.54,0.4057959133182957,1,0.49999999999999994,0.8660254037844387,0.15415841880472758,0.9877466640375049,-4.4408920985006264e-17,0.3603875471609676
2023-01-12,12233.8,4617.030003100001,7.731,75.0,29.3778,580.0,16.561200000000003,4053.4,3.8,138.8,4.6,71.58000000000001,4.5200000000000005,169.82,10.924,1935.7157040000002,7.212000000000001,26.407999999999998,11.846,1.7879999999999998,0.292,20.619999999999997,0.186,249.43871999999996,460.8,0.8587,0.32407295065,1.54,0.4058636537236868,1,0.49999999999999994,0.8660254037844387,0.17112640856215652,0.9849487513054734,0.2817623302598763,0.22469796037174666
2023-01-13,12279.4,4634.2394203,7.593999999999999,75.0,28.8572,580.0,16.5252,4012.4,3.8,142.4,4.5,72.7,4.58,171.9,10.904,1968.0575040000003,7.214,26.718,12.152,1.802,0.288,21.009999999999998,0.20600000000000002,254.907604,460.8,0.8587,0.32407295065,1.54,0.4048142953547572,1,0.49999999999999994,0.8660254037844387,0.18804375926213282,0.981859376391629,0.35135187892997066,-0.08019377358048381
2023-01-14,12103.6,4567.892588200001,7.489,75.0,28.458200000000005,575.0,16.1848,4044.4,3.8,143.8,4.4,69.32000000000001,4.540000000000001,161.66,10.803999999999998,1825.6657440000004,7.215999999999999,26.142000000000003,12.366,1.766,0.28600000000000003,20.18,0.2,242.13502400000002,460.8,0.8587,0.32407295065,1.54,0.4059904754103689,1,0.49999999999999994,0.8660254037844387,0.20490546478841024,0.9784794534917118,0.15636629649360598,-0.3246979603717467
2023-01-15,12099.4,4566.3075103,7.484999999999999,75.0,28.443000000000005,575.0,16.20729488,4043.0,3.8,141.1,4.1,64.6,4.42,144.76,10.384,1634.4310440000002,7.1819999999999995,25.4,12.422,1.736,0.2760000000000001,18.57,0.20800000000000002,223.34357,409.6,0.8587,0.32407295065,1.54,0.40526166276357517,1,0.49999999999999994,0.8660254037844387,0.2217065354910448,0.9748099827792858,-0.15636629649360595,-0.32469796037174675
2023-01-16,11922.6,4499.583278700001,7.497,75.0,28.48860000000001,565.0,15.96169488,4070.2,3.8,143.7,4.3,61.760000000000005,4.4,139.64000000000001,10.203999999999999,1551.173324,7.168000000000001,25.2,12.112,1.666,0.274,17.894,0.20600000000000002,211.51687,358.4,0.8587,0.32407295065,1.54,0.405113361757652,1,0.49999999999999994,0.8660254037844387,0.23844199966291243,0.9708520501097709,-0.35135187892997066,-0.08019377358048389
2023-01-17,11591.6,4374.6640442,7.429,75.0,28.230200000000004,550.0,15.620094880000002,4100.2,3.8,142.9,4.1,60.32000000000001,4.22,130.24,9.52,1400.24516,7.175999999999999,25.294,12.203999999999999,1.582,0.26400000000000007,18.316000000000003,0.19,209.37042200000002,307.2,0.8587,0.32407295065,1.54,0.405283687262029,1,0.49999999999999994,0.8660254037844387,0.25510690501091693,0.9666068266991209,-0.2817623302598763,0.22469796037174664
2023-01-18,11287.4,4259.8591163,7.406000000000001,75.0,28.1428,540.0,15.220094880000001,4127.6,3.8,142.5,3.7,61.98,3.9599999999999995,135.57999999999998,8.92,1426.21592,7.146000000000001,26.1,12.044,1.6079999999999999,0.28200000000000003,19.602,0.168,218.40713600000004,358.4,0.8587,0.32407295065,1.54,0.40591144773702037,1,0.49999999999999994,0.8660254037844387,0.27169632012145317,0.9620755687772423,-4.4408920985006264e-17,0.3603875471609676
2023-01-19,11066.2,4176.378346899999,7.428,75.0,28.2264,530.0,14.936494880000001,4104.2,3.8,140.6,3.5,65.64,3.8200000000000003,142.76,8.5,1483.86316,7.138,26.618000000000002,12.17,1.654,0.28200000000000003,19.88,0.184,217.88600000000002,358.4,0.8587,0.32407295065,1.54,0.406095611921592,1,0.49999999999999994,0.8660254037844387,0.2882053359196921,0.9572596172162549,0.2817623302598763,0.22469796037174666
2023-01-20,11452.4,4322.1300338,7.360000000000001,75.0,27.968,550.0,15.429200000000003,4107.6,3.8,139.3,3.5,66.64,3.7199999999999998,144.5,8.42,1553.9370199999998,7.1659999999999995,26.590000000000003,12.512,1.6420000000000001,0.28800000000000003,19.924,0.168,224.646382,358.4,0.8587,0.32407295065,1.54,0.4062865923378064,1,0.49999999999999994,0.8660254037844387,0.30462906712225435,0.952160397133707,0.35135187892997066,-0.08019377358048381
2023-01-21,11935.6,4504.4894722,7.202,75.0,27.367600000000003,570.0,16.0288,4077.8,3.8,140.3,3.4,69.14,3.56,147.51999999999998,8.28,1657.41102,7.184,26.238,12.692,1.6480000000000001,0.29600000000000004,19.254,0.176,224.51532200000003,409.6,0.8587,0.32407295065,1.54,0.405739182541469,1,0.49999999999999994,0.8660254037844387,0.3209626536828448,0.9467794174708593,0.15636629649360598,-0.3246979603717467
2023-01-22,12419.8,4687.226310100001,7.178,75.0,27.276400000000002,595.0,16.6178592,4036.0,3.8,141.7,3.4,69.06,3.5,145.27999999999997,8.48,1690.18608,7.198,25.316,12.796000000000001,1.688,0.29400000000000004,17.851999999999997,0.184,217.14846200000002,409.6,0.8587,0.32407295065,1.54,0.4052016573708569,1,0.49999999999999994,0.8660254037844387,0.33720126223041785,0.9411182705461659,-0.15636629649360595,-0.32469796037174675
2023-01-23,12358.4,4664.053980799999,7.172,75.0,27.253600000000006,590.0,16.6178592,4030.2,3.8,140.7,3.4,67.2,3.3,138.52,8.36,1607.77632,7.228,24.148,12.642,1.636,0.272,16.046,0.188,195.879,358.4,0.8587,0.32407295065,1.54,0.40491766512133137,1,0.49999999999999994,0.8660254037844387,0.35334008749945034,0.935178631584081,-0.35135187892997066,-0.08019377358048389
2023-01-24,12405.2,4681.7162774,7.184,75.0,27.299200000000003,590.0,16.641859200000003,4047.6,3.8,141.8,3.6,67.08000000000001,3.3200000000000003,138.48,8.34,1613.84912,7.231999999999999,23.918,12.614,1.6039999999999999,0.272,16.0,0.184,196.180272,307.2,0.8587,0.32407295064999997,1.54,0.4037349250000771,1,0.49999999999999994,0.8660254037844387,0.3693743537518963,0.9289622582193328,-0.2817623302598763,0.22469796037174664
2023-01-25,12128.8,4577.403055600001,7.279999999999999,75.0,27.664000000000005,575.0,16.2418592,4026.8,3.8,143.0,3.6,67.08,3.1399999999999997,138.48000000000002,7.92,1583.82916,7.25,23.876,12.319999999999999,1.6039999999999999,0.25600000000000006,15.975999999999999,0.196,191.402356,358.4,0.8587,0.32407295064999997,1.54,0.40350671791956144,1,0.49999999999999994,0.8660254037844387,0.3852993161904052,0.922470989976812,-4.4408920985006264e-17,0.3603875471609676
2023-01-26,11784.6,4447.5021477,7.459999999999999,75.0,28.348000000000003,560.0,15.757859200000002,4061.2,3.8,142.0,3.6,66.97999999999999,3.12,138.28000000000003,7.76,1535.7008,7.2700000000000005,23.918,12.418000000000001,1.576,0.25200000000000006,16.068,0.20800000000000002,186.88420000000002,307.2,0.8587,0.32407295065,1.54,0.40380038129718143,1,0.49999999999999994,0.8660254037844387,0.40111026236238345,0.915706747727226,0.2817623302598763,0.22469796037174666
2023-01-27,11506.6,4342.5850867,7.626,75.0,28.9788,545.0,15.430000000000001,4108.4,3.8,140.6,3.7,66.36,3.2,137.5,7.959999999999999,1490.6376,7.290000000000001,24.094,12.522,1.584,0.25600000000000006,16.062,0.20400000000000001,182.51024,358.4,0.8587,0.32407295065,1.54,0.40437380592267325,1,0.49999999999999994,0.8660254037844387,0.416802513554485,0.9086715331186823,0.35135187892997066,-0.08019377358048381
2023-01-28,11682.6,4409.0073987000005,7.787999999999999,75.0,29.5944,550.0,15.681600000000003,4070.0,3.8,139.7,3.7,67.38000000000001,3.1399999999999997,140.78,7.9799999999999995,1551.9269199999999,7.302,24.122000000000003,12.672,1.636,0.25600000000000006,16.054000000000002,0.21200000000000002,185.134208,409.6,0.8587,0.32407295065,1.54,0.40470077716571107,1,0.49999999999999994,0.8660254037844387,0.4323714261771182,0.9013674279843699,0.15636629649360598,-0.3246979603717467
2023-01-29,12212.6,4609.0291337,7.726000000000001,75.0,29.358800000000002,575.0,16.445600000000002,4048.6,3.8,136.8,3.7,66.44,2.98,139.2,7.959999999999999,1602.3485999999998,7.281999999999999,23.854,12.57,1.6600000000000001,0.25200000000000006,16.014000000000003,0.2,193.115392,460.8,0.8587,0.32407295065,1.54,0.4053450219848559,1,0.49999999999999994,0.8660254037844387,0.4478123931385583,0.8937965937265092,-0.15636629649360595,-0.32469796037174675
2023-01-30,12365.4,4666.6957772999995,7.8740000000000006,75.0,29.921200000000006,580.0,16.676800000000004,4065.0,3.8,138.0,3.6,67.34,3.2,140.88,8.388,1638.183312,7.264,24.1,12.37,1.6800000000000002,0.2720000000000001,16.116,0.196,196.85217200000002,460.8,0.8587,0.32407295065,1.54,0.40582618142173016,1,0.49999999999999994,0.8660254037844387,0.4631208452082601,0.8859612706767607,-0.35135187892997066,-0.08019377358048389
2023-01-31,12461.6,4703.0016092000005,7.7,75.0,29.26,585.0,16.9388,4073.0,3.8,137.8,3.5,68.34,3.3599999999999994,144.3,8.608,1692.3037519999998,7.256,24.2,11.766,1.732,0.27999999999999997,16.168,0.176,199.346504,512.0,0.8587,0.32407295064999997,1.54,0.40579684897800095,1,0.49999999999999994,0.8660254037844387,0.47829225236896666,0.8778637774332724,-0.2817623302598763,0.22469796037174664
2023-02-01,12551.0,4740.62895234,7.822,75.0,29.723599999999998,590.0,17.0744,4068.8,3.8,135.8,3.5,68.26,3.54,144.06,8.748,1698.1027719999997,7.224000000000001,24.6,10.959999999999999,1.722,0.274,16.798,0.184,208.25661399999998,512.0,0.8587,0.324349383354,1.54,0.406208124488353,2,0.5732050807568877,0.792820323027551,0.49332212515721496,0.8695065101745717,-4.4408920985006264e-17,0.3603875471609676
2023-02-02,12647.0,4780.72477054,9.596,75.0,36.464800000000004,600.0,17.1332,4094.2,3.8,135.9,3.4,66.7,3.78,143.3,8.808,1702.0927319999998,7.248,24.907999999999998,10.693999999999999,1.722,0.272,17.671999999999997,0.192,220.40190599999997,512.0,0.8587,0.32462007947420385,1.54,0.4080140762761002,2,0.6464101615137754,0.7196152422706632,0.5082060159918395,0.8608919419504957,0.2817623302598763,0.22469796037174666
2023-02-03,12580.8,4759.95553774,9.896,75.0,37.6048,595.0,16.995200000000004,4092.0,3.8,135.4,3.3,67.5,3.9199999999999995,144.04000000000002,8.627999999999998,1705.630772,7.266,25.786,10.274,1.736,0.264,19.023999999999997,0.22400000000000003,236.449982,512.0,0.8587,0.32489974017489703,1.54,0.4082041709608334,2,0.719615242270663,0.6464101615137755,0.5229395204900834,0.852022621950377,0.35135187892997066,-0.08019377358048381
2023-02-04,12381.0,4688.43114434,10.056000000000001,75.0,38.2128,590.0,16.787200000000002,4113.2,3.8,135.0,3.5,67.16,3.8,143.64,8.38,1676.78206,7.276000000000001,26.05,10.062000000000001,1.7440000000000002,0.25600000000000006,19.228,0.24,235.47218999999996,512.0,0.8587,0.32518050017551137,1.54,0.40922479662950123,2,0.7928203230275508,0.5732050807568878,0.5375182787709264,0.8429011747486974,0.15636629649360598,-0.3246979603717467
2023-02-05,12450.4,4718.8585801399995,8.666,75.0,42.731,595.0,16.8692,4091.8,3.04,132.0,3.7,64.92,3.7600000000000002,136.42,8.16,1595.74854,7.276000000000001,25.988,10.485999999999999,1.734,0.25600000000000006,19.2,0.268,235.90006599999998,512.0,0.8587,0.3254580565544774,1.54,0.409077823429313,2,0.8660254037844386,0.5000000000000001,0.5519379767452437,0.8335302995284337,-0.15636629649360595,-0.32469796037174675
2023-02-06,12742.4,4829.52923734,10.280000000000001,75.0,48.864200000000004,610.0,17.136000000000003,4126.0,3.04,136.0,3.8,65.92,3.84,144.76,8.360000000000001,1739.3153200000002,7.273999999999999,26.21,10.748000000000001,1.7760000000000002,0.262,19.524,0.278,245.625684,512.0,0.8587,0.3254580565544774,1.54,0.40980286308932773,2,0.8660254037844386,0.5000000000000001,0.5661943473924136,0.8239127692823265,-0.35135187892997066,-0.08019377358048389
2023-02-07,13000.4,4927.39550198,8.611999999999998,75.0,42.525800000000004,620.0,17.474400000000003,4133.4,3.04,133.9,4.1,64.9,3.94,142.95999999999998,8.76,1746.1885200000002,7.219999999999999,26.381999999999998,10.678,1.746,0.28,19.371999999999996,0.27599999999999997,248.81222399999996,460.8,0.8587,0.3254637931382735,1.54,0.4086194255559493,2,0.8660254037844386,0.5000000000000001,0.5802831720229993,0.814051429992307,-0.2817623302598763,0.22469796037174664
2023-02-08,13215.0,5008.68220746,10.142,75.0,48.339800000000004,635.0,17.860400000000002,4130.8,3.04,140.0,4.1,64.47999999999999,4.1,151.6,9.4,1886.41312,7.19,26.304000000000002,10.458,1.652,0.30000000000000004,19.578,0.264,256.635688,460.8,0.8587,0.32546056514158034,1.54,0.4097899098840008,2,0.8660254037844386,0.5000000000000001,0.5942002815271247,0.8039491997873244,-4.4408920985006264e-17,0.3603875471609676
2023-02-09,13676.4,5183.49720414,9.926,75.0,47.519000000000005,655.0,18.4812,4111.0,3.04,142.4,4.2,64.82000000000001,4.24,151.12,9.84,1935.47748,7.144,25.792,10.059999999999999,1.592,0.29400000000000004,19.316,0.26,260.822596,460.8,0.8587,0.325456237844966,1.54,0.40927908740971236,2,0.8660254037844386,0.5000000000000001,0.6079415576081828,0.7936090680798259,0.2817623302598763,0.22469796037174666
2023-02-10,13581.6,5147.54999256,11.565999999999999,75.0,43.9508,650.0,18.249200000000002,4073.2,3.8,143.2,4.0,63.86,4.26,149.72,9.940000000000001,1905.23082,7.109999999999999,25.59,9.34,1.582,0.278,19.204,0.256,257.89804,460.8,0.8587,0.32545511416999995,1.54,0.4099642829862889,2,0.8660254037844386,0.5000000000000001,0.6215029340015058,0.7830340946811406,0.35135187892997066,-0.08019377358048381
2023-02-11,13136.6,4978.89094306,9.988,75.0,37.95440000000001,630.0,17.6456,4059.8,3.8,145.7,3.8,62.44,4.2,140.2,9.739999999999998,1730.82798,7.114,24.568,8.93,1.502,0.27,18.252,0.262,238.01874400000003,460.8,0.8587,0.32545511416999995,1.54,0.4096241416342671,2,0.8660254037844386,0.5000000000000001,0.6348803976776368,0.7722274088960318,0.15636629649360598,-0.3246979603717467
2023-02-12,13078.6,4956.90841526,9.964000000000002,75.0,37.863200000000006,625.0,17.5368,4103.2,3.8,150.2,3.7,63.3,4.2,137.26000000000002,9.56,1686.61526,7.086,24.076,8.788,1.504,0.252,18.198,0.248,236.358424,512.0,0.8587,0.32545511417,1.54,0.4093554043559437,2,0.8660254037844386,0.5000000000000001,0.6480699900298518,0.7611922085966863,-0.15636629649360595,-0.32469796037174675
2023-02-13,12947.0,4907.0308177,6.703999999999999,75.0,34.876400000000004,620.0,17.31702976,4116.4,3.04,146.8,3.9,64.17999999999999,4.04,143.32,9.48,1746.1174999999998,7.081999999999999,23.742,9.198,1.5859999999999999,0.23800000000000004,17.202,0.252,219.93482799999998,512.0,0.8587,0.32545511417,1.54,0.4081518764451483,2,0.8660254037844386,0.5000000000000001,0.6610678080455732,0.7499317592764122,-0.35135187892997066,-0.08019377358048389
2023-02-14,12709.2,4816.90245372,8.331999999999999,75.0,41.0628,610.0,16.93062976,4093.4,3.04,143.8,3.8,63.2,4.0,146.49999999999997,9.3,1758.8330999999998,7.098000000000001,24.596,9.82,1.638,0.24400000000000005,18.228,0.254,229.49562999999998,512.0,0.8587,0.32545511416999995,1.54,0.40910468873484945,2,0.8660254037844386,0.5000000000000001,0.6738700054613357,0.7384493930833262,-0.2817623302598763,0.22469796037174664
2023-02-15,12888.4,4884.82088444,8.486,75.0,41.648,620.0,17.145429760000003,4078.6,3.04,143.9,4.0,63.46,3.94,146.76000000000002,9.34,1781.82568,7.112,25.34,10.622,1.672,0.25400000000000006,19.294,0.266,246.60595199999997,512.0,0.8587,0.32545511416999995,1.54,0.4092964656303235,2,0.8660254037844386,0.5000000000000001,0.6864727939009563,0.7267485078343185,-4.4408920985006264e-17,0.3603875471609676
2023-02-16,13284.8,5035.06009168,10.052,75.0,47.5988,635.0,17.794629760000003,4020.6,3.04,141.6,4.1,65.14,3.9200000000000004,149.89999999999998,9.4,1865.7409599999999,7.108,26.23,11.14,1.746,0.266,20.106,0.254,263.7163,512.0,0.8587,0.32545511417,1.54,0.4093450381109377,2,0.8660254037844386,0.5000000000000001,0.6988724439965763,0.7148325660095837,0.2817623302598763,0.22469796037174666
2023-02-17,13263.4,5026.94929694,9.954,75.0,47.2264,635.0,17.767029760000003,3982.2,3.04,139.8,4.2,66.24000000000001,3.9,153.85999999999999,9.559999999999999,1913.2176,7.134,26.304000000000002,11.096,1.736,0.2760000000000001,19.57,0.254,256.252628,512.0,0.8587,0.32545511417,1.54,0.409431850321647,2,0.8660254037844386,0.5000000000000001,0.7110652864922413,0.7027050937280164,0.35135187892997066,-0.08019377358048381
2023-02-18,12652.8,4795.52634048,13.038,75.0,49.5444,605.0,16.9556,4012.0,3.8,141.2,4.3,65.78,4.04,138.82,9.6,1634.6903399999999,7.15,26.113999999999997,10.544,1.718,0.29000000000000004,19.026,0.23000000000000004,239.71498200000002,512.0,0.8587,0.32545511417,1.54,0.4111403257342411,2,0.8660254037844386,0.5000000000000001,0.723047713329693,0.690369679703777,0.15636629649360598,-0.3246979603717467
2023-02-19,12844.4,4868.14448404,13.174000000000001,75.0,50.0612,615.0,17.238800000000005,4010.6,3.8,142.3,4.4,66.78,4.1,136.7,9.82,1630.1905999999997,7.168000000000001,26.636000000000003,10.034,1.876,0.29200000000000004,19.978,0.21600000000000003,257.174948,512.0,0.8587,0.32545511417,1.54,0.41119022837101477,2,0.8660254037844386,0.5000000000000001,0.7348161787160511,0.6778299741843332,-0.15636629649360595,-0.32469796037174675
2023-02-20,12991.6,4923.93462356,14.786000000000001,75.0,56.186800000000005,620.0,17.5132,4091.0,3.8,143.0,4.6,65.96000000000001,4.14,134.39999999999998,10.180000000000001,1608.8551799999998,7.1739999999999995,28.176,9.776,1.866,0.29400000000000004,21.762,0.184,286.195724,512.0,0.8587,0.32545511417,1.54,0.4115844450986989,2,0.8660254037844386,0.5000000000000001,0.7463672001730717,0.6650896878702927,-0.35135187892997066,-0.08019377358048389
2023-02-21,13346.6,5058.482854059999,15.122,75.0,57.46360000000001,635.0,17.936400000000003,4154.4,3.8,140.5,5.1,66.17999999999999,4.220000000000001,137.0,10.44,1688.06564,7.1819999999999995,27.880000000000003,9.84,1.832,0.29400000000000004,21.814,0.164,294.256442,512.0,0.8587,0.32545511417,1.54,0.41135561862304854,2,0.8660254037844386,0.5000000000000001,0.7576973595676675,0.6521525908173472,-0.2817623302598763,0.22469796037174664
2023-02-22,13650.2,5173.55001682,17.238,75.0,65.5044,650.0,18.3956,4150.2,3.8,145.4,5.1,67.05999999999999,4.3,144.07999999999998,10.6,1831.01384,7.184,28.645999999999997,9.7,1.85,0.29800000000000004,23.214,0.17600000000000002,319.662326,512.0,0.8587,0.32545511417,1.54,0.412194895369943,2,0.8660254037844386,0.5000000000000001,0.7688033041233889,0.6390225113206526,-4.4408920985006264e-17,0.3603875471609676
2023-02-23,14569.8,5522.086785179999,17.434000000000005,75.0,66.2492,690.0,19.350800000000003,4132.0,3.8,147.5,5.2,67.52,4.359999999999999,150.34,10.66,2039.5455200000001,7.176,29.171999999999997,9.819999999999999,1.846,0.298,24.526,0.188,353.480542,512.0,0.8587,0.32545511417,1.54,0.4111994620834965,2,0.8660254037844386,0.5000000000000001,0.7796817474125642,0.6257033347819745,0.2817623302598763,0.22469796037174666
2023-02-24,14715.8,5577.42211378,17.639999999999997,75.0,67.03200000000001,695.0,19.568,4151.0,3.8,147.6,5.3,67.52,4.3,150.6,10.540000000000001,2064.84586,7.164,28.302,9.872,1.7,0.29600000000000004,23.1,0.188,336.303204,512.0,0.8587,0.32545511416999995,1.54,0.4109848130707963,2,0.8660254037844386,0.5000000000000001,0.7903294703288073,0.6121990025599359,0.35135187892997066,-0.08019377358048381
2023-02-25,14678.8,5563.3987770799995,17.424,75.0,66.2112,695.0,19.4888,4142.6,3.8,147.8,5.1,70.88,4.339999999999999,159.28000000000003,10.42,2185.05076,7.169999999999999,26.76,9.592,1.666,0.29200000000000004,21.424,0.196,311.47586199999995,512.0,0.8587,0.32545511417,1.54,0.41111177841161234,2,0.8660254037844386,0.5000000000000001,0.8007433220396015,0.5985135108037047,0.15636629649360598,-0.3246979603717467
2023-02-26,14731.6,5583.4104575599995,17.576,75.0,66.78880000000001,700.0,19.611200000000004,4153.6,3.8,150.7,5.0,74.64,4.18,172.48,10.440000000000001,2394.2941,7.1659999999999995,27.874000000000002,8.942,1.8079999999999998,0.278,22.248,0.20800000000000002,324.98278600000003,512.0,0.8587,0.32545511417,1.54,0.4114195848654024,2,0.8660254037844386,0.5000000000000001,0.810920220918683,0.5846509092704706,-0.15636629649360595,-0.32469796037174675
2023-02-27,14890.8,5643.748706279999,17.162,75.0,65.21560000000001,710.0,19.8844,4176.2,3.8,147.74,5.6,78.82000000000001,4.220000000000001,181.52,10.5,2560.4289200000003,7.156000000000001,28.310000000000002,9.226,1.9759999999999998,0.274,22.498,0.202,332.690418,512.0,0.8587,0.32545511417,1.54,0.4114441374328986,2,0.8660254037844386,0.5000000000000001,0.8208571554579427,0.5706153001270544,-0.35135187892997066,-0.08019377358048389
2023-02-28,14998.2,5684.45428362,17.401999999999997,75.0,66.1276,720.0,20.372400000000003,4158.8,3.8,143.64000000000001,5.8,80.36,4.18,181.07999999999998,10.48,2570.8389799999995,7.164,28.080000000000002,9.178,2.0,0.266,21.756,0.194,323.74428,512.0,0.8587,0.32545511417,1.54,0.4120445655247903,2,0.8660254037844386,0.5000000000000001,0.8305511851585807,0.5564108367360132,-0.2817623302598763,0.22469796037174664
2023-03-01,15169.6,5665.38951476,17.558,75.0,66.6856,730.0,20.6144,4060.2,3.8,144.34,5.6,85.16,4.24,199.06,10.6,2871.6865799999996,7.17,29.054000000000002,8.937999999999999,2.168,0.26400000000000007,22.944,0.186,345.494202,512.0,0.8587,0.320809014776,1.54,0.40756600626532835,3,0.8928203230275509,0.4000000000000001,0.8399994414012466,0.5420417224265924,-4.4408920985006264e-17,0.3603875471609676
2023-03-02,15439.8,5684.3173176,18.044,75.0,68.5636,740.0,20.9364,4030.6,3.8,146.24,6.0,84.94000000000001,4.44,199.33999999999997,10.98,2908.91738,7.172,29.3,8.879999999999999,2.2300000000000004,0.26400000000000007,22.566,0.19,345.504194,512.0,0.8587,0.316162915382,1.54,0.40267700040199605,3,0.9196152422706632,0.3000000000000001,0.8491991282949105,0.5275122092508928,0.2817623302598763,0.22469796037174666
2023-03-03,15316.2,5557.85451954,17.942,75.0,68.1312,735.0,20.768800000000002,4011.8,3.8,145.54000000000002,6.0,82.66,4.659999999999999,189.74,11.1,2740.9945399999997,7.164,28.218,9.036000000000001,2.12,0.25800000000000006,21.436,0.186,325.960052,512.0,0.8587,0.311516815988,1.54,0.3981395102447478,3,0.9464101615137753,0.2000000000000001,0.8581475235042115,0.5128265967256206,0.35135187892997066,-0.08019377358048381
2023-03-04,14667.2,5245.738194760001,17.877999999999997,75.0,67.976,700.0,19.724,3969.4,3.8,145.2,6.0,79.0,4.82,178.28,11.360000000000001,2457.6101599999997,7.2299999999999995,27.57,8.852,2.3259999999999996,0.25000000000000006,20.854000000000003,0.186,302.737504,512.0,0.8587,0.306870716594,1.54,0.3933183971971951,3,0.9732050807568877,0.10000000000000006,0.8668419790550417,0.49798923055979055,0.15636629649360598,-0.3246979603717467
2023-03-05,13891.0,4889.020796,15.724,75.0,59.8,660.0,18.6,4015.2,3.8,148.4,6.3,83.53999999999999,4.9799999999999995,191.2,11.7,2482.5309799999995,7.26,27.93,8.55,2.304,0.23200000000000004,21.424,0.194,294.84179000000006,512.0,0.8587,0.30222461720000005,1.54,0.38770168689571005,3,1.0,6.123233995736766e-17,0.8752799221181231,0.48300450136876155,-0.15636629649360595,-0.32469796037174675
2023-03-06,13705.4,4823.697762400001,15.427999999999997,75.0,58.8,650.0,18.2,4098.8,3.8,147.9,7.2,85.74,5.279999999999999,197.32,12.239999999999998,2522.00886,7.292,27.188,8.844,2.274,0.21400000000000002,20.322,0.21400000000000002,273.90929000000006,512.0,0.8587,0.3022246172,1.54,0.387555386972784,3,1.0,6.123233995736766e-17,0.8834588557703498,0.46787684337498237,-0.35135187892997066,-0.08019377358048389
2023-03-07,13787.8,4852.6989368,15.331999999999999,75.0,58.4,655.0,18.3,4100.4,3.8,174.4,7.2,101.4,5.24,331.2,12.34,4653.00104,7.314,30.582000000000004,8.788,2.748,0.20400000000000001,22.884,0.21000000000000002,316.200352,512.0,0.8587,0.3022246172,1.54,0.387594622826648,3,1.0,6.123233995736766e-17,0.8913763597336679,0.45261073309583394,-0.2817623302598763,0.22469796037174664
2023-03-08,13942.4,4907.1113344,13.283999999999997,75.0,50.6,665.0,18.5,4102.2,3.8,177.94,7.0,110.08,5.159999999999999,420.84,12.239999999999998,6066.51704,7.366,31.380000000000003,8.662,2.764,0.19600000000000004,23.375999999999998,0.202,326.79517599999997,512.0,0.8587,0.3022246172,1.54,0.3870216699169562,3,1.0,6.123233995736766e-17,0.8990300910912741,0.437210688018956,-4.4408920985006264e-17,0.3603875471609676
2023-03-09,14635.4,5151.016842399999,13.494,75.0,51.4,700.0,19.4,4162.0,3.8,179.34,6.9,112.78,4.98,431.78000000000003,12.02,6350.61518,7.4079999999999995,32.448,8.718,2.558,0.18400000000000002,24.215999999999998,0.192,355.314456,512.0,0.8587,0.3022246172,1.54,0.38700255464243993,3,1.0,6.123233995736766e-17,0.906417784980923,0.4216812652654497,0.2817623302598763,0.22469796037174666
2023-03-10,15946.0,5612.290376,15.113999999999999,75.0,57.6,760.0,21.1,4118.8,3.8,180.74,6.5,112.08000000000001,4.8,433.9,11.72,6680.28324,7.436,31.966,9.546000000000001,2.652,0.18400000000000002,23.362000000000002,0.19,367.866046,512.0,0.8587,0.3022246172,1.54,0.38706210874938074,3,1.0,6.123233995736766e-17,0.9135372552651363,0.406027060241352,0.35135187892997066,-0.08019377358048381
2023-03-11,15777.8,5553.0913768,14.969999999999999,75.0,57.0,750.0,20.9,4112.2,3.8,179.14000000000001,6.2,107.52000000000001,4.58,417.36,11.34,6415.149039999999,7.434,31.924,9.78,2.5460000000000003,0.17600000000000002,23.178,0.178,362.32017399999995,512.0,0.8587,0.30222461720000005,1.54,0.38685409993759345,3,1.0,6.123233995736766e-17,0.9203863951781155,0.3902527052777818,0.15636629649360598,-0.3246979603717467
2023-03-12,14222.8,5005.7997968,13.168000000000001,75.0,50.2,680.0,18.8,4088.8,3.8,151.24,6.4,92.26,4.54,284.96,11.08,4086.8032999999996,7.438,28.058,10.046000000000001,2.0300000000000002,0.17,20.168,0.186,287.019636,512.0,0.8587,0.3022246172,1.54,0.38755057920615166,3,1.0,6.123233995736766e-17,0.9269631779491683,0.37436286826015747,-0.15636629649360595,-0.32469796037174675
2023-03-13,13962.6,4914.220845599999,15.278,75.0,58.2,665.0,18.5,4118.2,3.8,147.0,7.1,84.94,4.56,200.84,11.260000000000002,2734.3289,7.42,27.752000000000002,10.290000000000001,2.0900000000000003,0.17000000000000004,19.854000000000003,0.2,276.91771200000005,512.0,0.8587,0.3022246172,1.54,0.3882070510255976,3,1.0,6.123233995736766e-17,0.9332656574024624,0.35836225124689564,-0.35135187892997066,-0.08019377358048389
2023-03-14,13466.0,4739.439496,13.674000000000001,75.0,52.0,640.0,18.0,4069.0,3.8,144.5,7.0,83.03999999999999,4.58,199.7,11.260000000000002,2613.4486,7.352000000000001,27.160000000000004,10.48,2.0740000000000003,0.17800000000000002,19.206,0.21400000000000002,255.18428400000002,512.0,0.8587,0.3022246172,1.54,0.3875899526819187,3,1.0,6.123233995736766e-17,0.9392919685329304,0.3422555890779956,-0.2817623302598763,0.22469796037174664
2023-03-15,12898.6,4539.7396616,12.55,75.0,47.6,615.0,17.4,4006.4,3.8,142.1,7.4,78.6,4.74,183.86,11.6,2235.71598,7.351999999999999,27.874000000000002,10.642,2.128,0.18800000000000003,19.951999999999998,0.20400000000000001,257.033806,512.0,0.8587,0.3022246172,1.54,0.3875143010563214,3,1.0,6.123233995736766e-17,0.9450403280581551,0.32604764797392444,-4.4408920985006264e-17,0.3603875471609676
2023-03-16,13153.4,4629.4180504000005,11.144,75.0,42.2,625.0,17.8,4038.8,3.8,147.3,7.5,76.74000000000001,4.88,192.4,11.8,2405.2902000000004,7.42,27.518,10.908000000000001,2.082,0.188,19.4,0.22000000000000003,253.09051800000006,512.0,0.8587,0.3022246172,1.54,0.3866290456146367,3,1.0,6.123233995736766e-17,0.9505090349460703,0.30974322412521554,0.2817623302598763,0.22469796037174666
2023-03-17,15514.6,5460.4565576,11.288,75.0,42.8,735.0,20.9,4086.6,3.8,147.8,7.0,75.42,4.779999999999999,192.06,11.7,2757.53436,7.404000000000001,26.339999999999996,10.614,2.03,0.17600000000000002,18.454,0.22000000000000003,276.037622,512.0,0.8587,0.3022246172,1.54,0.38532789748804974,3,1.0,6.123233995736766e-17,0.9556964709183251,0.2933471422731988,0.35135187892997066,-0.08019377358048381
2023-03-18,16537.8,5820.577936799999,9.433,75.0,35.9,780.0,22.191734880000002,4112.0,3.8,149.7,6.2,67.58,4.6,179.34,11.3,2703.8974000000003,7.364,25.722,10.576,1.9120000000000001,0.168,17.784,0.22200000000000003,282.81376600000004,512.0,0.8587,0.3022246172,1.54,0.3834685158869787,3,1.0,6.123233995736766e-17,0.9606011009291576,0.2768642542822817,0.15636629649360598,-0.3246979603717467
2023-03-19,17878.2,6292.3397592,9.471,75.0,36.1,845.0,23.991734880000003,4178.8,3.8,152.2,5.8,61.82000000000001,4.4399999999999995,159.5,11.080000000000002,2591.3014,7.32,24.189999999999998,10.342,1.718,0.15800000000000003,16.252000000000002,0.22800000000000004,282.823402,512.0,0.8587,0.3022246172,1.54,0.38333433089407587,3,1.0,6.123233995736766e-17,0.9652214736196394,0.26029943770420483,-0.15636629649360595,-0.32469796037174675
2023-03-20,18803.8,6618.110232800001,11.105,75.0,42.3,890.0,25.191734880000002,4244.4,3.8,151.8,5.5,61.239999999999995,4.340000000000001,164.66,10.920000000000002,2835.3668000000002,7.254,23.476000000000003,9.904,1.636,0.14200000000000004,15.322,0.24400000000000005,283.31432800000005,512.0,0.8587,0.3022246172,1.54,0.3837309654325796,3,1.0,6.123233995736766e-17,0.9695562217471568,0.24365759433469608,-0.35135187892997066,-0.08019377358048389
2023-03-21,19848.4,6985.763470399999,12.681000000000001,75.0,48.3,940.0,26.691734880000002,4285.0,3.8,150.2,5.6,62.660000000000004,4.32,163.48000000000002,11.120000000000001,3032.10422,7.1739999999999995,23.686,9.376,1.636,0.14200000000000004,15.484,0.23200000000000004,302.71714000000003,512.0,0.8587,0.3022246172,1.54,0.3841143146276966,3,1.0,6.123233995736766e-17,0.9736040625899998,0.22694364876294998,-0.2817623302598763,0.22469796037174664
2023-03-22,20196.0,7108.103375999999,12.501000000000001,75.0,47.5,955.0,27.29173488,4486.2,3.8,150.8,5.6,57.9,4.539999999999999,153.52,11.419999999999998,2862.5256200000003,7.1819999999999995,23.608,9.563999999999998,1.6439999999999997,0.15000000000000002,15.484,0.23600000000000004,307.13212,512.0,0.8587,0.3022246172,1.54,0.3839000163440398,3,1.0,6.123233995736766e-17,0.9773637983269392,0.2101625469143627,-4.4408920985006264e-17,0.3603875471609676
2023-03-23,20302.0,7145.410712,14.054000000000002,75.0,53.4,965.0,27.4,4460.0,3.8,153.7,5.6,60.6,4.46,156.48000000000002,11.42,2933.7817,7.184,23.048000000000002,9.489999999999998,1.614,0.15000000000000002,15.191999999999998,0.22400000000000003,303.26852,512.0,0.8587,0.3022246172,1.54,0.3853355102485455,3,1.0,6.123233995736766e-17,0.9808343163916821,0.19331925458695323,0.2817623302598763,0.22469796037174666
2023-03-24,20262.4,7131.4732544,14.175999999999998,75.0,53.8,965.0,27.4,4417.4,3.8,152.1,5.4,63.36,4.32,168.88000000000002,11.08,3180.55882,7.206,23.062,9.331999999999999,1.592,0.14800000000000002,15.069999999999999,0.22200000000000003,300.30298400000004,512.0,0.8587,0.3022246172,1.54,0.3855317629653809,3,1.0,6.123233995736766e-17,0.9840145898020978,0.1764187559819037,0.35135187892997066,-0.08019377358048381
2023-03-25,20060.2,7060.3077512,12.459999999999999,75.0,47.4,955.0,27.0,4405.0,3.8,148.1,4.9,61.96,4.2,164.48,10.74,3068.29844,7.220000000000001,22.884,9.111999999999998,1.55,0.16,15.168000000000001,0.22999999999999998,298.73957600000006,512.0,0.8587,0.3022246172,1.54,0.38502487443890593,3,1.0,6.123233995736766e-17,0.9869036774641188,0.1594660522286543,0.15636629649360598,-0.3246979603717467
2023-03-26,19805.4,6970.6293624,10.804,75.0,41.2,944.96832,26.5,4358.6,3.8,148.1,4.2,60.44000000000001,3.9799999999999995,158.51999999999998,10.22,2911.9761200000003,7.2219999999999995,22.026000000000003,9.318,1.6079999999999999,0.19800000000000004,14.984,0.254,290.696268,512.0,0.8587,0.3022246172,1.54,0.3847406912007897,3,1.0,6.123233995736766e-17,0.9895007244502247,0.14246615990498832,-0.15636629649360595,-0.32469796037174675
2023-03-27,19176.6,6749.3194296,10.622,75.0,40.6,915.0259999999998,25.6,4161.0,3.8,149.1,4.1,71.8,3.78,179.2,9.76,3240.2848,7.2459999999999996,23.348000000000003,9.408,1.83,0.20200000000000004,15.838,0.258,298.26198400000004,512.0,0.8587,0.3022246172,1.54,0.3847558846477906,3,1.0,6.123233995736766e-17,0.9918049622524301,0.12542410955254638,-0.35135187892997066,-0.08019377358048389
2023-03-28,18434.4,6488.0976863999995,9.193999999999999,75.0,35.2,875.0259999999998,24.500000000000004,4111.6,3.8,145.5,4.3,75.7,3.9200000000000004,187.83999999999997,9.86,3279.10564,7.302,24.088,9.68,1.9300000000000002,0.23400000000000004,16.13,0.27399999999999997,291.920068,512.0,0.8587,0.3022246172,1.54,0.3840189014746927,3,1.0,6.123233995736766e-17,0.9938157090096974,0.10834494418820795,-0.2817623302598763,0.22469796037174664
2023-03-29,17747.0,6246.163132,11.291999999999998,75.0,43.2,840.0259999999998,23.500000000000004,4162.6,3.8,146.1,4.9,76.29999999999998,4.14,185.21999999999997,10.379999999999999,3109.08822,7.324000000000001,24.366000000000003,9.863999999999999,2.002,0.23800000000000007,16.542,0.26799999999999996,288.71363799999995,512.0,0.8587,0.3022246172,1.54,0.3847100518592571,3,1.0,6.123233995736766e-17,0.9955323697097114,0.09123371781178172,-4.4408920985006264e-17,0.3603875471609676
2023-03-30,16518.0,5813.609208,11.575999999999999,75.0,44.2,780.026,21.900000000000002,4182.8,3.8,148.0,5.4,77.66,4.26,182.98,10.7,2885.22862,7.3340000000000005,24.166,10.294,1.996,0.24200000000000005,16.360000000000003,0.26400000000000007,266.055918,512.0,0.8587,0.3022246172,1.54,0.38491759456743874,3,1.0,6.123233995736766e-17,0.9969544363649527,0.07409549391044556,0.2817623302598763,0.22469796037174666
2023-03-31,16357.2,5757.0146832,13.678,75.0,52.4,770.05768,21.500000000000004,4184.8,3.8,145.4,5.9,78.86,4.38,179.14,10.9,2782.6766199999997,7.336,25.154,10.496,1.988,0.22800000000000004,17.062,0.23600000000000004,276.910494,512.0,0.8587,0.3022246172,1.54,0.3854126999896877,3,1.0,6.123233995736766e-17,0.998081488163019,0.05693534396037945,0.35135187892997066,-0.08019377358048381
2023-04-01,15218.4,5509.5707840000005,13.894,75.0,53.2,715.0,21.800000000000004,4196.8,3.8,140.0,5.8,67.17999999999999,4.26,156.48,11.059999999999999,2258.44886,7.3,24.0,10.562000000000001,1.8679999999999999,0.22800000000000004,16.542,0.20800000000000002,251.06208600000005,512.0,0.8587,0.31253571317747575,1.54,0.39611921307457265,4,0.9732050807568877,-0.09999999999999991,0.9989131915911509,0.03975834592603385,0.15636629649360598,-0.3246979603717467
2023-04-02,15056.4,5397.1238576000005,13.338,75.0,51.0,710.0,21.700000000000003,4264.0,3.8,142.1,5.5,64.53999999999999,4.26,150.07999999999998,11.06,2131.95626,7.284000000000001,23.578,10.624,1.934,0.21200000000000002,16.46,0.20600000000000002,247.258086,512.0,0.8587,0.30942718472180175,1.54,0.39310804700149937,4,0.9464101615137755,-0.19999999999999987,0.9994493005349231,0.022569582757478453,-0.15636629649360595,-0.32469796037174675
2023-04-03,15755.0,5401.24786,11.15,75.0,42.6,740.0,22.700000000000003,4201.6,3.8,143.8,4.8,59.42,4.1,137.42000000000002,10.492,2002.835568,7.2620000000000005,23.644,10.986,1.97,0.22000000000000003,16.375999999999998,0.192,257.50615600000003,512.0,0.8587,0.29892466338642587,1.54,0.3814263257206718,4,0.9196152422706632,-0.2999999999999999,0.9996896563510738,0.0053741408862754535,-0.35135187892997066,-0.08019377358048389
2023-04-04,17586.2,5522.912016,10.596,75.0,40.6,825.0,25.1,4247.2,3.8,146.1,4.4,53.17999999999999,4.0,126.63999999999999,10.106,2036.691934,7.203999999999999,22.948,10.758,1.972,0.22000000000000003,16.073999999999998,0.176,279.99231,512.0,0.8587,0.2784251104774519,1.54,0.36029985677889,4,0.8928203230275511,-0.3999999999999998,0.9996341879144502,-0.011822891279677361,-0.2817623302598763,0.22469796037174664
2023-04-05,17985.4,5256.0,8.706,75.0,33.1,845.0,25.9,4231.0,3.8,141.9,3.8,49.620000000000005,3.9,116.66,9.602,1909.6955179999998,7.151999999999999,21.824,9.989999999999998,1.9380000000000002,0.21600000000000003,15.172,0.176,269.250614,460.8,0.8587,0.2610854289089824,1.54,0.3423894981367655,4,0.8660254037844387,-0.4999999999999998,0.9992829116390552,-0.029016424861888535,-4.4408920985006264e-17,0.3603875471609676
2023-04-06,17989.0,5032.8,8.522,75.0,32.1,845.0,24.300000000000004,4226.2,3.8,146.3,3.9,53.46,4.0200000000000005,122.41999999999999,9.318000000000001,1987.323358,7.122,22.258,9.858,1.8559999999999999,0.23600000000000004,15.34,0.18,271.401166,460.8,0.8587,0.24600056195436823,1.54,0.3269731436411147,4,0.8660254037844387,-0.4999999999999998,0.9986359314731901,-0.04620137201715365,0.2817623302598763,0.22469796037174666
2023-04-07,19408.4,5152.8,8.57,75.0,32.3,910.0,26.2,4166.4,3.8,140.7,3.9,51.46,4.08,113.62,9.098,1999.305798,7.042,22.509999999999998,10.553999999999998,1.7579999999999998,0.25,15.709999999999999,0.16199999999999998,302.124946,409.6,0.8587,0.23244027835386122,1.54,0.31308870132074534,4,0.8660254037844387,-0.4999999999999998,0.9976934388686948,-0.06337264744313033,0.35135187892997066,-0.08019377358048381
2023-04-08,19110.6,4971.6,8.663999999999998,75.0,32.75,900.0,25.8,4238.4,3.8,135.2,4.3,55.519999999999996,4.220000000000001,119.54,9.506,2071.20967,7.0920000000000005,22.926000000000002,10.594,1.716,0.26000000000000006,16.29,0.142,308.237006,358.4,0.8587,0.22799577415370723,1.54,0.30843268933400486,4,0.8660254037844387,-0.4999999999999998,0.9964557127242945,-0.08052516988316069,0.15636629649360598,-0.3246979603717467
2023-04-09,18444.8,4986.0,9.654,75.0,36.45,870.0,24.99512512,4264.8,3.8,140.5,4.3,73.54,4.18,237.58,9.432,4204.348264,7.122,24.154000000000003,10.686,1.8359999999999999,0.28200000000000003,16.9,0.11000000000000001,310.659264,460.8,0.8587,0.2358217174284103,1.54,0.31595821898502124,4,0.8660254037844387,-0.4999999999999998,0.9949231193030679,-0.09765386362989724,-0.15636629649360595,-0.32469796037174675
2023-04-10,18136.4,5104.8,10.612,75.0,40.1,855.0,24.59512512,4457.6,3.8,148.1,4.6,86.28,4.08,313.92,9.456,5591.44188,7.1819999999999995,24.991999999999997,11.414,1.948,0.28600000000000003,17.380000000000003,0.094,315.5317,614.4,0.8587,0.24486335330722858,1.54,0.3243715251655068,4,0.8660254037844387,-0.4999999999999998,0.993096112124066,-0.11475366002728613,-0.35135187892997066,-0.08019377358048389
2023-04-11,19291.0,5395.2,12.5,75.0,47.5,910.0,25.99512512,4458.4,3.8,147.7,4.7,91.52000000000001,3.9400000000000004,328.38,9.5,5998.198480000001,7.254,25.14,11.898,2.1,0.264,17.35,0.08600000000000001,333.065798,614.4,0.8587,0.24098342640058096,1.54,0.320943087839994,4,0.8660254037844387,-0.4999999999999998,0.9909752318281064,-0.13181949897046408,-0.2817623302598763,0.22469796037174664
2023-04-12,18281.2,5440.8,12.819999999999999,75.0,48.7,865.0,24.59512512,4443.0,3.8,147.2,5.0,91.06,3.94,326.56,9.7,5861.14148,7.279999999999999,24.636000000000003,11.346,2.11,0.24000000000000005,17.09,0.07,311.19885,665.6,0.8587,0.2559708864453334,1.54,0.33636483197238154,4,0.8660254037844387,-0.4999999999999998,0.9885611060177905,-0.14884633040312487,-4.4408920985006264e-17,0.3603875471609676
2023-04-13,18887.0,5726.4,12.65,75.0,48.05,895.0,25.39512512,4330.0,3.8,151.3,4.8,91.00000000000001,3.96,325.74,9.68,5919.458199999999,7.18,24.246000000000002,11.106,2.122,0.21600000000000003,16.479999999999997,0.072,309.851518,716.8,0.8587,0.2610132025650818,1.54,0.34198695291992987,4,0.8660254037844387,-0.4999999999999998,0.9858544490717851,-0.16582911581191218,0.2817623302598763,0.22469796037174666
2023-04-14,19522.6,5811.6,13.41,75.0,50.95,925.0,26.2,4276.8,3.8,143.7,4.6,79.9,3.9799999999999995,225.45999999999998,9.78,4169.291039999999,7.2,23.982,10.682,1.982,0.17400000000000002,16.246000000000002,0.078,315.741806,614.4,0.8587,0.2573968349662493,1.54,0.33924917292413836,4,0.8660254037844387,-0.4999999999999998,0.9828560619334263,-0.18276282971739682,0.35135187892997066,-0.08019377358048381
2023-04-15,19889.2,5752.8,13.157333333333332,75.0,50.0,945.0,26.70480432,4098.2,3.8,138.3,4.4,67.04,4.0600000000000005,149.39999999999998,9.8,2793.62868,7.202,23.892000000000003,10.2,1.884,0.15800000000000003,16.186,0.074,320.699544,512.0,0.8587,0.25025964891473274,1.54,0.33233341412476536,4,0.8660254037844387,-0.4999999999999998,0.9795668318737081,-0.19964246116119688,0.15636629649360598,-0.3246979603717467
2023-04-16,20491.8,5727.6,11.892,75.0,45.2,975.0,27.50788528,4052.8,3.8,136.1,4.3,63.44,4.02,137.9,9.64,2665.0176,7.1739999999999995,24.4,9.422,1.7420000000000002,0.17,16.886,0.06,345.40292600000004,512.0,0.8587,0.24202428542748428,1.54,0.3231221659411772,4,0.8660254037844387,-0.4999999999999998,0.9759877322287235,-0.21646301518880104,-0.15636629649360595,-0.32469796037174675
2023-04-17,21282.6,5774.4,11.744000000000002,75.0,44.6,1015.0,28.70788528,4079.2,3.8,136.1,4.1,63.519999999999996,3.96,138.06,9.6,2741.16412,7.2,24.726,9.27,1.94,0.18400000000000002,16.875999999999998,0.076,357.691354,512.0,0.8587,0.23300842723903675,1.54,0.3141423186782415,4,0.8660254037844387,-0.4999999999999998,0.9721198221116396,-0.23321951432765572,-0.35135187892997066,-0.08019377358048389
2023-04-18,21525.4,5738.4,11.592,75.0,44.0,1020.0,28.90788528,4159.2,3.8,138.2,4.2,63.24000000000001,3.94,138.4,9.559999999999999,2778.95484,7.217999999999999,24.802,9.517999999999999,1.9460000000000002,0.21000000000000005,16.856,0.084,361.003866,512.0,0.8587,0.22891122387201182,1.54,0.3094875324356884,4,0.8660254037844387,-0.4999999999999998,0.967964246099289,-0.24990700006007974,-0.2817623302598763,0.22469796037174664
2023-04-19,21671.6,5790.0,11.844,75.0,44.9,1025.0,29.107885279999998,4237.4,3.8,135.5,4.3,60.3,3.9799999999999995,124.92,9.52,2503.0531,7.154000000000001,24.278,9.712,2.028,0.22000000000000003,16.62,0.084,358.078486,512.0,0.8587,0.2294464160041571,1.54,0.30991997936128124,4,0.8660254037844387,-0.4999999999999998,0.9635222338934704,-0.2665205342905689,-4.4408920985006264e-17,0.3603875471609676
2023-04-20,22058.4,5978.4,10.724666666666668,75.0,40.7,1040.0,29.60308096,4254.0,3.8,138.7,4.4,68.3,3.9,149.45999999999998,9.540000000000001,3096.6529,7.1579999999999995,24.814,10.086000000000002,2.126,0.23000000000000004,16.490000000000002,0.078,361.632678,512.0,0.8587,0.2327824428000349,1.54,0.313432784881777,4,0.8660254037844387,-0.4999999999999998,0.9587950999570604,-0.2830552008070585,0.2817623302598763,0.22469796037174666
2023-04-21,22129.4,6172.8,12.192,75.0,46.3,1045.0,29.7,4215.8,3.8,142.1,4.4,73.64000000000001,3.9800000000000004,162.6,9.6,3393.15928,7.151999999999999,25.184,10.494,2.1239999999999997,0.22600000000000003,16.64,0.092,365.964294,512.0,0.8587,0.23968905667835863,1.54,0.3214427666425842,4,0.8660254037844387,-0.4999999999999998,0.9537842431250432,-0.2995061067357089,0.35135187892997066,-0.08019377358048381
2023-04-22,22133.4,5997.6,12.138,75.0,46.1,1045.0,29.7,4219.2,3.8,149.0,4.4,76.06,3.9,177.12,9.44,3706.71,7.156000000000001,25.846000000000004,10.372,1.8820000000000001,0.21600000000000003,16.470000000000002,0.094,362.359286,512.0,0.8587,0.2325905662750211,1.54,0.3143144160071824,4,0.8660254037844387,-0.4999999999999998,0.9484911461905725,-0.31586838398878636,0.15636629649360598,-0.3246979603717467
2023-04-23,22405.0,5719.2,12.4244,75.0,47.18,1060.0,30.1,4232.2,3.8,147.2,4.2,77.46000000000001,3.7600000000000002,180.9,9.059999999999999,3839.25916,7.168000000000001,25.692,9.92,1.8760000000000001,0.20400000000000001,16.04,0.084,356.703286,512.0,0.8587,0.21993742579120884,1.54,0.30138454471130993,4,0.8660254037844387,-0.4999999999999998,0.9429173754661889,-0.33213719070520786,-0.15636629649360595,-0.32469796037174675
2023-04-24,22646.4,5569.2,11.2232,75.0,42.64,1075.0,30.5,4235.2,3.8,154.8,4.1,86.6,3.6800000000000006,203.42000000000002,9.04,4400.2959,7.17,26.934000000000005,9.568000000000001,1.8079999999999998,0.22000000000000003,16.386,0.09,368.40234599999997,512.0,0.8587,0.212222718049938,1.54,0.2930184461321518,4,0.8660254037844387,-0.4999999999999998,0.937064580320323,-0.34830771268332616,-0.35135187892997066,-0.08019377358048389
2023-04-25,22971.0,5342.4,12.2524,75.0,46.480000000000004,1095.0,30.9,4308.0,3.8,150.8,3.9,79.17999999999999,3.6399999999999997,183.68,8.9,4006.42062,7.095999999999999,26.874000000000002,9.332,1.7220000000000002,0.23600000000000004,16.502,0.1,376.06134,512.0,0.8587,0.20084999655822497,1.54,0.28153999478259956,4,0.8660254037844387,-0.4999999999999998,0.9309344926892207,-0.36437516480552923,-0.2817623302598763,0.22469796037174664
2023-04-26,21268.2,4477.2,11.554,75.0,43.8,1015.0,28.60863632,4364.2,3.8,150.1,3.7,69.97999999999999,3.6199999999999997,163.35999999999999,8.84,3391.8185600000006,7.066,26.732,9.136,1.7600000000000002,0.24400000000000005,15.901999999999997,0.096,334.55370400000004,460.8,0.8587,0.17749829947357268,1.54,0.25738933191420743,4,0.8660254037844387,-0.4999999999999998,0.924528926564436,-0.38033479245423363,-4.4408920985006264e-17,0.3603875471609676
2023-04-27,21778.4,3926.4,13.236,75.0,50.2,1040.0,29.208636320000004,4345.6,3.8,145.6,3.8,71.2,3.7,157.92000000000002,8.96,3343.35402,7.054,26.802,9.384,1.78,0.26400000000000007,16.421999999999997,0.09,354.897764,460.8,0.8587,0.15314116623276708,1.54,0.23342421676876474,4,0.8660254037844387,-0.4999999999999998,0.9178497774560409,-0.3961818729188524,0.2817623302598763,0.22469796037174666
2023-04-28,21548.0,3577.2,14.541599999999999,75.0,55.120000000000005,1030.0,29.008636320000004,4342.0,3.8,142.0,4.0,69.3,3.78,153.88000000000002,8.959999999999999,3218.57074,7.098000000000001,27.458,9.597999999999999,1.7440000000000002,0.276,17.062,0.098,366.034996,460.8,0.8587,0.14165951043939098,1.54,0.22285097190469708,4,0.8660254037844387,-0.4999999999999998,0.9108990218317136,-0.41191171679332106,0.35135187892997066,-0.08019377358048381
2023-04-29,20326.6,3112.8,13.9308,75.0,52.760000000000005,975.0,27.408636320000006,4384.2,3.8,137.3,4.1,58.6,3.7399999999999998,129.16,8.8,2511.9663800000003,7.236,28.514,10.278,1.7760000000000002,0.2800000000000001,17.826,0.10200000000000001,358.877036,460.8,0.8587,0.13182097307863722,1.54,0.21385440423847685,4,0.8660254037844387,-0.4999999999999998,0.9036787165318699,-0.4275196693637683,0.15636629649360598,-0.3246979603717467
2023-04-30,18985.0,2620.8,12.95541818181818,75.0,49.019999999999996,910.0,25.608636320000006,4269.0,3.8,139.8,4.1,58.44,3.7800000000000002,127.25999999999999,8.76,2293.0078999999996,7.322,29.046000000000003,10.434000000000001,1.732,0.26400000000000007,17.990000000000002,0.11200000000000002,339.702452,460.8,0.8587,0.12174557829324244,1.54,0.20370498437905699,4,0.8660254037844387,-0.4999999999999998,0.8961909981610121,-0.4430011119859206,-0.15636629649360595,-0.32469796037174675
2023-05-01,19829.2,3331.6,11.615454545454545,75.0,43.9,950.0,26.8,4272.4,3.8,137.3,4.3,61.88000000000001,3.7600000000000002,133.5,8.84,2486.07798,7.331999999999999,28.302000000000003,10.766,1.718,0.24600000000000005,18.01,0.11200000000000002,354.1533519999999,512.0,0.8587,0.14986267560704272,1.54,0.23174436200021908,5,0.7928203230275509,-0.5732050807568875,0.8884380824554718,-0.4583514634518339,-0.35135187892997066,-0.08019377358048389
2023-05-02,18032.0,3781.0,9.91090909090909,75.0,37.4,860.0,24.407235040000003,4304.6,3.8,141.5,4.4,57.779999999999994,3.72,127.0,8.84,2142.1194800000003,7.374,27.612000000000002,10.636000000000001,1.684,0.22800000000000004,17.660000000000004,0.11200000000000002,316.804766,512.0,0.8587,0.18679619444115797,1.54,0.2674897515822509,5,0.7196152422706631,-0.6464101615137754,0.8804222636277386,-0.4735661813455458,-0.2817623302598763,0.22469796037174664
2023-05-03,17576.4,4505.8,8.218181818181819,75.0,31.0,840.0,23.70692912,4414.6,3.8,144.5,4.3,58.1,3.5800000000000005,126.33999999999999,8.98,2069.76784,7.404000000000001,27.306,10.874,1.7,0.21400000000000002,17.76,0.10400000000000001,311.19505399999997,512.0,0.8587,0.21971891902828883,1.54,0.2996893076004287,5,0.6464101615137754,-0.7196152422706631,0.8721459136875657,-0.4886407633872503,-4.4408920985006264e-17,0.3603875471609676
2023-05-04,18249.2,5297.4,8.077272727272728,75.0,30.5,870.0,24.506929120000002,4262.2,3.8,146.6,4.2,61.220000000000006,3.5799999999999996,133.66000000000003,9.02,2291.0076,7.316,25.497999999999998,11.062000000000001,1.6740000000000002,0.20600000000000004,16.98,0.10800000000000001,308.63385400000004,512.0,0.8587,0.24781433135345826,1.54,0.32702007981743,5,0.5732050807568877,-0.792820323027551,0.8636114817400543,-0.5035707487655945,0.2817623302598763,0.22469796037174666
2023-05-05,18072.0,5811.8,7.936363636363637,75.0,30.0,860.0,24.30692912,3906.6,3.8,146.0,4.3,61.42,3.6400000000000006,133.3,9.280000000000001,2257.8027200000006,7.282000000000001,25.16,11.547999999999998,1.6800000000000002,0.19600000000000004,17.54,0.088,315.14199399999995,460.8,0.8587,0.2761494838528372,1.54,0.3552048895493024,5,0.49999999999999994,-0.8660254037844387,0.854821493260923,-0.5183517194577048,0.35135187892997066,-0.08019377358048381
2023-05-06,18420.4,5923.8,7.795454545454545,75.0,29.5,875.0,24.70692912,3577.8,3.8,148.6,4.3,60.42,3.6799999999999997,132.82,9.3,2293.68344,7.294,25.812,11.629999999999999,1.6600000000000001,0.20600000000000002,18.0,0.096,329.75487400000003,460.8,0.8587,0.27614780375483133,1.54,0.3550478577742778,5,0.49999999999999994,-0.8660254037844387,0.8457785493491807,-0.5329793015365502,0.15636629649360598,-0.3246979603717467
2023-05-07,19749.0,6351.2,7.654545454545454,75.0,29.0,940.0,26.4936304,3537.6,3.8,143.8,4.3,63.839999999999996,3.7600000000000002,138.7,9.24,2561.14592,7.276000000000001,26.044,11.998,1.7,0.22600000000000006,18.092000000000002,0.092,353.253224,460.8,0.8587,0.2761545191572486,1.54,0.35524847090027656,5,0.49999999999999994,-0.8660254037844387,0.8364853259574175,-0.5474491664652585,-0.15636629649360595,-0.32469796037174675
2023-05-08,18980.0,6103.8,7.513636363636364,75.0,28.5,905.0,25.49393632,3373.2,3.8,139.0,4.5,61.81999999999999,3.9199999999999995,134.8,9.419999999999998,2401.9715800000004,7.231999999999999,26.308,12.15,1.7079999999999997,0.23200000000000004,18.452,0.11200000000000002,345.28694399999995,460.8,0.8587,0.2761497357041761,1.54,0.3554094932690605,5,0.49999999999999994,-0.8660254037844387,0.8269445730999487,-0.5617570323779997,-0.35135187892997066,-0.08019377358048389
2023-05-09,18331.6,5895.20809972,7.372727272727272,75.0,28.0,870.0,24.69393632,3449.6,3.8,135.8,4.9,62.220000000000006,4.04,134.0,9.7,2292.9841,7.206,26.804000000000002,12.126000000000001,1.706,0.24000000000000005,18.732,0.11200000000000002,339.42847199999994,460.8,0.8587,0.27614664412998946,1.54,0.35504211209091313,5,0.49999999999999994,-0.8660254037844387,0.8171591140390408,-0.5758986653470586,-0.2817623302598763,0.22469796037174664
2023-05-10,19524.4,6278.72837228,7.2318181818181815,75.0,27.5,925.0,26.29393632,4042.4,3.8,139.5,4.9,61.14,4.04,131.76000000000002,9.780000000000001,2392.27706,7.1659999999999995,26.544,12.144000000000002,1.7099999999999997,0.26000000000000006,18.131999999999998,0.12599999999999997,349.474916,512.0,0.8587,0.27614310340100834,1.54,0.35531178345557657,5,0.49999999999999994,-0.8660254037844387,0.807131844449463,-0.5898698806357225,-4.4408920985006264e-17,0.3603875471609676
2023-05-11,20348.2,6543.719195039999,7.174090909090909,75.0,27.3,963.0,27.39393632,4628.2,3.8,136.9,4.7,62.239999999999995,4.06,132.76,9.940000000000001,2517.70976,7.136,25.986,12.196000000000002,1.714,0.2700000000000001,17.352,0.10800000000000001,347.270306,512.0,0.8587,0.276146121310577,1.54,0.3552234932177858,5,0.49999999999999994,-0.8660254037844387,0.7968657315616094,-0.6036665439366128,0.2817623302598763,0.22469796037174666
2023-05-12,20809.4,6691.956734559999,7.199545454545455,75.0,27.4,983.0,28.0,4641.4,3.8,135.8,4.5,61.7,3.9,130.2,9.98,2517.8286,7.081999999999999,25.701999999999998,11.900000000000002,1.7239999999999998,0.278,17.16,0.10800000000000001,350.35202200000003,512.0,0.8587,0.27614301146606374,1.54,0.355455478726583,5,0.49999999999999994,-0.8660254037844387,0.7863638132834502,-0.6172845725950913,0.35135187892997066,-0.08019377358048381
2023-05-13,21866.6,7031.996800919999,7.213181818181818,75.0,27.46,1033.0,29.4,4869.6,3.8,136.6,4.4,63.94000000000001,3.84,134.2,9.919999999999998,2710.83214,7.05,25.184,11.7,1.6960000000000002,0.29000000000000004,16.76,0.10200000000000001,362.237436,512.0,0.8587,0.27614606993999996,1.54,0.35538671347117956,5,0.49999999999999994,-0.8660254037844387,0.7756291973015632,-0.6307199368173851,0.15636629649360598,-0.3246979603717467
2023-05-14,23226.8,7469.41835016,7.214999999999999,75.0,27.48,1098.0,31.190595840000004,5021.2,3.8,136.4,4.3,64.0,3.7800000000000002,135.28000000000003,9.86,2919.9453399999998,7.044,24.826,11.524,1.69,0.28,16.61,0.10800000000000001,383.007228,512.0,0.8587,0.27614606993999996,1.54,0.35548998770967005,5,0.49999999999999994,-0.8660254037844387,0.7646650601615207,-0.6439686608630667,-0.15636629649360595,-0.32469796037174675
2023-05-15,23623.2,7596.89511984,7.205,75.0,27.46,1118.0,31.79059584,4886.2,3.8,132.9,4.3,64.52000000000001,3.8200000000000003,135.04,9.819999999999999,2960.73542,7.039999999999999,24.21,11.052000000000001,1.7100000000000002,0.28400000000000003,16.31,0.10800000000000001,382.38566000000003,512.0,0.8587,0.27614606993999996,1.54,0.35522371648020223,5,0.49999999999999994,-0.8660254037844387,0.7534746463278986,-0.6570268242215394,-0.35135187892997066,-0.08019377358048389
2023-05-16,23780.6,7647.512787719999,7.1,75.0,27.1,1125.0,32.090595840000006,4764.6,3.8,137.1,4.3,62.6,3.7800000000000002,136.92,9.72,3029.6772,7.019999999999999,24.082,10.686,1.686,0.28800000000000003,16.37,0.124,385.854594,512.0,0.8587,0.27614606993999996,1.54,0.35519796627060846,5,0.49999999999999994,-0.8660254037844387,0.7420612672241866,-0.6698905627721797,-0.2817623302598763,0.22469796037174664
2023-05-17,23192.0,7458.2271504,6.9,75.0,26.4,1100.0,31.29059584,4712.0,3.8,137.9,4.4,61.220000000000006,3.9,134.38,9.72,2904.94588,7.037999999999999,24.656,10.398,1.668,0.27,16.919999999999998,0.132,387.973514,512.0,0.8587,0.27614606994,1.54,0.3554118702463663,5,0.49999999999999994,-0.8660254037844387,0.7304283002528853,-0.6825560699277929,-4.4408920985006264e-17,0.3603875471609676
2023-05-18,23663.8,7609.951519559999,8.74,75.0,33.44,1120.0,31.79059584,4720.6,3.8,138.7,4.3,61.779999999999994,3.9400000000000004,134.88000000000002,9.72,2973.1197199999997,7.002,24.994,10.170000000000002,1.67,0.26200000000000007,17.15,0.11800000000000002,402.1135,512.0,0.8587,0.27614606994,1.54,0.3560278601500763,5,0.49999999999999994,-0.8660254037844387,0.7185791877960778,-0.6950195977610434,0.2817623302598763,0.22469796037174666
2023-05-19,23545.8,7572.004347960001,8.879999999999999,75.0,34.02,1115.0,31.6,4575.6,3.8,138.2,4.0,61.980000000000004,3.9799999999999995,134.56,9.679999999999998,2950.0336,7.01,25.198,9.736,1.682,0.26200000000000007,17.119999999999997,0.10400000000000001,399.689476,512.0,0.8587,0.27614606994,1.54,0.35644868006544234,5,0.49999999999999994,-0.8660254037844387,0.7065174361967739,-0.7072774581135262,0.35135187892997066,-0.08019377358048381
2023-05-20,23162.8,7448.836833359999,9.21,75.0,35.14,1100.0,31.2,4755.4,3.8,141.9,3.7,62.36,3.8800000000000003,135.38000000000002,9.559999999999999,2927.4083400000004,7.0120000000000005,25.863999999999997,9.325999999999999,1.6800000000000002,0.24600000000000005,17.919999999999998,0.1,411.85758,512.0,0.8587,0.27614606994,1.54,0.35711675078487937,5,0.49999999999999994,-0.8660254037844387,0.694246614721327,-0.7193260236871531,0.15636629649360598,-0.3246979603717467
2023-05-21,23222.6,7468.06768812,10.549000000000001,75.0,40.1,1100.0,31.2,4637.0,3.8,142.2,3.9,60.720000000000006,3.9200000000000004,126.64000000000001,9.48,2723.01776,7.034000000000001,26.098000000000003,9.169999999999998,1.7080000000000002,0.25400000000000006,18.189999999999998,0.10600000000000001,419.27312599999993,512.0,0.8587,0.27614606994,1.54,0.35692520331293665,5,0.49999999999999994,-0.8660254037844387,0.6817703545032299,-0.7311617291175281,-0.15636629649360595,-0.32469796037174675
2023-05-22,23908.2,7688.54718684,12.897,75.0,48.9,1130.0,32.2,4969.0,3.8,142.2,3.7,62.720000000000006,3.7600000000000002,129.7,9.28,2877.0737400000003,7.024000000000001,26.044,9.181999999999999,1.714,0.2760000000000001,17.74,0.10800000000000001,420.862226,512.0,0.8587,0.27614606994,1.54,0.3572491433495449,5,0.49999999999999994,-0.8660254037844387,0.6690923474686052,-0.7427810720289962,-0.35135187892997066,-0.08019377358048389
2023-05-23,23889.0,7682.372731799999,11.303,75.0,42.7,1130.0,32.4,4905.6,3.8,146.2,3.8,63.6,3.56,131.66000000000003,9.08,2926.9131,7.066,25.846000000000004,8.867999999999999,1.754,0.288,17.410000000000004,0.122,412.19585800000004,512.0,0.8587,0.27614606994,1.54,0.35693206758535084,5,0.49999999999999994,-0.8660254037844387,0.6562163452437038,-0.7541806140710525,-0.2817623302598763,0.22469796037174664
2023-05-24,23521.8,7564.28627916,11.643,75.0,43.9,1115.0,32.0,4920.8,3.8,148.9,3.9,61.52,3.4200000000000004,129.52,8.919999999999998,2832.7086600000002,7.096000000000001,25.360000000000003,8.778,1.7439999999999998,0.30800000000000005,17.27,0.134,402.51681799999994,512.0,0.8587,0.27614606994,1.54,0.3572209964276075,5,0.49999999999999994,-0.8660254037844387,0.6431461580447386,-0.7653569819358058,-4.4408920985006264e-17,0.3603875471609676
2023-05-25,23842.0,7667.2581804,11.733,75.0,44.3,1130.0,32.3,4752.0,3.8,145.0,4.2,61.160000000000004,3.3800000000000003,129.35999999999999,8.76,2870.78044,7.118,24.926,8.809999999999999,1.72,0.328,16.622,0.124,393.377142,512.0,0.8587,0.27614606994,1.54,0.3571866711355899,5,0.49999999999999994,-0.8660254037844387,0.6298856535503816,-0.7763068683561947,0.2817623302598763,0.22469796037174666
2023-05-26,23860.6,7673.239683719999,10.971999999999998,75.0,41.4,1135.0,32.4,4861.6,3.8,145.1,4.2,65.38,3.3200000000000003,138.44,8.66,3099.16774,7.102000000000001,25.137999999999998,8.778,1.7440000000000002,0.31200000000000006,16.652,0.11200000000000002,394.725912,512.0,0.8587,0.27614606993999996,1.54,0.3579116521367667,5,0.49999999999999994,-0.8660254037844387,0.6164387557572533,-0.7870270330846603,0.35135187892997066,-0.08019377358048381
2023-05-27,23531.8,7567.50214116,9.25,75.0,34.9,1120.09172,31.9,4641.2,3.8,148.3,4.3,60.779999999999994,3.6399999999999997,133.0,8.94,2928.18802,7.056,24.272,8.374,1.716,0.30000000000000004,16.232000000000003,0.10600000000000001,380.038986,512.0,0.8587,0.27614606993999996,1.54,0.3575752384076604,5,0.49999999999999994,-0.8660254037844387,0.6028094438187503,-0.7975143038519887,0.15636629649360598,-0.3246979603717467
2023-05-28,23641.0,7602.619354199999,9.358,75.0,35.3,1125.09172,32.1,4612.8,3.8,143.9,4.4,59.220000000000006,3.6799999999999997,129.66,8.94,2860.1220200000002,7.006,24.018,8.540000000000001,1.6960000000000002,0.30000000000000004,15.882000000000001,0.10200000000000001,373.342234,512.0,0.8587,0.27614606993999996,1.54,0.35758115294235443,5,0.49999999999999994,-0.8660254037844387,0.5890017508675502,-0.807765577306036,-0.15636629649360595,-0.32469796037174675
2023-05-29,23962.4,7705.9771588799995,9.0,75.0,33.9,1140.09172,32.5,4554.4,3.8,143.5,4.4,62.339999999999996,3.7400000000000007,139.8,9.120000000000001,3137.03526,6.946000000000001,24.312,8.638,1.722,0.28800000000000003,15.912,0.11400000000000002,379.058808,512.0,0.8587,0.27614606993999996,1.54,0.3574342066376578,5,0.49999999999999994,-0.8660254037844387,0.5750197628221414,-0.81777781993006,-0.35135187892997066,-0.08019377358048389
2023-05-30,23724.6,7629.50396052,9.184000000000001,75.0,34.6,1125.09172,32.2,4553.0,3.8,144.4,4.6,65.6,3.8400000000000007,152.06,9.26,3385.9816,6.94,24.23,8.824,1.718,0.28600000000000003,15.925999999999998,0.134,375.06683200000003,512.0,0.8587,0.27614606993999996,1.54,0.3572479132667854,5,0.49999999999999994,-0.8660254037844387,0.560867617177735,-0.8275480689403867,-0.2817623302598763,0.22469796037174664
2023-05-31,23179.8,7454.303798759999,9.092,75.0,34.4,1100.09172,31.3,4433.4,3.8,139.2,4.7,65.38,3.88,153.8,9.28,3368.2649499999998,6.964,23.752000000000002,9.063999999999998,1.6800000000000002,0.29000000000000004,15.702000000000002,0.13,364.317646,512.0,0.8587,0.27614606994,1.54,0.3573480120277581,5,0.49999999999999994,-0.8660254037844387,0.5465495017819135,-0.8370734331631458,-4.4408920985006264e-17,0.3603875471609676
2023-06-01,23392.0,7397.6099404,8.848,75.0,33.5,1110.0,31.6,4388.6,3.8,134.7,4.7,68.88000000000001,3.46,158.3,8.92,3504.2096900000006,7.0280000000000005,24.157999999999998,9.404,1.668,0.294,15.935999999999998,0.126,372.947312,512.0,0.8587,0.2716289662677895,1.54,0.35274111526220997,6,0.39999999999999997,-0.8928203230275511,0.5320696535953789,-0.8463510938898153,0.2817623302598763,0.22469796037174666
2023-06-02,23419.6,7275.9027468799995,8.809999999999999,75.0,33.45,1110.0,31.4,4288.4,3.8,134.5,4.4,67.22,3.62,155.84,9.16,3440.33753,7.066,23.726,9.372,1.67,0.29400000000000004,15.844,0.134,370.88323199999996,512.0,0.8587,0.26711408470046916,1.54,0.34770220950294406,6,0.29999999999999993,-0.9196152422706632,0.5174323574381677,-0.8553783057113231,0.35135187892997066,-0.08019377358048381
2023-06-03,23137.2,7067.948917479999,9.138,75.0,34.75,1095.0,31.0,4328.4,3.8,132.0,4.5,66.42,3.3600000000000003,149.78000000000003,8.74,3264.62005,7.090000000000001,23.498,9.244,1.67,0.29400000000000004,15.913999999999998,0.11200000000000002,368.25862800000004,512.0,0.8587,0.26259802026573986,1.54,0.3431833055539716,6,0.2,-0.9464101615137755,0.5026419447217044,-0.8641523973304572,0.15636629649360598,-0.3246979603717467
2023-06-04,22404.6,6731.30296756,8.9,75.0,33.85,1060.0,30.0,4359.8,3.8,127.4,4.0,63.14,3.28,137.34,8.64,2896.0669500000004,7.072,22.948,9.03,1.686,0.28400000000000003,15.73,0.10200000000000001,353.06262000000004,512.0,0.8587,0.2580809319597399,1.54,0.3386418331701518,6,0.10000000000000005,-0.9732050807568878,0.4877027921670668,-0.8726707723523461,-0.15636629649360595,-0.32469796037174675
2023-06-05,22347.6,6598.985379940001,8.836,75.0,33.55,1055.0,30.0,4366.2,3.8,130.1,3.7,61.14,3.12,132.1,8.34,2756.7484200000004,7.053999999999999,22.568,8.931999999999999,1.6920000000000002,0.29600000000000004,15.638,0.10200000000000001,346.820478,512.0,0.8587,0.2535638436537399,1.54,0.3334689349003559,6,1.2246467991473532e-16,-1.0,0.47261932050984334,-0.8809309100527732,-0.35135187892997066,-0.08019377358048389
2023-06-06,22195.4,6554.043534480001,8.931999999999999,75.0,33.95,1050.0,29.8,4409.4,3.8,129.9,3.5,61.78000000000001,3.1599999999999997,132.82,8.120000000000001,2759.9418800000003,7.036,22.951999999999998,8.934000000000001,1.718,0.296,16.004,0.092,353.147858,512.0,0.8587,0.25356385901995043,1.54,0.3336655120382147,6,1.2246467991473532e-16,-1.0,0.4573959931919675,-0.8889303661241004,-0.2817623302598763,0.22469796037174664
2023-06-07,22134.0,6535.84925342,8.77,75.0,33.2,1050.0,30.0,4370.2,3.8,131.7,3.6,66.42,3.1,143.24,7.88,3015.16436,7.037999999999999,23.907999999999998,8.814,1.706,0.29200000000000004,16.740000000000002,0.088,370.396738,512.0,0.8587,0.2535616522812708,1.54,0.3342490707715348,6,1.2246467991473532e-16,-1.0,0.44203731504091215,-0.8966667733985769,-4.4408920985006264e-17,0.3603875471609676
2023-06-08,22716.0,6707.678158799999,8.687999999999999,75.0,32.9,1075.0,30.8,4292.2,3.8,135.2,3.6,66.35999999999999,3.2800000000000002,143.72,7.959999999999999,3112.07196,7.031999999999999,24.204,8.844000000000001,1.734,0.29200000000000004,16.692,0.09,379.037408,512.0,0.8587,0.25356062841000004,1.54,0.33401717554245625,6,1.2246467991473532e-16,-1.0,0.4265478309366396,-0.9041378425488237,0.2817623302598763,0.22469796037174666
2023-06-09,23416.6,6914.554339380001,8.764,75.0,33.1,1110.0,31.8,4167.2,3.8,138.0,3.8,68.3,3.2399999999999998,147.62,7.92,3284.0918600000005,7.058,24.958000000000002,8.78,1.7759999999999998,0.29400000000000004,17.064,0.08,398.43996,512.0,0.8587,0.25356062841000004,1.54,0.3341077885886258,6,1.2246467991473532e-16,-1.0,0.41093212446669825,-0.9113413627652811,0.35135187892997066,-0.08019377358048381
2023-06-10,23545.6,6952.64601408,8.72,75.0,32.9,1115.0,32.1,4164.8,3.8,135.4,3.9,68.02000000000001,3.44,144.5,8.280000000000001,3223.06724,7.07,25.54,8.414000000000001,1.7879999999999998,0.29800000000000004,17.15,0.092,402.08295599999997,512.0,0.8587,0.25356062841,1.54,0.3344849391941992,6,1.2246467991473532e-16,-1.0,0.3951948165698651,-0.9182752024104234,0.15636629649360598,-0.3246979603717467
2023-06-11,23751.4,7013.41552302,8.78,75.0,33.1,1125.0,32.3,4116.8,3.8,136.2,4.0,69.24,3.56,146.16,8.620000000000001,3280.6400599999993,7.0840000000000005,25.472,8.306000000000001,1.8299999999999996,0.31000000000000005,17.002,0.10200000000000001,401.807292,512.0,0.8587,0.25356062841,1.54,0.3344837042467311,6,1.2246467991473532e-16,-1.0,0.37934056416873563,-0.9249373096495453,-0.15636629649360595,-0.32469796037174675
2023-06-12,23433.0,6919.3970019,9.088,75.0,34.4,1105.0,31.6,4182.4,3.8,136.3,3.9,70.94,3.44,149.94,8.620000000000001,3317.92624,7.106,25.413999999999998,8.256,1.8539999999999999,0.29800000000000004,16.764,0.10200000000000001,390.48972599999996,460.8,0.8587,0.25356062841,1.54,0.3342448845950039,6,1.2246467991473532e-16,-1.0,0.36337405879166595,-0.9313257130579313,-0.35135187892997066,-0.08019377358048389
2023-06-13,23307.8,6882.42740754,9.228,75.0,34.9,1100.0,31.4,4203.6,3.8,131.7,3.9,69.36000000000001,3.5,144.14,8.74,3153.61856,7.151999999999999,25.338,8.08,1.846,0.296,16.668,0.09200000000000001,386.279472,409.6,0.8587,0.25356062841,1.54,0.33434047122574373,6,1.2246467991473532e-16,-1.0,0.34730002518447334,-0.9374385222042338,-0.2817623302598763,0.22469796037174664
2023-06-14,23458.0,6926.7791094,9.272,75.0,35.1,1105.0,31.6,4184.0,3.8,130.5,3.9,66.6,3.46,139.1,8.559999999999999,3060.23602,7.156000000000001,26.381999999999998,7.9079999999999995,1.8539999999999999,0.29800000000000004,16.966,0.094,395.81125999999995,409.6,0.8587,0.25356062841,1.54,0.33419291692714026,6,1.2246467991473532e-16,-1.0,0.3311232199123085,-0.9432739282098803,-4.4408920985006264e-17,0.3603875471609676
2023-06-15,23513.4,6943.137859619999,9.25,75.0,35.0,1110.0,31.6,4199.0,3.8,134.7,4.0,74.56,3.28,158.1,8.34,3500.6121399999997,7.17,28.482,7.903999999999999,1.922,0.28800000000000003,18.348,0.086,428.088624,409.6,0.8587,0.25356062841000004,1.54,0.33434718196736457,6,1.2246467991473532e-16,-1.0,0.3148484299521111,-0.9488302042843515,0.2817623302598763,0.22469796037174666
2023-06-16,23961.4,7075.425226019999,9.326,75.0,35.2,1130.0,32.4,4280.0,3.8,141.5,4.3,76.8,3.3,168.42000000000002,8.34,3830.8651,7.186,29.15,7.888,1.936,0.268,18.6,0.098,441.69742399999996,409.6,0.8587,0.25356062841000004,1.54,0.33424273207212035,6,1.2246467991473532e-16,-1.0,0.2984804712760668,-0.9541057062361646,0.35135187892997066,-0.08019377358048381
2023-06-17,25013.4,7386.06430962,9.214000000000002,75.0,34.7,1180.0,33.9,4316.6,3.8,146.9,4.4,73.18,3.4,157.54,8.26,3709.4907,7.15,29.774,7.845999999999999,1.948,0.28400000000000003,18.486,0.098,456.58788599999997,460.8,0.8587,0.25356062841,1.54,0.33416932531040977,6,1.2246467991473532e-16,-1.0,0.2820241874264828,-0.9590988729594179,0.15636629649360598,-0.3246979603717467
2023-06-18,26429.8,7804.30499214,9.102,75.0,34.3,1249.93772,35.8,4335.6,3.8,156.5,4.1,75.58000000000001,3.3,166.0,8.1,4154.45312,7.108,30.451999999999998,7.766,1.884,0.278,18.496000000000002,0.11600000000000002,479.46458600000005,512.0,0.8587,0.25356062841,1.54,0.33423196137574623,6,1.2246467991473532e-16,-1.0,0.26548444808250643,-0.9638082268957453,-0.15636629649360595,-0.32469796037174675
2023-06-19,28261.6,8345.20677288,8.524000000000001,75.0,32.15,1339.93772,38.2,4336.4,3.8,161.5,4.0,77.0,3.34,167.7,8.2,4414.00968,7.066,29.9,7.356,1.862,0.28600000000000003,17.924,0.136,494.40643,512.0,0.8587,0.25356062841,1.54,0.33397284036796365,6,1.2246467991473532e-16,-1.0,0.24886614761910844,-0.9682323744715509,-0.35135187892997066,-0.08019377358048389
2023-06-20,30106.0,8889.8291358,7.587999999999999,75.0,28.55,1424.93772,40.7,4349.2,3.8,161.4,3.7,73.8,3.54,162.12,8.52,4609.21042,7.040000000000001,29.924,6.825999999999999,1.8800000000000001,0.28400000000000003,18.554000000000002,0.13599999999999998,556.427164,512.0,0.8587,0.25356062841,1.54,0.33353169801680344,6,1.2246467991473532e-16,-1.0,0.23217420365875877,-0.9723700065103895,-0.2817623302598763,0.22469796037174664
2023-06-21,30781.2,9089.20509516,6.822,75.0,25.75,1454.93772,41.5,4290.8,3.8,158.1,3.6,71.08,3.4799999999999995,150.26,8.620000000000001,4378.95706,7.0280000000000005,29.488,6.31,1.828,0.28400000000000003,18.44,0.12800000000000003,565.108712,512.0,0.8587,0.25356062841,1.54,0.3332145914668419,6,1.2246467991473532e-16,-1.0,0.21541355561622266,-0.9762198986203723,-4.4408920985006264e-17,0.3603875471609676
2023-06-22,31748.2,9374.74501326,6.542,75.0,24.75,1504.93772,42.7,4236.2,3.8,156.1,3.7,75.1,3.6399999999999997,163.84,9.02,4930.45552,7.048,29.859999999999996,6.044,1.834,0.27999999999999997,19.374000000000002,0.13199999999999998,611.9193520000001,512.0,0.8587,0.25356062841,1.54,0.3330621505173732,6,1.2246467991473532e-16,-1.0,0.19858916323690892,-0.9797809115564856,0.2817623302598763,0.22469796037174666
2023-06-23,32013.8,9453.17252334,6.638,75.0,25.05,1515.0,43.2,4252.0,3.8,150.1,3.8,76.38,3.6399999999999997,167.72,8.9,5106.067840000001,7.046000000000001,30.49,5.804,1.904,0.30200000000000005,20.240000000000002,0.12400000000000003,645.0591340000001,512.0,0.8587,0.25356062841,1.54,0.33294496751448294,6,1.2246467991473532e-16,-1.0,0.181706005129201,-0.9830519915577101,0.35135187892997066,-0.08019377358048381
2023-06-24,31704.6,9361.870617780001,9.254,75.0,35.0,1500.0,42.8,4296.6,3.8,150.9,4.1,76.02000000000001,3.88,174.36,9.3,5262.51328,7.0680000000000005,30.924,6.090000000000001,1.964,0.29400000000000004,20.804,0.11800000000000002,657.9062160000001,512.0,0.8587,0.25356062841,1.54,0.3336630787632934,6,1.2246467991473532e-16,-1.0,0.1647690772912068,-0.9860321706588471,0.15636629649360598,-0.3246979603717467
2023-06-25,31400.6,9272.10419058,12.314000000000002,75.0,46.7,1490.0,42.3,4273.4,3.8,149.2,4.3,80.0,3.88,187.72,9.4,5610.05606,7.087999999999999,30.712,6.352,2.022,0.29200000000000004,21.262,0.11800000000000002,663.9037700000001,512.0,0.8587,0.25356062841,1.54,0.33449201850845717,6,1.2246467991473532e-16,-1.0,0.14778339163236254,-0.9887205669769539,-0.15636629649360595,-0.32469796037174675
2023-06-26,31210.8,9216.05923044,14.646,75.0,55.5,1480.0,42.1,4261.2,3.8,152.2,4.3,89.66,3.9,217.88000000000002,9.48,6449.346680000001,7.090000000000001,31.75,6.473999999999999,2.0620000000000003,0.29600000000000004,22.356,0.12200000000000003,691.947616,512.0,0.8587,0.25356062841,1.54,0.33491660911404286,6,1.2246467991473532e-16,-1.0,0.13075397449032808,-0.9911163849723079,-0.35135187892997066,-0.08019377358048389
2023-06-27,29497.0,8710.0009971,16.338,75.0,61.9,1400.0,39.9,4222.4,3.8,155.0,4.4,93.14,3.7599999999999993,225.14000000000001,9.379999999999999,6310.62756,7.1,31.588,6.552,2.082,0.28,22.68,0.11800000000000002,663.484678,512.0,0.8587,0.25356062841,1.54,0.3358033283003879,6,1.2246467991473532e-16,-1.0,0.1136858651436127,-0.9932189156838194,-0.2817623302598763,0.22469796037174664
2023-06-28,28220.6,8333.10011658,17.994,75.0,68.1,1340.0,38.2,4256.2,3.8,158.2,4.5,98.32000000000001,3.84,233.68,9.82,6290.21498,7.138,32.062,7.124,2.102,0.25800000000000006,23.768,0.11800000000000002,666.038734,512.0,0.8587,0.25356062841,1.54,0.3362463445174873,6,1.2246467991473532e-16,-1.0,0.09658411432037162,-0.9950275369388241,-4.4408920985006264e-17,0.3603875471609676
2023-06-29,27169.0,8022.5791467,17.503999999999998,75.0,66.2,1290.0,36.8,4262.4,3.8,159.2,4.4,104.7,3.72,245.06,9.7,6426.86964,7.168000000000001,32.76,7.616,2.0940000000000003,0.26600000000000007,24.434,0.12200000000000003,663.581668,512.0,0.8587,0.25356062841,1.54,0.3362780744050601,6,1.2246467991473532e-16,-1.0,0.07945378270381415,-0.9965417135371949,0.2817623302598763,0.22469796037174666
2023-06-30,27405.4,8092.3843552200005,15.565999999999999,75.0,58.8,1300.0,37.2,4222.2,3.8,159.5,4.5,98.32000000000001,3.7399999999999998,225.51999999999998,9.58,5873.4013,7.188,31.985999999999997,7.922,1.9720000000000002,0.274,23.240000000000002,0.13999999999999999,632.1004479999999,512.0,0.8587,0.25356062841,1.54,0.33582462059766394,6,1.2246467991473532e-16,-1.0,0.06229993943466629,-0.9977609974097156,0.35135187892997066,-0.08019377358048381
2023-07-01,27145.0,8172.53985276,15.575999999999999,75.0,58.8,1290.0,36.8,4193.2,3.8,159.2,4.3,88.26,3.84,194.28,9.443999999999999,4950.200668,7.182,30.660000000000004,7.9079999999999995,1.9759999999999998,0.2700000000000001,22.936,0.132,618.1543079999999,512.0,0.8587,0.258485461824,1.54,0.3409140502241355,7,-0.0999999999999999,-0.9732050807568877,0.04512766061113004,-0.9986850277506718,0.15636629649360598,-0.3246979603717467
2023-07-02,27963.4,8578.03188658,13.744,75.0,51.8,1325.0,38.0,4223.8,3.8,153.1,4.1,87.55999999999999,3.7399999999999998,188.96,9.303999999999998,4984.625288,7.156000000000001,30.639999999999997,7.853999999999999,2.016,0.28200000000000003,23.136000000000003,0.132,642.63122,512.0,0.8587,0.26341216436823006,1.54,0.345113749827314,7,-0.19999999999999987,-0.9464101615137755,0.02794202778678482,-0.9993135311246195,-0.15636629649360595,-0.32469796037174675
2023-07-03,27832.0,8688.00526348,12.0,75.0,45.4,1320.0,37.6,4069.0,3.8,149.1,4.2,80.58,3.7399999999999998,179.74,9.064,4722.200568,7.151999999999999,29.445999999999998,7.289999999999999,2.272,0.278,22.458,0.128,621.726208,512.0,0.8587,0.26833934754152167,1.54,0.3497413892720111,7,-0.2999999999999998,-0.9196152422706632,0.010748126466873488,-0.9996463215472989,-0.35135187892997066,-0.08019377358048389
2023-07-04,27650.6,8777.416195139998,10.26,75.0,38.9,1310.0,37.2,4176.4,3.8,147.9,4.0,76.03999999999999,3.4799999999999995,166.26,9.024,4349.307428,7.140000000000001,28.380000000000003,6.768000000000001,2.2399999999999998,0.2700000000000001,22.544,0.118,620.1451,512.0,0.8587,0.2732676176527137,1.54,0.35419597197486474,7,-0.3999999999999998,-0.8928203230275511,-0.00644895539658012,-0.9996833005406695,-0.2817623302598763,0.22469796037174664
2023-07-05,26365.8,8541.80152664,10.280000000000001,75.0,39.0,1245.0,35.5,4213.2,3.8,148.3,4.0,81.41999999999999,3.46,179.62,8.964,4496.2408080000005,7.112,28.244,6.414,2.2880000000000003,0.2720000000000001,22.44,0.10400000000000001,589.445038,512.0,0.8587,0.2781956596286914,1.54,0.35897750224346264,7,-0.4999999999999997,-0.8660254037844388,-0.023644128910378252,-0.9994244571620523,-4.4408920985006264e-17,0.3603875471609676
2023-07-06,26232.8,8498.71479344,10.592,75.0,40.2,1240.0,35.3,4224.8,3.8,148.9,4.1,86.66,3.4799999999999995,203.94,9.040000000000001,5128.16766,7.132000000000001,29.296,6.498,2.276,0.28200000000000003,22.478,0.10400000000000001,587.6739719999999,512.0,0.8587,0.27819565962869147,1.54,0.3591436873821716,7,-0.4999999999999997,-0.8660254037844388,-0.040832305746034345,-0.9988698680073675,0.2817623302598763,0.22469796037174666
2023-07-07,26061.0,8442.99624112,11.894,75.0,45.2,1230.0,35.0,4150.8,3.8,150.9,4.2,83.7,3.6799999999999997,200.64,9.279999999999998,4996.296400000001,7.17,29.826,6.544,2.272,0.28400000000000003,22.002,0.10800000000000001,570.268718,512.0,0.8587,0.2781937904984613,1.54,0.3593151594840252,7,-0.4999999999999997,-0.8660254037844388,-0.05800839964549156,-0.9980196971884686,0.35135187892997066,-0.08019377358048381
2023-07-08,26103.0,8456.531628159999,11.53,75.0,43.8,1235.0,35.1,4206.0,3.8,155.1,4.3,89.66,3.8200000000000003,209.27999999999997,9.5,5223.950959999999,7.132,30.146000000000004,6.348000000000001,2.132,0.30400000000000005,22.115999999999996,0.12000000000000002,573.8894539999999,512.0,0.8587,0.2781914407391698,1.54,0.35941642239065186,7,-0.4999999999999997,-0.8660254037844388,-0.07516732792622835,-0.9968741962845785,0.15636629649360598,-0.3246979603717467
2023-07-09,26229.0,8497.250935519998,9.856,75.0,37.4,1240.0,35.3,4071.2,3.04,153.4,4.5,88.55999999999999,4.06,213.44,9.580000000000002,5346.142519999999,7.146000000000001,30.160000000000004,6.162000000000001,2.124,0.30000000000000004,22.04,0.132,574.461638,512.0,0.8587,0.2781880040419777,1.54,0.35895949188998616,7,-0.4999999999999997,-0.8660254037844388,-0.09230401298530576,-0.9954337042678443,-0.15636629649360595,-0.32469796037174675
2023-07-10,26320.0,8526.637728,9.898,75.0,37.6,1245.0,35.3,4034.6,3.04,155.6,4.5,88.14,3.9,211.16,9.440000000000001,5311.0700799999995,7.167999999999999,30.088,6.337999999999999,2.038,0.28800000000000003,21.872,0.136,572.048396,512.0,0.8587,0.27818479547999997,1.54,0.3589996736293269,7,-0.4999999999999997,-0.8660254037844388,-0.10941338380191197,-0.9936986474030288,-0.35135187892997066,-0.08019377358048389
2023-07-11,26499.2,8584.69143168,9.636,75.0,36.6,1250.0,35.5,4072.6,3.04,149.6,4.5,83.56,3.84,192.54,9.379999999999999,4841.59808,7.172,30.182,6.384,2.0580000000000003,0.28400000000000003,21.758000000000003,0.13999999999999999,572.5782320000001,512.0,0.8587,0.27818479547999997,1.54,0.35870636744992196,7,-0.4999999999999997,-0.8660254037844388,-0.12649037743795902,-0.9916695391213729,-0.2817623302598763,0.22469796037174664
2023-07-12,26595.0,8615.726837999999,9.290000000000001,75.0,35.3,1255.0,35.6,4106.6,3.04,148.7,4.6,87.34,3.8,204.78,9.18,5209.26244,7.176,29.286,6.298,2.022,0.288,21.614,0.14,570.5836059999999,512.0,0.8587,0.27818479547999997,1.54,0.3586530274297153,7,-0.4999999999999997,-0.8660254037844388,-0.14352994053628773,-0.9893469798686623,-4.4408920985006264e-17,0.3603875471609676
2023-07-13,26611.4,8621.03978856,8.726,75.0,33.1048,1255.0,35.6,4105.4,3.04,147.7,4.7,85.17999999999999,3.5800000000000005,206.9,9.059999999999999,5271.6426,7.214,29.663999999999998,6.476000000000001,1.9140000000000001,0.29000000000000004,21.348,0.136,564.095102,512.0,0.8587,0.27818479547999997,1.54,0.3584733490298312,7,-0.4999999999999997,-0.8660254037844388,-0.16052703081603703,-0.9867316569275462,0.2817623302598763,0.22469796037174666
2023-07-14,26615.4,8622.335630160002,10.622,75.0,40.3096,1255.0,35.7,4100.4,3.8,151.2,4.5,92.62,3.5200000000000005,216.61999999999998,8.82,5526.892519999999,7.232000000000001,30.018,6.63,1.9460000000000002,0.294,21.28,0.12400000000000003,562.75139,512.0,0.8587,0.27818479547999997,1.54,0.35890105286397966,7,-0.4999999999999997,-0.8660254037844388,-0.17747661856473626,-0.9838243442141593,0.35135187892997066,-0.08019377358048381
2023-07-15,26046.2,8437.937370479998,12.486,75.0,47.3096,1230.0,35.1,4116.8,3.8,149.6,4.4,95.12,3.56,222.66,8.959999999999999,5544.64048,7.215999999999999,30.148000000000003,6.622,2.036,0.306,21.154000000000003,0.12000000000000002,548.1304339999999,512.0,0.8587,0.27818479547999997,1.54,0.3595706308716533,7,-0.4999999999999997,-0.8660254037844388,-0.19437368812667796,-0.9806259020491078,0.15636629649360598,-0.3246979603717467
2023-07-16,24835.0,8045.556534,8.946000000000002,75.0,33.9096,1175.0,33.49823968,4075.6,3.04,152.2,4.7,101.11999999999999,3.7,236.38000000000002,8.94,5662.31652,7.215999999999999,29.933999999999997,6.947999999999999,2.088,0.30400000000000005,21.268,0.128,525.525422,512.0,0.8587,0.27818479547999997,1.54,0.3589766203716377,7,-0.4999999999999997,-0.8660254037844388,-0.2112132393871311,-0.9771372769028863,-0.15636629649360595,-0.32469796037174675
2023-07-17,23639.6,7658.294271839999,8.191999999999998,75.0,31.0096,1120.0,31.89823968,4091.8,3.04,150.6,4.6,97.38,3.6799999999999997,225.84,8.959999999999999,5139.33608,7.208,30.535999999999994,7.608,2.084,0.30200000000000005,21.11,0.124,497.230656,512.0,0.8587,0.27818479547999997,1.54,0.35899603523534757,7,-0.4999999999999997,-0.8660254037844388,-0.22799028925195536,-0.9733595011158022,-0.35135187892997066,-0.08019377358048389
2023-07-18,24004.6,7776.539817839999,10.940000000000001,75.0,41.4048,1135.0,32.498239680000005,4011.4,3.04,146.6,4.2,92.94,3.8200000000000003,217.26,9.08,4980.60858,7.209999999999999,29.4,8.222,2.032,0.304,20.413999999999998,0.124,485.7157859999999,512.0,0.8587,0.27818479547999997,1.54,0.3594211896589822,7,-0.4999999999999997,-0.8660254037844388,-0.244699873122179,-0.9692936925924892,-0.2817623302598763,0.22469796037174664
2023-07-19,24581.8,7963.529760719999,10.616,75.0,40.2,1165.0,33.19823968000001,4021.2,3.04,144.7,4.4,85.14,3.9199999999999995,204.62,9.32,4737.08422,7.186,28.824,8.364,1.996,0.318,20.014,0.12400000000000003,486.83873800000003,512.0,0.8587,0.27818479547999997,1.54,0.3594731123804994,7,-0.4999999999999997,-0.8660254037844388,-0.2613370463631034,-0.9649410544711022,-4.4408920985006264e-17,0.3603875471609676
2023-07-20,26099.8,8455.301647919998,10.360000000000001,75.0,39.2,1235.0,35.19823968000001,4029.8,3.04,147.1,4.5,81.0,3.8599999999999994,193.68,9.22,4763.1718200000005,7.206,28.954,8.22,1.9760000000000002,0.32599999999999996,20.107999999999997,0.12399999999999997,520.3761979999999,512.0,0.8587,0.27818479547999997,1.54,0.3590649628177938,7,-0.4999999999999997,-0.8660254037844388,-0.2778968857675001,-0.9603028747672884,0.2817623302598763,0.22469796037174666
2023-07-21,27000.4,8747.060384159999,15.216,75.0,57.6,1275.0,36.4,4025.0,3.8,151.7,4.2,77.86,3.7399999999999998,188.04000000000002,9.260000000000002,4809.764999999999,7.231999999999999,28.471999999999998,7.669999999999999,1.9280000000000002,0.31800000000000006,20.07,0.11200000000000002,538.68326,512.0,0.8587,0.27818479547999997,1.54,0.35997641832409016,7,-0.4999999999999997,-0.8660254037844388,-0.2943744910124672,-0.9553805259930435,0.35135187892997066,-0.08019377358048381
2023-07-22,28120.4,9109.896032159999,17.220000000000002,75.0,65.2,1325.0,38.0,4033.8,3.8,152.9,4.1,77.38000000000001,3.6,190.1,9.22,5079.3728,7.215999999999999,28.324,7.478,1.94,0.318,20.372,0.11600000000000002,569.4118639999999,512.0,0.8587,0.27818479547999997,1.54,0.36014472382327467,7,-0.4999999999999997,-0.8660254037844388,-0.3107649861095136,-0.9501754647505625,0.15636629649360598,-0.3246979603717467
2023-07-23,27830.0,9015.817932,13.576000000000002,75.0,51.4,1310.0,37.6,4135.8,3.04,156.5,4.4,82.94,3.7,196.64000000000001,9.48,5191.171799999999,7.214,29.432,7.136,2.0,0.314,20.83,0.12200000000000003,576.07402,512.0,0.8587,0.27818479547999997,1.54,0.359308604269429,7,-0.4999999999999997,-0.8660254037844388,-0.3270635208474422,-0.9446892313012085,-0.15636629649360595,-0.32469796037174675
2023-07-24,26811.0,8685.702284399998,16.740000000000002,75.0,63.4,1260.0,36.2,4148.0,3.04,156.8,4.2,91.14000000000001,3.66,214.16,9.36,5451.79722,7.231999999999999,30.394,6.514,2.056,0.29600000000000004,21.106,0.12599999999999997,562.3924959999999,512.0,0.8587,0.27818479547999997,1.54,0.36005430595592813,7,-0.4999999999999997,-0.8660254037844388,-0.343265272227606,-0.9389234491097243,-0.35135187892997066,-0.08019377358048389
2023-07-25,27565.4,8930.098010159998,18.616,75.0,70.6,1295.0,37.2,4118.8,3.04,157.6,4.2,86.06,3.5800000000000005,207.45999999999998,9.280000000000001,5361.60918,7.228,29.314,6.640000000000001,1.9940000000000002,0.268,20.372,0.13000000000000003,552.8927959999999,512.0,0.8587,0.27818479547999997,1.54,0.3602779774723169,7,-0.4999999999999997,-0.8660254037844388,-0.35936544589111047,-0.9328798243638229,-0.2817623302598763,0.22469796037174664
2023-07-26,29048.2,9410.46649128,17.752000000000002,75.0,67.4,1365.0,39.2,4134.6,3.04,154.4,4.4,88.56,3.5799999999999996,211.34,9.379999999999999,5766.46624,7.184,28.57,6.730000000000001,1.9900000000000002,0.28400000000000003,18.972,0.13,537.0924560000001,512.0,0.8587,0.27818479547999997,1.54,0.3599048941321131,7,-0.4999999999999997,-0.8660254037844388,-0.3753592775375418,-0.9265601454692988,-4.4408920985006264e-17,0.3603875471609676
2023-07-27,29740.2,9634.64708808,19.834,75.0,75.4,1400.0,40.0,4119.4,3.04,154.9,4.4,92.96,3.5200000000000005,216.95999999999998,9.28,6083.039200000001,7.1659999999999995,27.806,6.258000000000001,1.954,0.276,18.572000000000003,0.118,539.863112,512.0,0.8587,0.27818479547999997,1.54,0.36034534638964544,7,-0.4999999999999997,-0.8660254037844388,-0.39124203433479965,-0.9199662825208111,0.2817623302598763,0.22469796037174666
2023-07-28,30376.0,9840.6211104,25.428,75.0,99.0,1430.0,38.4,4146.0,3.8,156.9,4.1,90.82000000000001,3.34,209.11999999999998,8.9,6001.76978,7.15,25.476,6.066,1.8439999999999999,0.272,17.002000000000002,0.11200000000000002,506.467122,512.0,0.8587,0.27818479547999997,1.54,0.36144833342559257,7,-0.4999999999999997,-0.8660254037844388,-0.40700901631961883,-0.9131001867484911,0.35135187892997066,-0.08019377358048381
2023-07-29,31654.4,10254.772085759998,24.398,75.0,95.0,1495.0,40.2,4139.8,3.8,157.4,4.5,84.17999999999999,3.4799999999999995,192.48,8.9,5809.41026,7.136,24.65,6.676,1.796,0.292,16.678000000000004,0.10800000000000001,523.82069,512.0,0.8587,0.27818479547999997,1.54,0.36125186891840977,7,-0.4999999999999997,-0.8660254037844388,-0.4226555577883636,-0.9059638899405431,0.15636629649360598,-0.3246979603717467
2023-07-30,32199.6,10431.39529584,22.494,75.0,87.8,1525.0,40.8,4138.4,3.8,153.4,4.5,81.86,3.78,183.68,9.14,5556.75302,7.098000000000001,23.02,6.2,1.7240000000000002,0.318,15.326000000000002,0.10800000000000001,483.40579400000007,512.0,0.8587,0.27818479547999997,1.54,0.36106758136084893,7,-0.4999999999999997,-0.8660254037844388,-0.4381770286776848,-0.8985595038420042,-0.15636629649360595,-0.32469796037174675
2023-07-31,32132.4,10409.625156959999,22.192,75.0,86.6,1524.0,40.8,4203.6,3.8,151.4,4.5,78.12,3.7199999999999998,173.23999999999998,8.919999999999998,5204.188919999999,7.096000000000001,23.472,5.708,1.7060000000000002,0.298,15.866000000000003,0.10400000000000001,500.49596999999994,512.0,0.8587,0.27818479547999997,1.54,0.361128672928422,7,-0.4999999999999997,-0.8660254037844388,-0.4535688359346297,-0.8908892195298461,-0.35135187892997066,-0.08019377358048389
2023-08-01,32553.2,10476.26782008,22.434,75.0,87.49600000000001,1544.0,41.3,4218.4,3.8,153.6,4.4,69.11999999999999,3.8600000000000003,152.54000000000002,9.059999999999999,4604.741,7.112,23.632,5.226000000000001,1.7259999999999998,0.29,15.542000000000002,0.10400000000000001,497.930154,512.0,0.8587,0.27639131466,1.54,0.3593134572806861,8,-0.5732050807568875,-0.7928203230275511,-0.4688264248758006,-0.8829553067646,-0.2817623302598763,0.22469796037174664
2023-08-02,33258.2,10635.078014319999,24.156,75.0,91.6968,1579.0,44.6,4183.4,3.8,151.2,4.3,66.54,3.9200000000000004,146.73999999999998,9.139999999999999,4538.81564,7.116,25.378000000000004,5.145999999999999,1.85,0.28400000000000003,16.844,0.09200000000000001,550.7698619999999,512.0,0.8587,0.2745968596935011,1.54,0.3577927621948272,8,-0.6464101615137754,-0.7196152422706634,-0.48394528053515884,-0.8747601133186972,-4.4408920985006264e-17,0.3603875471609676
2023-08-03,34179.8,10861.83759472,25.868000000000002,75.0,98.29679999999999,1619.0,45.8,4183.6,3.8,147.0,4.1,67.9,3.56,148.32,8.739999999999998,4748.30018,7.112,25.951999999999998,5.17,1.8980000000000001,0.26,17.312,0.082,585.088068,512.0,0.8587,0.27280206285407266,1.54,0.35599912709464826,8,-0.719615242270663,-0.6464101615137758,-0.49892092900007584,-0.8663060642817264,0.2817623302598763,0.22469796037174666
2023-08-04,33561.8,10591.258238879998,27.845999999999997,75.0,105.80439999999999,1589.0,45.1,4153.6,3.8,146.3,4.1,78.38,3.5,174.89999999999998,8.7,5582.04354,7.154000000000001,28.346000000000004,5.32,2.056,0.25400000000000006,19.132,0.082,640.0173080000001,512.0,0.8587,0.2710067010009272,1.54,0.35457692629229776,8,-0.7928203230275508,-0.5732050807568881,-0.5137489387352359,-0.8575956613428104,0.35135187892997066,-0.08019377358048381
2023-08-05,32276.2,10118.98615404,27.724,75.0,105.40439999999998,1530.0,43.3,4085.2,3.8,143.1,3.8,78.11999999999999,3.6,174.35999999999999,8.66,5368.777239999999,7.186,29.369999999999997,5.604,2.072,0.28200000000000003,19.944,0.09,640.0620000000001,512.0,0.8587,0.26921322018092725,1.54,0.3530295504481263,8,-0.8660254037844385,-0.5000000000000004,-0.5284249218939985,-0.8486314820503156,0.15636629649360598,-0.3246979603717467
2023-08-06,31862.8,9989.378060879999,25.212,75.0,95.9084,1510.0,42.8,4060.2,3.8,137.9,4.0,87.02000000000001,3.5199999999999996,196.76,8.559999999999999,6021.85984,7.204000000000001,30.226,6.514,2.056,0.306,20.333999999999996,0.094,644.7130719999999,512.0,0.8587,0.26921322018092725,1.54,0.35260827591776445,8,-0.8660254037844385,-0.5000000000000004,-0.5429445356168331,-0.8394161790491144,-0.15636629649360595,-0.32469796037174675
2023-08-07,31248.6,9796.853447360001,21.428,75.0,81.5076,1485.0,42.1,4064.8,3.8,133.9,4.2,94.24,3.44,224.23999999999995,8.42,6761.623799999999,7.234,30.726,7.196000000000001,2.1100000000000003,0.328,20.234,0.10600000000000001,629.375428,512.0,0.8587,0.2692141943274261,1.54,0.35222937753192135,8,-0.8660254037844385,-0.5000000000000004,-0.5573034833164412,-0.8299524792956248,-0.35135187892997066,-0.08019377358048389
2023-08-08,30326.2,9507.71764604,21.348,75.0,81.1076,1440.0,40.9,4045.0,3.8,132.0,3.9,96.7,3.5,230.0,8.680000000000001,6774.47914,7.272,30.6,7.5200000000000005,2.216,0.35,19.72,0.11600000000000002,593.6736,512.0,0.8587,0.2692155103468546,1.54,0.35228045816875403,8,-0.8660254037844385,-0.5000000000000004,-0.5714975159491852,-0.8202431832508601,-0.2817623302598763,0.22469796037174664
2023-08-09,29835.8,9354.04244292,21.148,75.0,80.4,1415.0,40.2,4066.8,3.8,127.5,3.7,88.72,3.34,209.06,8.459999999999999,6013.2353,7.314,31.062,7.984,2.13,0.342,19.639999999999997,0.118,581.6303719999999,512.0,0.8587,0.26921739138,1.54,0.3522331815934069,8,-0.8660254037844385,-0.5000000000000004,-0.5855224332724489,-0.8102911640517277,-4.4408920985006264e-17,0.3603875471609676
2023-08-10,30850.8,9672.26260392,22.732000000000003,75.0,86.4,1460.0,41.5,4062.4,3.8,129.1,4.0,88.72,3.3,209.21999999999997,8.440000000000001,6174.2517800000005,7.33,31.18,8.478,2.174,0.354,19.211999999999996,0.126,588.772026,512.0,0.8587,0.26921739138,1.54,0.3522196894539949,8,-0.8660254037844385,-0.5000000000000004,-0.599374085087557,-0.8000993666608214,0.2817623302598763,0.22469796037174666
2023-08-11,30968.2,9709.069546679999,24.838,75.0,94.4,1470.0,41.6,4059.8,3.8,132.4,4.0,88.91999999999999,3.5,206.42,8.52,6110.13802,7.382,31.676,8.604,2.2600000000000002,0.35200000000000004,19.678,0.134,605.7102419999999,512.0,0.8587,0.26921739138,1.54,0.3528185910755569,8,-0.8660254037844385,-0.5000000000000004,-0.6130483724678861,-0.7896708069949587,0.35135187892997066,-0.08019377358048381
2023-08-12,30863.6,9676.27562664,24.806,75.0,94.3,1460.0,41.3,4168.2,3.8,136.8,4.3,84.05999999999999,3.5800000000000005,185.22,8.652,5445.876284000001,7.4079999999999995,31.503999999999998,8.190000000000001,2.2199999999999998,0.332,19.845999999999997,0.136,608.664,512.0,0.8587,0.26921739138,1.54,0.35254571739470425,8,-0.8660254037844385,-0.5000000000000004,-0.626541248971802,-0.7790085710327249,0.15636629649360598,-0.3246979603717467
2023-08-13,30506.0,9564.1618044,21.310000000000002,75.0,81.0996,1444.99444,40.9,4170.0,3.8,139.6,4.6,85.47999999999999,3.8,190.82,8.912,5526.879464,7.4159999999999995,31.842000000000002,7.618,2.074,0.32,19.846,0.14600000000000002,601.5221260000001,512.0,0.8587,0.26921739138,1.54,0.35199565045246617,8,-0.8660254037844385,-0.5000000000000004,-0.6398487218400676,-0.7681158139012797,-0.15636629649360595,-0.32469796037174675
2023-08-14,29652.4,9296.54335176,17.572,75.0,66.89959999999999,1404.99444,39.7,4254.0,3.8,143.8,4.7,88.72,4.0200000000000005,195.28000000000003,9.112,5530.496624,7.412000000000001,31.815999999999995,7.596000000000001,2.14,0.31400000000000006,20.04,0.136,590.85883,512.0,0.8587,0.26921739138,1.54,0.35135980444820136,8,-0.8660254037844385,-0.5000000000000004,-0.6529668531773646,-0.756995758942706,-0.35135187892997066,-0.08019377358048389
2023-08-15,28678.4,8991.17740416,16.240000000000002,75.0,61.7996,1359.99444,38.5,4166.0,3.8,143.0,4.7,84.79999999999998,4.0,185.52,9.191999999999998,5115.744584,7.426,31.32,7.830000000000001,2.094,0.29400000000000004,19.886000000000003,0.144,568.469698,512.0,0.8587,0.26921739138,1.54,0.35130352164440826,8,-0.8660254037844385,-0.5000000000000004,-0.66589176111758,-0.7456516967601704,-0.2817623302598763,0.22469796037174664
2023-08-16,27321.2,8565.67158888,14.662,75.0,55.7996,1294.99444,36.7,4206.2,3.8,143.2,4.4,80.52000000000001,3.6799999999999997,177.48000000000002,8.672,4626.2671439999995,7.414,30.744,8.034,2.008,0.28200000000000003,19.134,0.126,519.9329660000001,512.0,0.8587,0.26921739138,1.54,0.3512049073617082,8,-0.8660254037844385,-0.5000000000000004,-0.6786196209725125,-0.7340869842441813,-4.4408920985006264e-17,0.3603875471609676
2023-08-17,26541.4,8321.19072036,13.908000000000001,75.0,52.8996,1259.99444,35.8,4104.2,3.8,142.6,4.4,85.76,3.5,196.04000000000002,8.78,4957.1726,7.4079999999999995,31.096000000000004,8.706,2.0439999999999996,0.29200000000000004,18.637999999999998,0.12,491.90355199999993,512.0,0.8587,0.26921739138,1.54,0.3512541419029764,8,-0.8660254037844385,-0.5000000000000004,-0.6911466663636593,-0.7223050435792304,0.2817623302598763,0.22469796037174666
2023-08-18,26306.2,8247.45142788,12.065999999999999,75.0,45.9,1250.0,35.40194192,4147.2,3.04,143.1,4.5,85.74,3.2,194.12000000000003,8.6,4859.4011,7.409999999999999,30.506,9.556000000000001,2.044,0.29600000000000004,18.57,0.11800000000000002,485.63454199999995,512.0,0.8587,0.26921739138000006,1.54,0.3509339482324262,8,-0.8660254037844385,-0.5000000000000004,-0.7034691903367486,-0.7103093612311137,0.35135187892997066,-0.08019377358048381
2023-08-19,26238.0,8226.0695412,12.418000000000001,75.0,47.1,1245.0,35.40194192,4104.8,3.04,142.2,4.6,91.11999999999999,2.9799999999999995,208.32,8.559999999999999,5227.81008,7.422,30.6,9.494,2.1100000000000003,0.316,18.131999999999998,0.12200000000000003,472.51807799999995,512.0,0.8587,0.26921739138000006,1.54,0.3509050347588617,8,-0.8660254037844385,-0.5000000000000004,-0.7155835464586864,-0.6981034869152298,0.15636629649360598,-0.3246979603717467
2023-08-20,26225.0,8221.993815,8.597999999999999,75.0,32.6,1245.0,35.301941920000004,4290.0,2.28,143.4,4.4,103.7,2.92,239.14000000000001,8.5,6055.60786,7.425999999999999,30.994,9.336,2.2700000000000005,0.31,18.534,0.10600000000000001,483.5116959999999,512.0,0.8587,0.26921739138000006,1.54,0.35010796843767583,8,-0.8660254037844385,-0.5000000000000004,-0.7274861498965948,-0.6856910325461627,-0.15636629649360595,-0.32469796037174675
2023-08-21,26817.4,8407.721522759999,6.57,75.0,24.8,1270.0,36.20194192,4404.2,2.28,145.0,4.8,96.97999999999999,2.96,224.2,9.02,5730.83278,7.428,31.246000000000002,8.908,2.29,0.32,19.116,0.12400000000000003,510.30765599999995,512.0,0.8587,0.26921739138000006,1.54,0.3493964637463484,8,-0.8660254037844385,-0.5000000000000004,-0.7391734784786219,-0.6730756711688572,-0.35135187892997066,-0.08019377358048389
2023-08-22,27886.8,8742.997030319999,7.2379999999999995,75.0,27.4,1320.0,37.60194192,4291.4,2.28,144.0,4.3,98.34,2.88,214.88000000000002,8.4,5757.6469799999995,7.406000000000001,30.945999999999998,8.418000000000001,2.174,0.318,19.602,0.12400000000000003,543.926274,512.0,0.8587,0.26921739138000006,1.54,0.3493760938528765,8,-0.8660254037844385,-0.5000000000000004,-0.7506420737362096,-0.6602611358717068,-0.2817623302598763,0.22469796037174664
2023-08-23,26423.2,8284.132963680002,8.602,75.0,32.6,1250.0,35.6,4170.4,3.04,144.8,4.0,97.3,3.04,211.38000000000002,8.26,5386.5187,7.402000000000001,31.014,7.866,2.214,0.31000000000000005,19.316,0.10600000000000001,511.18094599999995,512.0,0.8587,0.26921739138,1.54,0.34975922318504793,8,-0.8660254037844385,-0.5000000000000004,-0.7618885419275089,-0.6472512186818717,-4.4408920985006264e-17,0.3603875471609676
2023-08-24,25359.6,7950.67585704,8.52,75.0,32.4,1200.0,34.1,4099.0,3.04,147.1,4.0,96.6,3.06,209.3,8.239999999999998,5105.82024,7.4,31.042,7.766,2.154,0.29600000000000004,19.478,0.10200000000000001,495.8449959999999,512.0,0.8587,0.26921739138,1.54,0.34984367873635575,8,-0.8660254037844385,-0.5000000000000004,-0.7729095550416438,-0.6340497694431577,0.2817623302598763,0.22469796037174666
2023-08-25,24316.6,7623.67720884,9.48,75.0,36.0,1150.0,30.7,3968.8,3.8,150.5,4.2,90.4,3.1399999999999997,194.52,8.180000000000001,4517.09702,7.403999999999999,31.75,7.758,2.022,0.30600000000000005,20.220000000000002,0.10800000000000001,491.12812199999996,512.0,0.8587,0.26921739138,1.54,0.3499256642576957,8,-0.8660254037844385,-0.5000000000000004,-0.7837018517835231,-0.6206606946767856,0.35135187892997066,-0.08019377358048381
2023-08-26,23892.4,7490.6831277599995,9.190000000000001,75.0,35.0,1130.0,30.1,3881.8,3.8,151.0,4.3,97.17999999999999,3.4200000000000004,207.92000000000002,8.2,4818.87194,7.38,31.77,7.986,2.088,0.2960000000000001,20.19,0.1,481.5050799999999,512.0,0.8587,0.26921739138,1.54,0.3498991460467623,8,-0.8660254037844385,-0.5000000000000004,-0.7942622385389093,-0.6070879564253884,0.15636629649360598,-0.3246979603717467
2023-08-27,24026.0,7532.5690524,5.776000000000001,75.0,22.0,1135.0,30.3,3982.0,3.8,155.3,4.6,87.82000000000001,3.7,193.48000000000002,8.64,4376.80122,7.388,31.397999999999996,8.282,2.068,0.29000000000000004,20.056,0.10800000000000001,479.620038,512.0,0.8587,0.26921739138,1.54,0.34918989819542234,8,-0.8660254037844385,-0.5000000000000004,-0.8045875903194609,-0.5933355710805789,-0.15636629649360595,-0.32469796037174675
2023-08-28,26116.0,8187.820418400001,6.260000000000001,75.0,23.8,1235.0,33.1,4022.8,3.8,155.1,4.8,85.32000000000001,3.8400000000000007,188.74,8.819999999999999,4631.1379400000005,7.359999999999999,31.096000000000004,8.376,2.06,0.29000000000000004,20.238,0.13,520.917778,512.0,0.8587,0.26921739138,1.54,0.3491743784979402,8,-0.8660254037844385,-0.5000000000000004,-0.8146748516874677,-0.579407608194435,-0.35135187892997066,-0.08019377358048389
2023-08-29,27827.8,8724.49950372,7.822,75.0,29.7048,1320.0,35.5,4110.2,3.8,153.1,5.0,79.99999999999999,4.1,179.06,9.08,4698.13454,7.340000000000001,31.006,8.288,2.006,0.29800000000000004,20.552,0.126,562.194388,512.0,0.8587,0.26921739138,1.54,0.3495864908327685,8,-0.8660254037844385,-0.5000000000000004,-0.8245210376600021,-0.5653081892752544,-0.2817623302598763,0.22469796037174664
2023-08-30,28572.8,8958.06996672,8.616,75.0,32.7048,1355.0,38.5,4167.4,3.8,150.2,4.9,80.98,4.14,180.45999999999998,9.22,4868.2869,7.234,29.406,8.324000000000002,2.0300000000000002,0.28200000000000003,19.038,0.12,541.4351499999999,512.0,0.8587,0.26921739138,1.54,0.34985097473568194,8,-0.8660254037844385,-0.5000000000000004,-0.834123234592225,-0.551041486567933,-4.4408920985006264e-17,0.3603875471609676
2023-08-31,28829.0,9038.3931246,8.458,75.0,32.1048,1370.0,38.7,4102.4,3.8,145.3,4.8,80.17999999999999,4.24,178.42000000000002,9.4,4852.33926,7.18,27.72,8.187999999999999,1.9439999999999997,0.276,17.968,0.12000000000000002,517.7510159999999,512.0,0.8587,0.26921739138,1.54,0.3499642598890365,8,-0.8660254037844385,-0.5000000000000004,-0.8434786010395795,-0.536611721819331,0.2817623302598763,0.22469796037174666
2023-09-01,27825.6,8774.43109448,10.326000000000002,75.0,39.203199999999995,1325.0,37.3,4123.0,3.8,141.2,4.7,82.82000000000001,4.04,188.3,9.239999999999998,4960.2853,7.232000000000001,27.546,7.888,2.024,0.27,18.578,0.11200000000000002,515.250052,512.0,0.8587,0.2708392306176184,1.54,0.3521306346018397,9,-0.8928203230275509,-0.40000000000000036,-0.8525843685986209,-0.5220231650289905,0.35135187892997066,-0.08019377358048381
2023-09-02,26297.0,8337.232711159999,10.352,75.0,39.3032,1250.0,35.3,4162.2,3.8,139.2,4.7,86.3,3.88,199.16,9.059999999999999,4950.0614399999995,7.242,26.651999999999997,8.294,2.008,0.272,18.206,0.096,479.39583400000004,512.0,0.8587,0.2724606917110606,1.54,0.35372779389815145,9,-0.9196152422706632,-0.3000000000000004,-0.86143784272623,-0.5072801331855727,0.15636629649360598,-0.3246979603717467
2023-09-03,24707.4,7880.22354252,8.792,75.0,33.398399999999995,1175.0,33.0,4183.2,3.8,136.4,4.4,85.1,3.7,198.24,8.639999999999999,4680.48852,7.252,25.196,9.098,2.016,0.27,17.234,0.1,425.984858,512.0,0.8587,0.27408308514306057,1.54,0.35523463535974426,9,-0.9464101615137753,-0.20000000000000026,-0.8700364035369745,-0.4923869889893928,-0.15636629649360595,-0.32469796037174675
2023-09-04,23859.8,7654.395145559999,10.424,75.0,39.5984,1135.0,32.0,4139.0,3.8,132.7,4.5,81.7,3.5,188.68,8.2,4325.27708,7.367999999999999,24.746000000000002,9.726,1.966,0.28200000000000003,17.062,0.1,408.84943400000003,512.0,0.8587,0.27570547857506056,1.54,0.357407242228862,9,-0.9732050807568878,-0.10000000000000024,-0.8783775065783725,-0.4773481395614261,-0.35135187892997066,-0.08019377358048389
2023-09-05,22831.6,7373.747955600001,10.512,75.0,39.7984,1085.0,30.8,4178.2,3.8,134.9,4.2,84.16,3.2,195.44,7.8,4316.2659,7.462000000000001,24.808,10.388,2.138,0.304,17.418,0.09,400.6018,512.0,0.8587,0.27732787200706055,1.54,0.35906288745172604,9,-1.0,-1.8369701987210297e-16,-0.8864586835838388,-0.46216803513916993,-0.2817623302598763,0.22469796037174664
2023-09-06,22011.4,7108.87001644,11.972,75.0,45.3,1045.0,29.8,4170.2,3.8,134.9,4.3,79.66,3.2,187.68,7.659999999999999,3970.38612,7.432,24.932,10.968,2.086,0.32600000000000007,16.990000000000002,0.09,372.767554,512.0,0.8587,0.2773284262014422,1.54,0.35944696919198205,9,-1.0,-1.8369701987210297e-16,-0.8942775432030838,-0.44685116775974754,-4.4408920985006264e-17,0.3603875471609676
2023-09-07,21557.0,6962.139259400001,11.746,75.0,44.4,1025.0,29.2,4200.8,3.8,134.5,4.1,75.16,3.04,180.04000000000002,7.4399999999999995,3720.8357600000004,7.456,25.084,11.204,2.0940000000000003,0.32599999999999996,16.704,0.09,359.556214,512.0,0.8587,0.27732935854,1.54,0.359551017824271,9,-1.0,-1.8369701987210297e-16,-0.9018317717097529,-0.43140206993064084,0.2817623302598763,0.22469796037174666
2023-09-08,23261.2,7512.534849040001,11.858,75.0,44.8024,1105.0,31.6,4139.6,3.8,139.7,3.9,86.16,2.9,211.48000000000002,7.459999999999999,4949.362220000001,7.465999999999999,26.468,11.126,2.306,0.328,17.894,0.094,421.663836,512.0,0.8587,0.27732935853999996,1.54,0.35934744145647757,9,-1.0,-1.8369701987210297e-16,-0.9091191336860952,-0.41582531328844974,0.35135187892997066,-0.08019377358048381
2023-09-09,24023.8,7758.82734796,9.786000000000001,75.0,36.9956,1140.0,32.5,4214.2,3.8,143.3,3.7,91.72,2.8400000000000003,231.82,7.419999999999999,5569.050020000001,7.442,27.701999999999998,10.644,2.4560000000000004,0.342,19.142,0.09,464.37609000000003,512.0,0.8587,0.27732935854,1.54,0.3586421231169039,9,-1.0,-1.8369701987210297e-16,-0.9161374726844592,-0.4001255072460708,0.15636629649360598,-0.3246979603717467
2023-09-10,24735.2,7988.5840798399995,8.238,75.0,31.195600000000002,1175.0,33.39452064,4195.6,3.04,142.2,3.9,89.4,2.88,233.92,7.42,5763.952040000001,7.422,27.486,10.156,2.3120000000000003,0.32800000000000007,18.836,0.09,469.13098,512.0,0.8587,0.27732935854,1.54,0.3583069551065656,9,-1.0,-1.8369701987210297e-16,-0.9228847118654212,-0.38430729762869714,-0.15636629649360595,-0.32469796037174675
2023-09-11,25417.0,8208.781071399999,6.837999999999999,75.0,25.995600000000003,1210.0,34.19452064,4095.4,3.04,143.9,3.8,99.7,2.96,260.78000000000003,7.44,6582.4913,7.4079999999999995,28.168,9.988,2.4720000000000004,0.31400000000000006,18.798,0.09,481.7407099999999,512.0,0.8587,0.27732935853999996,1.54,0.3580494852333224,9,-1.0,-1.8369701987210297e-16,-0.929358854612355,-0.3683753652990453,-0.35135187892997066,-0.08019377358048389
2023-09-12,26473.6,8550.025045119999,7.12,75.0,27.195600000000002,1260.0,35.59452064,4033.8,3.04,146.1,4.2,103.51999999999998,3.02,269.08000000000004,7.4,6989.406440000001,7.388,28.584000000000003,10.084,2.624,0.326,19.31,0.10200000000000001,510.29160599999994,512.0,0.8587,0.27732935853999996,1.54,0.3580081477697738,9,-1.0,-1.8369701987210297e-16,-0.9355579851222627,-0.3523344247722119,-0.2817623302598763,0.22469796037174664
2023-09-13,25954.4,8382.342032479999,7.0680000000000005,75.0,26.998,1235.0,34.79452064,4062.8,3.04,147.1,4.3,105.94000000000001,2.92,270.71999999999997,7.1,6878.6253799999995,7.362,29.15,10.23,2.59,0.318,19.1,0.10200000000000001,493.438224,512.0,0.8587,0.27732935853999996,1.54,0.3580125601133707,9,-1.0,-1.8369701987210297e-16,-0.9414802689726922,-0.33618922282057256,-4.4408920985006264e-17,0.3603875471609676
2023-09-14,25798.4,8331.95961728,7.215999999999999,75.0,27.6048,1230.0,34.494520640000005,3991.2,3.04,147.9,4.4,109.4,3.02,276.32000000000005,7.3,6970.36418,7.367999999999999,28.786,10.73,2.634,0.30400000000000005,18.934,0.10600000000000001,486.00422399999997,512.0,0.8587,0.27732935853999996,1.54,0.35821324280564315,9,-1.0,-1.8369701987210297e-16,-0.9471239536645717,-0.31994453706913595,0.2817623302598763,0.22469796037174666
2023-09-15,25529.0,8244.953061799999,10.962,75.0,41.8048,1215.0,34.2,3984.6,3.8,146.8,4.6,113.85999999999999,3.0,282.6,7.239999999999999,7068.09304,7.390000000000001,30.086000000000002,10.878,2.6879999999999997,0.31600000000000006,19.734,0.12400000000000003,500.637766,512.0,0.8587,0.27732935853999996,1.54,0.35897602598104805,9,-1.0,-1.8369701987210297e-16,-0.9524873691408026,-0.30360517458176817,0.35135187892997066,-0.08019377358048381
2023-09-16,25026.8,8082.76044056,10.768,75.0,41.0048,1190.0,33.6,4051.4,3.8,145.2,4.7,115.38,3.18,282.38,7.6,6900.2804399999995,7.37,29.332,11.16,2.5279999999999996,0.316,20.068,0.12400000000000003,498.59636,512.0,0.8587,0.27732935853999996,1.54,0.35890918457144916,9,-1.0,-1.8369701987210297e-16,-0.9575689282804565,-0.287175970438704,0.15636629649360598,-0.3246979603717467
2023-09-17,24724.0,7984.966880799999,8.838000000000001,75.0,33.6048,1175.0,33.19129648,4097.6,3.04,146.3,4.3,119.66,3.1399999999999997,293.70000000000005,7.459999999999999,7103.777980000001,7.382,29.476,10.911999999999999,2.492,0.308,20.368000000000002,0.10600000000000001,500.835826,512.0,0.8587,0.27732935853999996,1.54,0.3584156512020181,9,-1.0,-1.8369701987210297e-16,-0.9623671273684294,-0.27066178630577,-0.15636629649360595,-0.32469796037174675
2023-09-18,24072.4,7774.52340808,8.842,75.0,33.6,1140.0,32.39129648000001,4073.6,3.04,146.5,4.2,118.44000000000001,3.06,288.74,7.26,6773.81346,7.384,29.224,10.956,2.492,0.316,20.386000000000003,0.10600000000000001,488.14159600000005,512.0,0.8587,0.27732935853999996,1.54,0.35821109587388256,9,-1.0,-1.8369701987210297e-16,-0.9668805465404162,-0.25406750899573866,-0.35135187892997066,-0.08019377358048389
2023-09-19,24299.0,7847.7070957999995,11.250000000000002,75.0,42.706,1150.0,32.79129648000001,4082.6,3.04,149.1,4.0,121.24000000000001,3.0200000000000005,297.64,7.1,7065.26946,7.382,29.718,10.572,2.516,0.30800000000000005,20.414,0.092,493.8445019999999,512.0,0.8587,0.27732935853999996,1.54,0.35870507514635247,9,-1.0,-1.8369701987210297e-16,-0.9711078502030691,-0.23739804902224235,-0.2817623302598763,0.22469796037174664
2023-09-20,24079.4,7776.7841574799995,10.844,75.0,41.198,1140.0,32.39129648000001,4107.2,3.04,154.4,3.7,111.88,2.98,275.34000000000003,6.9,6499.97876,7.372,28.304000000000002,10.38,2.5900000000000003,0.28400000000000003,19.578,0.088,470.1394899999999,512.0,0.8587,0.27732935853999996,1.54,0.35866880376945537,9,-1.0,-1.8369701987210297e-16,-0.975047787429224,-0.22065833914667285,-4.4408920985006264e-17,0.3603875471609676
2023-09-21,26414.8,8531.034750159999,11.01,75.0,41.798,1250.0,35.49129648,4147.0,3.04,159.5,4.0,99.18,2.8,243.37999999999997,6.659999999999999,6090.985640000001,7.378,26.880000000000003,9.911999999999999,2.5700000000000003,0.296,18.247999999999998,0.086,473.3405839999999,512.0,0.8587,0.27732935853999996,1.54,0.35848841696817696,9,-1.0,-1.8369701987210297e-16,-0.9786991923280685,-0.20385333291849853,0.2817623302598763,0.22469796037174666
2023-09-22,28219.8,9113.98513116,12.974,75.0,49.198,1255.0,37.9,4153.4,3.8,160.6,3.9,95.38,2.8400000000000003,229.2,6.7,6138.4432799999995,7.348000000000001,27.351999999999997,9.756,2.444,0.284,18.008,0.086,500.03721399999995,512.0,0.8587,0.27732935853999996,1.54,0.3548600707379531,9,-1.0,-1.8369701987210297e-16,-0.9820609843901467,-0.18698800320942882,0.35135187892997066,-0.08019377358048381
2023-09-23,29135.4,9409.69115268,13.02,75.0,49.3928,1290.0,39.1,4159.2,3.8,158.5,4.2,93.5,3.0799999999999996,221.3,7.0,6177.1462,7.3340000000000005,26.052,8.494,2.31,0.26000000000000006,17.55,0.08199999999999999,505.35082399999993,512.0,0.8587,0.27732935853999996,1.54,0.35435984660086756,9,-1.0,-1.8369701987210297e-16,-0.9851321688071023,-0.17006734074186178,0.15636629649360598,-0.3246979603717467
2023-09-24,30532.8,9861.00132576,11.07,75.0,41.9828,1355.0,41.0,4152.0,3.8,158.6,4.4,80.64000000000001,3.14,191.14000000000001,7.220000000000001,5644.32828,7.308,24.548,7.772,2.0580000000000003,0.252,16.695999999999998,0.082,506.6993259999999,512.0,0.8587,0.27732935853999996,1.54,0.3537477296985565,9,-1.0,-1.8369701987210297e-16,-0.9879118367660551,-0.15309635261204882,-0.15636629649360595,-0.32469796037174675
2023-09-25,31083.2,10038.760821439999,9.706,75.0,36.799600000000005,1380.0,41.7,4131.4,3.8,155.0,4.9,89.4,3.2399999999999998,206.28000000000003,7.5,6101.36354,7.287999999999999,25.956,7.696000000000001,2.03,0.264,17.336000000000002,0.11000000000000001,531.34309,512.0,0.8587,0.27732935854,1.54,0.35327928539290554,9,-1.0,-1.8369701987210297e-16,-0.9903991657185358,-0.13608006080841467,-0.35135187892997066,-0.08019377358048389
2023-09-26,28899.0,9333.342415799998,11.286000000000001,75.0,42.7996,1275.0,38.8,4108.0,3.8,150.0,4.7,103.34,3.3,240.56000000000003,7.42,6620.61866,7.3,28.130000000000003,7.7299999999999995,2.158,0.23600000000000004,18.834,0.11200000000000002,535.4738519999999,512.0,0.8587,0.27732935853999996,1.54,0.3537164574330144,9,-1.0,-1.8369701987210297e-16,-0.9925934196238899,-0.11902350072546963,-0.2817623302598763,0.22469796037174664
2023-09-27,27173.8,8776.16457796,11.132,75.0,42.1996,1275.0,36.6,4033.8,3.8,144.0,5.0,98.62,3.3600000000000003,228.21999999999997,7.68,5947.8472600000005,7.3180000000000005,27.73,7.459999999999999,2.164,0.24000000000000005,18.508,0.126,496.2914319999999,512.0,0.8587,0.27732935853999996,1.54,0.3578664423004191,9,-1.0,-1.8369701987210297e-16,-0.9944939491670848,-0.10193171967375594,-4.4408920985006264e-17,0.3603875471609676
2023-09-28,26118.8,8435.43734696,10.914,75.0,41.4048,1235.0,35.2,3988.8,3.8,143.1,4.8,92.3,3.28,218.3,7.76,5432.62626,7.345999999999999,28.932,8.35,2.26,0.26000000000000006,19.868000000000002,0.12600000000000003,509.77213199999994,512.0,0.8587,0.27732935854,1.54,0.3584440841605289,9,-1.0,-1.8369701987210297e-16,-0.9961001919508521,-0.0848097753862671,0.2817623302598763,0.22469796037174666
2023-09-29,24446.0,7895.182833199999,12.584,75.0,47.708800000000004,1155.0,33.0,4016.4,3.8,142.2,4.7,103.55999999999999,3.34,240.38000000000002,7.82,5677.3017,7.384,30.892000000000003,8.938,2.408,0.26400000000000007,22.034000000000002,0.144,533.667732,512.0,0.8587,0.27732935853999996,1.54,0.3589100687781468,9,-1.0,-1.8369701987210297e-16,-0.99741167266211,-0.06766273452178341,0.35135187892997066,-0.08019377358048381
2023-09-30,24201.2,7816.121197039999,10.608,60.0,40.2,1145.0,32.7,3998.8,3.04,141.8,4.3,106.66,3.3,254.84,7.8199999999999985,5984.6968799999995,7.366,31.956,8.748000000000001,2.376,0.26000000000000006,23.580000000000002,0.11600000000000002,567.923538,512.0,0.8587,0.27732935853999996,1.54,0.35856810754954743,9,-1.0,-1.8369701987210297e-16,-0.9984280032126165,-0.0504956711655658,0.15636629649360598,-0.3246979603717467
2023-10-01,24147.6,7637.024199539999,8.925999999999998,60.0,33.8,1145.0,32.7,4043.4,3.04,139.4,4.1,99.88,3.18,233.44,8.12,5445.007059999999,7.382,31.458,8.666,2.376,0.26800000000000007,23.887999999999998,0.12000000000000002,574.052314,512.0,0.8587,0.271561693902,1.54,0.35257528740382826,10,-0.9732050807568878,0.09999999999999988,-0.9991488828538102,-0.033313665327853084,-0.15636629649360595,-0.32469796037174675
2023-10-02,23642.6,7328.5319994599995,8.618,60.0,32.7076,1120.0,32.0,4121.8,3.04,143.7,4.2,98.11999999999999,3.3,239.06,8.7,5478.05504,7.392,30.790000000000003,8.678,2.392,0.256,23.814,0.11200000000000002,564.418022,512.0,0.8587,0.2657914426589443,1.54,0.34670494986173017,10,-0.9464101615137755,0.19999999999999993,-0.9995740982658079,-0.01612180144060451,-0.35135187892997066,-0.08019377358048389
2023-10-03,25211.2,7622.14683706,8.074,60.0,30.6068,1195.0,34.1,4151.8,3.04,145.5,4.4,99.38,3.4,239.64000000000001,8.959999999999999,5821.05692,7.384,30.272000000000002,8.738,2.3440000000000003,0.22000000000000003,23.814,0.12000000000000002,603.034306,512.0,0.8587,0.2600225321218114,1.54,0.34078159590668344,10,-0.9196152422706632,0.3,-0.9997035236205278,0.0010748331470651796,-0.2817623302598763,0.22469796037174664
2023-10-04,26886.4,7946.402846979999,6.406000000000001,60.0,24.310399999999998,1275.0,36.3,4125.4,3.04,140.4,4.4,94.76,3.3,231.4,8.86,6024.94332,7.316,30.238,8.76,2.32,0.21600000000000003,24.048000000000002,0.11200000000000002,656.346434,512.0,0.8587,0.2542574334564279,1.54,0.33454490594710623,10,-0.8928203230275511,0.4000000000000001,-0.9995371206189254,0.01827114967431425,-4.4408920985006264e-17,0.3603875471609676
2023-10-05,28434.6,8228.4040745,10.214,75.0,38.7104,1350.0,38.5,4146.2,3.8,140.6,4.4,88.52000000000001,3.28,215.08,8.84,5924.11004,7.316,29.590000000000003,8.739999999999998,2.304,0.21600000000000003,23.869999999999997,0.11200000000000002,692.1535620000001,512.0,0.8587,0.24848976881842785,1.54,0.329536556071958,10,-0.8660254037844386,0.5000000000000001,-0.9990749385023259,0.03546205947441998,0.2817623302598763,0.22469796037174666
2023-10-06,29231.8,8459.0982091,10.3,75.0,39.1104,1390.0,39.4,4155.2,3.8,140.4,4.4,83.62,3.2399999999999998,210.37999999999997,8.56,5966.40302,7.322,29.15,8.268,2.1839999999999997,0.20400000000000004,23.46,0.10600000000000001,699.7774579999999,512.0,0.8587,0.24848976881842785,1.54,0.3295983818620406,10,-0.8660254037844386,0.5000000000000001,-0.9983171140378533,0.05264247548059755,0.35135187892997066,-0.08019377358048381
2023-10-07,30856.0,8929.175192899998,10.236,75.0,38.802800000000005,1465.0,41.5,4091.6,3.8,140.1,4.3,89.47999999999999,3.2,216.16,8.059999999999999,6438.655199999999,7.314,30.486,8.346,2.134,0.20800000000000002,25.554000000000002,0.1,788.126522,512.0,0.8587,0.24849235542348355,1.54,0.32936267082449877,10,-0.8660254037844386,0.5000000000000001,-0.997263871477959,0.06980731373134444,0.15636629649360598,-0.3246979603717467
2023-10-08,30386.8,8793.4438606,10.6,75.0,40.1036,1445.0,41.0,4105.0,3.8,138.5,4.0,86.32000000000001,3.1,209.27999999999997,7.68,6147.519740000001,7.324000000000001,30.474,7.984,2.094,0.23200000000000004,25.163999999999998,0.092,765.30414,512.0,0.8587,0.24849360132261644,1.54,0.32957760033983746,10,-0.8660254037844386,0.5000000000000001,-0.9959155224940615,0.0869514948748665,-0.15636629649360595,-0.32469796037174675
2023-10-09,29062.8,8410.2075954,8.678,75.0,32.8,1380.0,39.20366528,4167.4,3.04,141.4,3.7,83.96,3.14,204.47999999999996,7.719999999999999,5708.30702,7.409999999999999,29.413999999999998,7.9,2.074,0.23200000000000004,24.502,0.08199999999999999,711.0067240000001,512.0,0.8587,0.24849103535,1.54,0.329070315014231,10,-0.8660254037844386,0.5000000000000001,-0.994272466084318,0.10406994567214008,-0.35135187892997066,-0.08019377358048389
2023-10-10,27815.6,8049.2922358,8.634,75.0,32.703199999999995,1320.0,37.50366528000001,4218.4,3.04,144.6,3.5,88.53999999999999,3.1,217.28000000000003,7.6,5803.76654,7.45,29.147999999999996,8.004000000000001,2.024,0.23200000000000004,23.639999999999997,0.08600000000000001,655.908688,512.0,0.8587,0.24849103534999997,1.54,0.32919932229036836,10,-0.8660254037844386,0.5000000000000001,-0.9923351884555544,0.12115760049816504,-0.2817623302598763,0.22469796037174664
2023-10-11,27150.2,7856.7384511,8.678,75.0,32.8032,1285.0,36.70366528000001,4190.2,3.04,146.6,3.3,93.28,3.2,222.03999999999996,7.539999999999999,5798.87862,7.45,28.854000000000003,8.370000000000001,2.128,0.24400000000000005,23.026000000000003,0.08800000000000001,626.179394,512.0,0.8587,0.24849103535,1.54,0.3290675303479602,10,-0.8660254037844386,0.5000000000000001,-0.9901042628793887,0.13820940284096422,-4.4408920985006264e-17,0.3603875471609676
2023-10-12,25720.2,7442.9243361,9.180000000000001,75.0,34.8032,1220.0,34.70366528000001,4170.0,3.04,144.7,3.3,91.75999999999999,3.04,217.95999999999998,7.26,5416.8152199999995,7.475999999999999,28.7,8.666,2.2039999999999997,0.26400000000000007,22.894,0.08800000000000001,585.414538,512.0,0.8587,0.24849103535,1.54,0.32945007278381233,10,-0.8660254037844386,0.5000000000000001,-0.9875803495225911,0.1552203067978873,0.2817623302598763,0.22469796037174666
2023-10-13,24228.0,7011.110753999999,9.192,75.0,34.9032,1145.0,32.60366528000001,4154.0,3.04,140.7,3.3,94.2,3.0,223.18,7.32,5259.262720000001,7.486,28.784,9.336000000000002,2.248,0.2800000000000001,23.002,0.088,553.71238,512.0,0.8587,0.24849103534999997,1.54,0.3292721859373863,10,-0.8660254037844386,0.5000000000000001,-0.9847641952517299,0.17218527856877425,0.35135187892997066,-0.08019377358048381
2023-10-14,23179.0,6707.5506095,9.192,75.0,34.9032,1100.0,31.192970080000002,4101.0,3.04,140.2,3.6,89.44,2.9,216.58,7.18,4903.158839999999,7.436,28.45,9.828,2.284,0.2880000000000001,21.868000000000002,0.094,504.08976999999993,512.0,0.8587,0.24849103535,1.54,0.32959277572975726,10,-0.8660254037844386,0.5000000000000001,-0.9816566334121613,0.18909929794553781,0.15636629649360598,-0.3246979603717467
2023-10-15,21725.8,6287.0228669,5.428,75.0,20.6,1030.0,29.191375840000006,4010.6,2.28,133.6,3.5,79.82,2.8,198.26,7.06,4180.7636,7.438,28.6,10.4,2.266,0.292,22.9,0.08600000000000001,492.356762,512.0,0.8587,0.24849103534999997,1.54,0.3286879971831288,10,-0.8660254037844386,0.5000000000000001,-0.9782585835814294,0.2059573597977241,-0.15636629649360595,-0.32469796037174675
2023-10-16,20983.2,6072.128907599999,7.202000000000001,75.0,27.3,995.0,28.291375840000008,3975.2,2.28,130.3,3.4,72.1,2.74,186.92000000000002,6.860000000000001,3789.99016,7.438,28.738,10.790000000000001,2.182,0.2960000000000001,23.552,0.09000000000000001,492.1069519999999,512.0,0.8587,0.24849103535,1.54,0.32928632691255705,10,-0.8660254037844386,0.5000000000000001,-0.9745710512971485,0.22275447555361091,-0.35135187892997066,-0.08019377358048389
2023-10-17,20756.8,6006.6131624,7.054,75.0,26.709600000000002,985.0,28.091375840000005,4294.4,2.28,131.1,3.1,68.62,2.68,184.54,6.9,3695.4324,7.417999999999999,28.330000000000002,10.581999999999999,2.2399999999999998,0.2760000000000001,22.883999999999997,0.1,471.71416,512.0,0.8587,0.24849103534999997,1.54,0.32933529679219814,10,-0.8660254037844386,0.5000000000000001,-0.9705951277594483,0.2394856746764066,-0.2817623302598763,0.22469796037174664
2023-10-18,20597.4,5960.485910699999,6.746,75.0,25.6096,980.01852,27.791375840000008,4401.0,2.28,133.4,3.1,65.47999999999999,2.84,180.5,6.92,3576.7587200000003,7.414,26.612000000000002,9.968,2.2119999999999997,0.26400000000000007,21.491999999999997,0.096,438.70357,512.0,0.8587,0.24849103534999997,1.54,0.32945506941636504,10,-0.8660254037844386,0.5000000000000001,-0.9663319895080701,0.25614600613511146,-4.4408920985006264e-17,0.3603875471609676
2023-10-19,21842.4,6320.7646331999995,10.654,75.0,40.4096,1035.01852,29.498405760000004,4398.4,3.04,136.8,3.4,62.739999999999995,3.2399999999999998,175.95999999999998,7.540000000000001,3665.09804,7.446,26.604000000000003,8.664,2.112,0.24800000000000005,21.892,0.09,473.68810799999994,512.0,0.8587,0.24849103535,1.54,0.3300424956516285,10,-0.8660254037844386,0.5000000000000001,-0.9617828980742097,0.27273053986960816,0.2817623302598763,0.22469796037174666
2023-10-20,24463.4,7079.230923699999,12.466000000000001,75.0,47.2096,1160.01852,33.1,4462.2,3.8,138.4,3.8,64.66,3.56,175.34,8.18,4066.86388,7.438,25.586000000000002,7.837999999999999,2.124,0.21600000000000003,20.57,0.09,501.65110599999997,512.0,0.8587,0.24849103534999997,1.54,0.33040097472208796,10,-0.8660254037844386,0.5000000000000001,-0.9569491996072103,0.2892343682495448,0.35135187892997066,-0.08019377358048381
2023-10-21,25921.8,7501.263444900001,12.16,75.0,46.1144,1230.01852,35.0,4478.8,3.8,138.4,4.4,66.53999999999999,3.84,180.3,8.919999999999998,4412.4473800000005,7.446,25.784,7.392,2.104,0.192,20.616,0.076,535.333318,512.0,0.8587,0.24849103535,1.54,0.33010949463577627,10,-0.8660254037844386,0.5000000000000001,-0.9518323244762147,0.30565260752658313,0.15636629649360598,-0.3246979603717467
2023-10-22,27804.8,8046.166926399999,10.368,75.0,39.3048,1315.01852,37.50844336,4202.6,3.04,139.6,4.9,69.56,4.220000000000001,184.78000000000003,9.52,4863.712460000001,7.456,25.806,7.465999999999999,1.984,0.20800000000000002,20.490000000000002,0.074,573.625544,512.0,0.8587,0.24849103534999997,1.54,0.32936406837366955,10,-0.8660254037844386,0.5000000000000001,-0.9464337868468972,0.3219803992795766,-0.15636629649360595,-0.32469796037174675
2023-10-23,29041.2,8403.9569766,10.767999999999999,75.0,40.7048,1375.0,39.30844336,4100.2,3.04,140.3,5.5,69.42,4.42,184.22,10.16,5061.9347800000005,7.458,27.32,7.918000000000001,1.972,0.21200000000000002,21.875999999999998,0.08199999999999999,631.5328139999999,512.0,0.8587,0.24849103535,1.54,0.32945417737404714,10,-0.8660254037844386,0.5000000000000001,-0.9407551842333961,0.3382129118522569,-0.35135187892997066,-0.08019377358048389
2023-10-24,27743.6,8028.4568398,8.95,75.0,33.9048,1315.0,37.50844336,4112.0,3.04,135.8,5.3,73.76,4.32,186.86,9.98,4916.87942,7.456,27.688,9.286,1.996,0.22800000000000004,22.14,0.1,608.6716299999999,512.0,0.8587,0.24849103535,1.54,0.3292762102375278,10,-0.8660254037844386,0.5000000000000001,-0.9347981970255848,0.35434534178299726,-0.2817623302598763,0.22469796037174664
2023-10-25,26934.2,7794.232263100001,9.01,75.0,34.2048,1275.0,36.30844336,4072.6,3.04,140.4,5.3,71.08000000000001,4.119999999999999,178.26000000000002,9.7,4552.35638,7.43,27.360000000000003,10.106,1.9740000000000002,0.28,21.85,0.1,584.173408,512.0,0.8587,0.24849103534999997,1.54,0.3292476693608581,10,-0.8660254037844386,0.5000000000000001,-0.9285645879918171,0.37037291522623594,-4.4408920985006264e-17,0.3603875471609676
2023-10-26,28156.4,8147.9131102,9.364,75.0,35.5,1335.0,38.00844336,4151.2,3.04,144.1,5.1,73.32000000000001,3.9400000000000004,179.04000000000002,9.34,4806.84284,7.382,27.25,10.678,2.0160000000000005,0.30400000000000005,22.064,0.10600000000000001,618.505602,512.0,0.8587,0.24849103535,1.54,0.32926503277924757,10,-0.8660254037844386,0.5000000000000001,-0.9220562017572949,0.38629088936513173,0.2817623302598763,0.22469796037174666
2023-10-27,28816.2,8338.8463641,11.254,75.0,42.7,1370.0,38.9,4145.2,3.8,146.7,4.8,75.1,3.78,179.7,9.04,4968.59016,7.362,26.584000000000003,10.964,2.018,0.32,21.426,0.098,611.316552,512.0,0.8587,0.24849103534999997,1.54,0.32978045136597234,10,-0.8660254037844386,0.5000000000000001,-0.9152749642582145,0.40209455381504167,0.35135187892997066,-0.08019377358048381
2023-10-28,29744.0,8607.333591999999,13.352,75.0,50.7,1410.0,40.1,4107.4,3.8,147.7,4.7,80.46000000000001,3.7600000000000002,188.06,8.74,5412.7636,7.336,26.232,11.1,1.964,0.328,20.762,0.094,611.8856480000001,512.0,0.8587,0.24849103535,1.54,0.3298990578414734,10,-0.8660254037844386,0.5000000000000001,-0.9082228821718523,0.41777923201739836,0.15636629649360598,-0.3246979603717467
2023-10-29,32258.8,9335.0676734,11.262,75.0,42.7,1530.0,43.50413664,4069.6,3.04,149.1,4.7,85.02000000000001,3.5,194.83999999999997,8.559999999999999,6067.3538,7.316,26.244,10.994,1.9780000000000002,0.34,20.357999999999997,0.094,655.6716279999999,512.0,0.8587,0.24849103535,1.54,0.32936359027145984,10,-0.8660254037844386,0.5000000000000001,-0.9009020423227542,0.43334028262357976,-0.15636629649360595,-0.32469796037174675
2023-10-30,33023.0,9556.2122515,11.22,75.0,42.6,1565.0,44.60413664,4090.6,3.04,146.1,4.5,88.9,3.6799999999999997,206.4,8.66,6524.49826,7.33,26.613999999999997,10.742,2.002,0.32000000000000006,20.512,0.10600000000000001,674.543874,512.0,0.8587,0.24849103534999997,1.54,0.32925727171497143,10,-0.8660254037844386,0.5000000000000001,-0.8933146110652126,0.4487731008683579,-0.35135187892997066,-0.08019377358048389
2023-10-31,32295.8,9345.7747519,10.878,75.0,41.4,1525.0,43.404136640000004,4063.4,3.04,145.5,4.6,91.82000000000001,3.7399999999999998,209.04000000000002,8.8,6469.293299999999,7.362,26.363999999999997,10.605999999999998,1.9899999999999998,0.31600000000000006,19.637999999999998,0.10600000000000001,630.70273,512.0,0.8587,0.24849103534999997,1.54,0.3289909296356314,10,-0.8660254037844386,0.5000000000000001,-0.8854628336422069,0.4640731199325242,-0.2817623302598763,0.22469796037174664
2023-11-01,31179.0,9038.79189882,10.838,75.0,41.2,1470.0,42.00413664,4088.6,3.04,138.9,4.5,88.17999999999999,3.6799999999999997,202.58,8.74,6062.631539999999,7.367999999999999,26.754,10.437999999999999,2.0100000000000002,0.30800000000000005,20.194,0.11200000000000002,625.66355,512.0,0.8587,0.24897724846399996,1.54,0.329426318681384,11,-0.792820323027551,0.5732050807568878,-0.877349033520999,0.4792358122942841,-4.4408920985006264e-17,0.3603875471609676
2023-11-02,30455.0,8845.30444282,8.416,75.0,32.0,1440.0,41.00413664,4167.4,3.04,137.3,4.5,80.32000000000001,3.62,184.78,8.94,5390.98314,7.401999999999999,26.442,10.55,2.066,0.304,19.856,0.13999999999999999,600.8112699999999,512.0,0.8587,0.24946346157799998,1.54,0.3297284868774354,11,-0.7196152422706634,0.6464101615137754,-0.8689756117055838,0.4942566910690232,0.2817623302598763,0.22469796037174666
2023-11-03,29498.4,8584.30947174,10.158,75.0,38.6,1394.97548,39.8,4155.2,3.8,136.6,4.4,74.08,3.7399999999999998,173.28000000000003,8.78,4878.3941,7.43,25.478,10.911999999999999,1.988,0.2920000000000001,19.156,0.13599999999999998,561.6035840000001,512.0,0.8587,0.24994967469200002,1.54,0.33059850656303513,11,-0.6464101615137758,0.719615242270663,-0.8603450460261918,0.5091313113370494,0.35135187892997066,-0.08019377358048381
2023-11-04,28459.4,8298.72723304,10.190000000000001,75.0,38.6,1349.97548,38.4,4128.6,3.8,136.2,4.6,72.7,3.6799999999999997,174.95999999999998,8.780000000000001,4738.103399999999,7.4079999999999995,25.368000000000002,11.362,1.984,0.3,19.788,0.124,558.5096340000001,512.0,0.8587,0.25043588780599996,1.54,0.33139148466410473,11,-0.5732050807568883,0.7928203230275507,-0.8514598904060595,0.523855271458916,0.15636629649360598,-0.3246979603717467
2023-11-05,28065.0,8200.918554,8.544,75.0,32.2956,1334.97548,37.9,4094.4,3.8,139.1,4.3,66.84,3.6799999999999997,168.16,8.68,4468.323879999999,7.398000000000001,25.032,10.738,1.948,0.30400000000000005,19.744,0.136,549.441106,512.0,0.8587,0.25092210092,1.54,0.33178715892969085,11,-0.5000000000000004,0.8660254037844384,-0.842322774105684,0.538424214377937,-0.15636629649360595,-0.32469796037174675
2023-11-06,28111.4,8214.47717224,6.694,75.0,25.2956,1339.97548,37.9,4064.2,3.04,142.9,4.4,68.74000000000001,3.66,174.32,8.62,4655.50072,7.398000000000001,25.124,10.264,1.964,0.28400000000000003,19.716,0.136,549.624282,512.0,0.8587,0.25092210092,1.54,0.3315648927306585,11,-0.5000000000000004,0.8660254037844384,-0.83293640094478,0.5528338289095106,-0.35135187892997066,-0.08019377358048389
2023-11-07,28024.2,8188.99632072,7.0760000000000005,75.0,26.793600000000005,1334.97548,37.8,4021.8,3.04,143.2,4.0,69.38,3.5,178.32,8.24,4765.851519999999,7.37,25.133999999999997,9.946,1.8980000000000001,0.268,19.972,0.10800000000000001,555.95149,512.0,0.8587,0.25092210092,1.54,0.3316040085623254,11,-0.5000000000000004,0.8660254037844384,-0.8233035485021786,0.5670798510168689,-0.2817623302598763,0.22469796037174664
2023-11-08,28059.2,8199.22372672,8.762,75.0,33.1936,1340.0,37.8,4080.6,3.04,142.3,4.1,68.78,3.6,187.22,8.34,5018.53332,7.332000000000001,25.356,9.608,1.972,0.26800000000000007,20.17,0.10800000000000001,562.1213879999999,512.0,0.8587,0.25092210092,1.54,0.3321434784880269,11,-0.5000000000000004,0.8660254037844384,-0.8134270672938948,0.581158065072874,-4.4408920985006264e-17,0.3603875471609676
2023-11-09,28313.6,8273.562357760002,6.9,75.0,26.193600000000004,1350.0,38.10721152,4135.0,2.28,145.8,4.1,68.3,3.5799999999999996,184.26,8.2,4987.26708,7.356,25.008000000000003,9.468,1.988,0.25600000000000006,19.066,0.10800000000000001,537.0839639999999,512.0,0.8587,0.25092210092,1.54,0.3316105831845376,11,-0.5000000000000004,0.8660254037844384,-0.8033098799296157,0.5950643051074896,0.2817623302598763,0.22469796037174666
2023-11-10,27716.2,8098.99514792,7.159999999999999,75.0,27.098000000000003,1319.97268,37.40721152,4110.2,2.28,146.9,4.5,73.24,3.5,196.8,8.1,5217.835399999999,7.354000000000001,25.412,10.286000000000001,2.0279999999999996,0.25600000000000006,19.066,0.096,526.270468,512.0,0.8587,0.25092210092,1.54,0.331615379303161,11,-0.5000000000000004,0.8660254037844384,-0.7929549802478524,0.6087944560405602,0.35135187892997066,-0.08019377358048381
2023-11-11,27701.2,8094.61197392,9.102,75.0,34.498000000000005,1314.97268,37.40721152,4107.8,3.04,142.7,4.6,70.38,3.54,183.76000000000002,8.18,4837.47534,7.343999999999999,25.302,10.975999999999999,1.9419999999999997,0.268,19.018,0.1,524.456642,512.0,0.8587,0.25092210092000006,1.54,0.3317713107465614,11,-0.5000000000000004,0.8660254037844384,-0.7823654324300147,0.6223444548995272,0.15636629649360598,-0.3246979603717467
2023-11-12,28139.4,8222.659097040001,7.392000000000001,75.0,28.0,1334.89408,37.90721152,4107.0,2.28,144.0,4.8,71.14,3.72,193.44,8.38,5190.75594,7.35,25.627999999999997,11.501999999999999,1.864,0.272,18.906,0.10400000000000001,529.563364,512.0,0.8587,0.25092210092,1.54,0.33135832087407524,11,-0.5000000000000004,0.8660254037844384,-0.7715443700936714,0.63571029202173,-0.15636629649360595,-0.32469796037174675
2023-11-13,28357.8,8286.47811048,5.86,75.0,22.2048,1339.89408,38.10721152,4031.4,2.28,144.7,4.9,79.62,3.4799999999999995,201.7,8.26,5477.4919,7.35,26.52,11.828,1.8719999999999999,0.264,19.791999999999998,0.1,559.5335279999999,512.0,0.8587,0.25092210092,1.54,0.3307173913552194,11,-0.5000000000000004,0.8660254037844384,-0.7604949953652623,0.6488880122409284,-0.35135187892997066,-0.08019377358048389
2023-11-14,28491.2,8325.459137920001,7.3420000000000005,75.0,27.8048,1344.89408,38.4,3995.8,3.04,141.6,5.0,91.6,3.3600000000000003,219.82,8.16,6021.199439999999,7.35,28.906,12.266,1.9,0.264,20.496000000000002,0.10400000000000001,581.831974,512.0,0.8587,0.25092210092,1.54,0.3309495655765221,11,-0.5000000000000004,0.8660254037844384,-0.7492205779325365,0.6618737160577004,-0.2817623302598763,0.22469796037174664
2023-11-15,29157.0,8520.013621200002,6.806,75.0,25.8048,1374.9214,39.3,4051.0,3.04,142.5,5.1,94.5,3.4200000000000004,231.21999999999997,8.26,6499.95964,7.351999999999999,29.330000000000002,12.307999999999998,1.972,0.256,21.448,0.11600000000000002,621.688918,512.0,0.8587,0.25092210092,1.54,0.33070713668362617,11,-0.5000000000000004,0.8660254037844384,-0.7377244540770004,0.674663560793367,-4.4408920985006264e-17,0.3603875471609676
2023-11-16,29215.4,8537.07877864,6.7,75.0,25.4048,1379.9214,39.3,4085.8,3.04,145.3,5.0,97.6,3.34,246.53999999999996,8.28,6952.30922,7.358,29.677999999999997,12.276,2.018,0.23200000000000004,21.61,0.11600000000000002,627.6193079999999,512.0,0.8587,0.25092210092,1.54,0.33080381802053155,11,-0.5000000000000004,0.8660254037844384,-0.7260100256866578,0.6872537617271016,0.2817623302598763,0.22469796037174666
2023-11-17,28905.8,8446.61006728,8.61,75.0,32.6048,1365.0,39.1,4063.2,3.8,141.7,5.2,98.53999999999999,3.1399999999999997,244.16,8.020000000000001,6828.901739999999,7.322,29.346000000000004,11.98,2.17,0.22400000000000003,21.466,0.17200000000000001,616.02622,460.8,0.8587,0.25092210092,1.54,0.3311899324372499,11,-0.5000000000000004,0.8660254037844384,-0.7140807592493366,0.6996405932158914,0.35135187892997066,-0.08019377358048381
2023-11-18,28051.2,8196.88603392,8.626,75.0,32.6,1325.0,38.1,4168.4,3.8,143.8,5.3,98.08,3.34,241.98000000000002,8.260000000000002,6568.81482,7.331999999999999,29.918,11.834,2.082,0.22400000000000003,21.314,0.262,590.667024,460.8,0.8587,0.25092210092,1.54,0.3312772720010334,11,-0.5000000000000004,0.8660254037844384,-0.7019401848268986,0.7118203897970139,0.15636629649360598,-0.3246979603717467
2023-11-19,27906.6,8154.632236560001,7.144,75.0,27.0,1320.0,37.79214976,4147.6,3.04,142.0,5.1,94.28,3.5,236.16,8.719999999999999,6355.777039999999,7.324,28.368000000000002,11.422,1.97,0.2,20.990000000000002,0.24800000000000005,579.0398899999999,460.8,0.8587,0.25092210092,1.54,0.33107601775979767,11,-0.5000000000000004,0.8660254037844384,-0.6895918950106388,0.7237895472727066,-0.15636629649360595,-0.32469796037174675
2023-11-20,27641.8,8077.2546048799995,7.358,75.0,27.8,1310.0,37.492149760000004,4084.0,3.04,137.3,5.1,97.28,3.5200000000000005,240.51999999999998,8.74,6402.352280000001,7.314,27.97,11.41,1.8980000000000001,0.196,20.686,0.24,564.60645,460.8,0.8587,0.25092210092,1.54,0.33128186921898756,11,-0.5000000000000004,0.8660254037844384,-0.6770395438581787,0.7355445237767071,-0.35135187892997066,-0.08019377358048389
2023-11-21,27557.8,8052.708830480001,7.322,75.0,27.6,1305.0,37.492149760000004,4138.4,3.04,139.5,5.3,101.4,3.62,262.56,8.8,7014.092780000001,7.31,28.701999999999998,11.342,1.936,0.20000000000000004,20.608,0.23600000000000004,560.65962,460.8,0.8587,0.25092210092000006,1.54,0.33122448530295034,11,-0.5000000000000004,0.8660254037844384,-0.6642868458121718,0.7470818408223489,-0.2817623302598763,0.22469796037174664
2023-11-22,27136.2,7929.512419920002,7.446000000000001,75.0,20.4,1285.0,44.492149760000004,4167.6,2.28,143.4,5.1,106.02000000000001,3.7,277.74,9.3,7320.34562,7.33,29.73,11.082,1.8359999999999999,0.21600000000000003,21.342,0.17600000000000002,574.0189780000001,512.0,0.8587,0.25092210092000006,1.54,0.3312639340302764,11,-0.5000000000000004,0.8660254037844384,-0.6513375746011416,0.7583980843319,-4.4408920985006264e-17,0.3603875471609676
2023-11-23,27862.2,8061.66874752,7.606,75.0,21.1,1320.0,45.39214976,4120.2,2.28,142.1,5.0,105.16,3.6399999999999997,276.46,9.32,7444.07972,7.3260000000000005,28.625999999999998,10.809999999999999,1.9,0.22400000000000003,20.583999999999996,0.076,570.7530279999999,512.0,0.8587,0.24851836315069814,1.54,0.32888226619014677,11,-0.5000000000000004,0.8660254037844384,-0.638195562122773,0.7694899056468456,0.2817623302598763,0.22469796037174666
2023-11-24,28010.4,8024.8994816,9.584,75.0,28.7,1325.0,45.5,4150.2,3.04,143.9,5.2,103.5,3.7399999999999998,274.38,9.139999999999999,7424.14264,7.33,28.380000000000003,10.776,1.948,0.24800000000000005,20.66,0.09,575.36259,512.0,0.8587,0.2461139003048805,1.54,0.32676618946222236,11,-0.5000000000000004,0.8660254037844384,-0.624864697309993,0.780354022518808,0.35135187892997066,-0.08019377358048381
2023-11-25,27443.0,7859.098619760001,9.902,75.0,29.9,1295.0,44.7,4174.6,3.04,142.2,4.9,103.34,3.8200000000000003,272.47999999999996,9.180000000000001,7204.156899999999,7.336,29.294,10.760000000000002,2.04,0.25200000000000006,20.812,0.08,566.9879880000001,512.0,0.8587,0.2461139003048805,1.54,0.3266842768118696,11,-0.5000000000000004,0.8660254037844384,-0.6113489249801725,0.7909872200808185,0.15636629649360598,-0.3246979603717467
2023-11-26,27700.8,7854.40278656,9.722,75.0,29.3,1305.0,44.9,4119.2,3.04,142.2,4.9,102.83999999999999,3.88,260.84000000000003,9.180000000000001,6938.3633199999995,7.337999999999999,28.568,10.984,2.018,0.26800000000000007,21.022,0.084,578.6666740000001,512.0,0.8587,0.24381741488895964,1.54,0.3242169732915219,11,-0.5000000000000004,0.8660254037844384,-0.5976522446677921,0.8013863517986458,-0.15636629649360595,-0.32469796037174675
2023-11-27,28183.0,7915.383980879999,7.688,75.0,29.3,1330.0,37.9,4156.4,3.04,142.5,5.1,102.8,3.88,251.2,8.739999999999998,6801.672960000001,7.33,28.014,11.306000000000001,2.068,0.26400000000000007,20.478,0.088,573.4871939999999,512.0,0.8587,0.24143525294862506,1.54,0.32152186995899185,11,-0.5000000000000004,0.8660254037844384,-0.5837787094409143,0.8115483404019098,-0.35135187892997066,-0.08019377358048389
2023-11-28,28139.2,7922.583980879999,7.3,75.0,27.799200000000003,1330.0,37.8,4173.0,3.04,144.8,5.0,103.94000000000001,3.9599999999999995,267.68,8.719999999999999,7260.125580000002,7.312,28.28,10.704,2.064,0.24400000000000005,20.541999999999998,0.098,574.2252000000001,512.0,0.8587,0.24202231069473937,1.54,0.3221467602762888,11,-0.5000000000000004,0.8660254037844384,-0.5697324247018167,0.8214701787946913,-0.2817623302598763,0.22469796037174664
2023-11-29,27610.2,7848.079069519999,7.331999999999999,75.0,27.799199999999995,1305.0,37.2,4147.8,3.04,145.0,4.9,104.28,3.88,273.7,8.5,7304.31066,7.316,29.766000000000002,10.214,2.206,0.23600000000000004,22.656,0.10200000000000001,618.69487,512.0,0.8587,0.24442677354055706,1.54,0.3245971940311638,11,-0.5000000000000004,0.8660254037844384,-0.5555175469721365,0.8311489309453833,-4.4408920985006264e-17,0.3603875471609676
2023-11-30,26233.2,7825.695088639999,7.294,75.0,27.699199999999998,1240.0,35.3,4178.4,3.04,149.9,4.7,104.64000000000001,3.84,270.84000000000003,8.52,6849.341040000001,7.298,30.006,9.719999999999999,2.036,0.22800000000000004,23.418,0.11200000000000002,601.0524479999999,512.0,0.8587,0.2624304486997484,1.54,0.34274064187814657,11,-0.5000000000000004,0.8660254037844384,-0.5411382826628894,0.8405817327555078,0.2817623302598763,0.22469796037174666
2023-12-01,24010.0,7479.495088639999,7.564,75.0,28.699199999999998,1140.0,32.3,4224.2,3.04,149.2,4.4,103.52000000000001,3.62,261.88,8.180000000000001,6104.960000000001,7.303999999999999,29.982000000000006,9.419999999999998,2.1420000000000003,0.21200000000000002,22.372,0.11200000000000002,531.5351359999999,512.0,0.8587,0.27492727679853446,1.54,0.35585132148028165,12,-0.4000000000000005,0.8928203230275507,-0.5265988868297246,0.8497657929072506,0.35135187892997066,-0.08019377358048381
2023-12-02,21886.2,7201.09508864,9.544,75.0,36.1992,1035.0,29.4,4183.2,3.8,148.2,4.2,100.94,3.7400000000000007,255.2,8.42,5511.417520000001,7.324,29.712,9.239999999999998,2.2399999999999998,0.21200000000000002,22.116000000000003,0.11600000000000002,485.90108799999996,512.0,0.8587,0.2896900771003036,1.54,0.3709229619649296,12,-0.30000000000000043,0.919615242270663,-0.5119036619137853,0.8586983936894551,0.15636629649360598,-0.3246979603717467
2023-12-03,19832.2,6932.89508864,9.75,75.0,37.0,935.0,26.6,4219.8,3.8,148.2,4.3,95.06,3.8400000000000007,227.88000000000002,8.520000000000001,4404.229,7.364,31.136000000000003,9.782,2.2380000000000004,0.21800000000000005,24.516,0.10600000000000001,491.735828,512.0,0.8587,0.304421546272677,1.54,0.38571797215119547,12,-0.2000000000000004,0.9464101615137753,-0.4970569564685479,0.8673768918018381,-0.15636629649360595,-0.32469796037174675
2023-12-04,18169.6,6718.0,9.366,75.0,35.6,860.0,24.300000000000004,4217.4,3.8,146.8,4.1,88.32000000000001,3.6800000000000006,207.24,8.3,3622.0727399999996,7.376,30.662,10.081999999999999,2.152,0.22600000000000003,23.356,0.098,421.53770000000003,512.0,0.8587,0.31761122099201616,1.54,0.3993125613951466,12,-0.10000000000000038,0.9732050807568877,-0.48206316387301384,0.8757987191371847,-0.35135187892997066,-0.08019377358048389
2023-12-05,19590.0,6771.6,9.276,75.0,35.3,930.0,26.2,4180.2,3.8,144.0,4.4,84.74,3.7800000000000002,192.98,8.56,3650.8044600000003,7.372,29.808,10.466,2.298,0.24200000000000005,22.594,0.08800000000000001,440.16573600000004,512.0,0.8587,0.3002384495210202,1.54,0.3819582133389614,12,-2.4492935982947064e-16,1.0,-0.4669267210316395,0.883961383541292,-0.2817623302598763,0.22469796037174664
2023-12-06,21795.4,7181.8,9.331999999999999,75.0,35.4948,1030.0,29.2,4135.2,3.8,141.9,4.5,81.4,3.96,187.16000000000003,8.86,3950.7557800000004,7.366,30.482,10.241999999999999,2.1559999999999997,0.24200000000000005,23.336000000000002,0.09600000000000002,499.975452,512.0,0.8587,0.28972649912273213,1.54,0.3709414504118186,12,-2.4492935982947064e-16,1.0,-0.45165210706138303,0.8918624695504382,-4.4408920985006264e-17,0.3603875471609676
2023-12-07,24408.2,7695.4,9.081999999999999,75.0,34.5948,1155.0,32.7,4159.6,3.8,143.0,4.5,81.56,3.8600000000000003,189.09999999999997,8.68,4501.9520600000005,7.362,30.506,10.008,2.064,0.22600000000000003,23.226000000000003,0.08800000000000001,543.7133299999999,512.0,0.8587,0.2776861342263138,1.54,0.35874144058241997,12,-2.4492935982947064e-16,1.0,-0.4362438419662637,0.8994996391061572,0.2817623302598763,0.22469796037174666
2023-12-08,26592.0,8048.8,10.846,75.0,41.1948,1259.9674,35.7,4104.0,3.8,140.0,4.6,80.66,3.8,192.1,8.500000000000002,4944.68786,7.360000000000001,28.718,10.318000000000001,2.0340000000000003,0.24400000000000005,20.910000000000004,0.098,542.700734,512.0,0.8587,0.26439478146958023,1.54,0.34570535135717934,12,-2.4492935982947064e-16,1.0,-0.42070648529981797,0.906870632247107,0.35135187892997066,-0.08019377358048381
2023-12-09,28563.8,8417.816427239999,10.72,75.0,40.6948,1349.9674,38.4,4114.8,3.8,139.0,5.0,81.2,4.0,191.38,8.84,5214.66204,7.3340000000000005,27.125999999999998,10.790000000000001,2.0,0.25600000000000006,19.09,0.098,540.4508060000001,512.0,0.8587,0.253196483572241,1.54,0.33399330698699725,12,-2.4492935982947064e-16,1.0,-0.40504463481585534,0.9139732677778294,0.15636629649360598,-0.3246979603717467
2023-12-10,29553.8,8718.61642724,8.83,75.0,33.4948,1394.9674,39.7,4136.6,3.8,139.8,4.9,82.92,3.9,193.56,8.52,5493.5470399999995,7.3420000000000005,27.113999999999997,11.088,1.952,0.25200000000000006,17.918,0.098,527.5674339999999,512.0,0.8587,0.25342053933949427,1.54,0.3336636785210127,12,-2.4492935982947064e-16,1.0,-0.3892629251079091,0.9208054439142005,-0.15636629649360595,-0.32469796037174675
2023-12-11,29844.2,8796.816427239999,8.580000000000002,75.0,32.5,1409.9674,40.1,3940.4,3.8,144.2,5.1,86.14000000000001,3.78,195.9,8.180000000000001,5632.04948,7.32,25.7,11.324000000000002,1.968,0.28,17.089999999999996,0.09,507.969838,512.0,0.8587,0.2532522591047522,1.54,0.33350032406258023,12,-2.4492935982947064e-16,1.0,-0.37336602623778525,0.9273651389053823,-0.35135187892997066,-0.08019377358048389
2023-12-12,29551.6,8768.019460200001,8.59,75.0,32.5,1394.9674,39.7,3924.0,3.8,141.9,5.1,89.26,3.8599999999999994,197.76000000000002,8.32,5625.8836,7.296000000000001,26.492,11.128,2.036,0.28800000000000003,17.18,0.09,505.545248,512.0,0.8587,0.254903362461736,1.54,0.33510226442849983,12,-2.4492935982947064e-16,1.0,-0.3573586423536158,0.9336504116320915,-0.2817623302598763,0.22469796037174664
2023-12-13,30048.4,8939.019460200001,6.508,75.0,24.7,1420.0,40.3,3927.4,3.8,146.0,4.7,92.14,3.6799999999999997,197.4,8.2,5705.96176,7.260000000000001,26.940000000000005,10.912,2.072,0.2800000000000001,17.21,0.094,515.703802,512.0,0.8587,0.25563742782627896,1.54,0.33547018640691606,12,-2.4492935982947064e-16,1.0,-0.34124551029782624,0.9396594021810081,-4.4408920985006264e-17,0.3603875471609676
2023-12-14,30720.2,9103.20303296,6.794,75.0,25.8,1450.0,41.1,3919.4,3.8,151.8,4.3,92.52000000000001,3.56,200.42000000000002,8.1,5900.58712,7.244,27.256,10.15,2.1919999999999997,0.26800000000000007,17.913999999999998,0.094,547.598182,512.0,0.8587,0.2545266889918446,1.54,0.33428213638488297,12,-2.4492935982947064e-16,1.0,-0.3250313982054276,0.9453903323951532,0.2817623302598763,0.22469796037174666
2023-12-15,31038.0,9199.60303296,8.622,75.0,32.8,1465.0,41.4,3972.6,3.8,151.4,4.1,91.6,3.4,198.66000000000003,7.74,5925.39652,7.260000000000001,28.07,9.504000000000001,2.2239999999999998,0.26800000000000007,19.438,0.094,601.362972,512.0,0.8587,0.2545794862766838,1.54,0.3346679457681972,12,-2.4492935982947064e-16,1.0,-0.3087211040930474,0.9508415064000747,0.35135187892997066,-0.08019377358048381
2023-12-16,30404.8,9057.20303296,8.889999999999999,75.0,33.8,1435.0,40.6,4098.0,3.8,148.2,4.0,94.2,3.44,202.21999999999997,7.959999999999999,5891.66754,7.258,29.913999999999998,9.664000000000001,2.2239999999999998,0.24000000000000005,20.18,0.094,611.6163220000001,512.0,0.8587,0.25582715417797897,1.54,0.335999967662719,12,-2.4492935982947064e-16,1.0,-0.29231945443912133,0.9560113111056836,0.15636629649360598,-0.3246979603717467
2023-12-17,30255.2,8971.8,8.844,75.0,33.6,1430.0,40.4,4085.4,3.8,149.8,4.1,92.74,3.2399999999999998,202.26,7.460000000000001,5876.71322,7.279999999999999,29.174,10.188,2.136,0.24800000000000005,20.208000000000002,0.094,609.751714,512.0,0.8587,0.2546459088866188,1.54,0.33493018093321203,12,-2.4492935982947064e-16,1.0,-0.2758313027556585,0.9608982166835933,-0.15636629649360595,-0.32469796037174675
2023-12-18,29759.6,8881.14839518,7.272,75.0,27.6,1405.02428,39.80279856,4079.2,3.8,145.7,4.1,93.4,3.2,203.92,7.2,5845.585219999999,7.286,29.156,10.232000000000001,2.132,0.24800000000000005,20.169999999999998,0.09000000000000001,599.383632,512.0,0.8587,0.25627978395162354,1.54,0.33619755939813417,12,-2.4492935982947064e-16,1.0,-0.2592615281520116,0.9655007770198205,-0.35135187892997066,-0.08019377358048389
2023-12-19,29472.2,8793.748395179999,7.402000000000001,75.0,28.0,1395.02428,39.602798560000004,4062.2,3.8,139.9,4.2,94.46000000000001,3.04,202.1,6.859999999999999,5755.48482,7.302,29.444,10.672,1.9600000000000002,0.24400000000000005,19.646,0.09,578.604668,512.0,0.8587,0.2562230235366861,1.54,0.3363805987992249,12,-2.4492935982947064e-16,1.0,-0.24261503389106737,0.9698176301427137,-0.2817623302598763,0.22469796037174664
2023-12-20,28567.6,8559.00990914,7.364,75.0,27.802,1355.02428,38.50279856,3860.4,3.8,138.2,4.4,89.67999999999999,3.2,193.16,7.26,5310.173940000001,7.296000000000001,28.410000000000004,11.146,1.8479999999999996,0.24800000000000005,18.276,0.1,518.875146,512.0,0.8587,0.2573066436183983,1.54,0.33767622254959007,12,-2.4492935982947064e-16,1.0,-0.22589674593829426,0.9738474986259826,-4.4408920985006264e-17,0.3603875471609676
2023-12-21,28683.4,8634.261515139999,7.264,75.0,27.401999999999997,1360.02428,38.702798560000005,3984.2,3.8,138.0,4.3,88.42,3.2,190.74,7.040000000000001,5272.313080000001,7.33,27.332,10.738,1.892,0.2720000000000001,17.964000000000002,0.1,512.291172,512.0,0.8587,0.25853024048926804,1.54,0.3388467018760304,12,-2.4492935982947064e-16,1.0,-0.20911161150406882,0.9775891899667084,0.2817623302598763,0.22469796037174666
2023-12-22,28618.4,8654.467587359999,9.212,75.0,34.802,1355.02428,38.702798560000005,3992.6,3.8,137.2,4.3,88.88,3.22,188.22,7.18,5182.433040000001,7.328,27.982,10.639999999999999,1.9460000000000002,0.26400000000000007,17.888,0.09,509.22311800000006,512.0,0.8587,0.25971148578062814,1.54,0.3403246956157656,12,-2.4492935982947064e-16,1.0,-0.192264597579717,0.9810415969382251,0.35135187892997066,-0.08019377358048381
2023-12-23,28579.2,8642.558356880001,9.212,75.0,34.802,1350.0,38.7,3899.0,3.8,139.0,4.7,92.72,3.34,200.72,7.540000000000001,5525.002980000001,7.33,27.595999999999997,10.418,1.9259999999999997,0.26800000000000007,17.424,0.11000000000000001,494.541266,512.0,0.8587,0.25971148578062814,1.54,0.3401492880988474,12,-2.4492935982947064e-16,1.0,-0.1753606894677016,0.9842036979177664,0.15636629649360598,-0.3246979603717467
2023-12-24,28744.2,8682.75835688,9.176,75.0,34.802,1360.0,38.7,3905.6,3.8,139.3,4.5,96.38,3.3600000000000003,210.54000000000002,7.720000000000001,5842.073780000001,7.3340000000000005,27.415999999999997,10.102,1.984,0.2720000000000001,17.948,0.122,512.673306,512.0,0.8587,0.25946145749002747,1.54,0.33999291642783847,12,-2.4492935982947064e-16,1.0,-0.15840488930639032,0.9870745571887788,-0.15636629649360595,-0.32469796037174675
2023-12-25,29244.4,8834.72256826,9.330000000000002,75.0,35.4,1380.0,39.4,4049.2,3.8,140.0,4.5,97.18,3.2,214.44,7.4799999999999995,6047.39266,7.336,28.002,9.866,2.034,0.2720000000000001,18.688000000000002,0.12200000000000003,543.47164,512.0,0.8587,0.25946145749002747,1.54,0.33978227666536237,12,-2.4492935982947064e-16,1.0,-0.14140221458984384,0.9896533252178165,-0.35135187892997066,-0.08019377358048389
2023-12-26,29648.0,8917.27096226,11.338,75.0,43.1,1400.0,39.9,3925.8,3.8,141.1,4.8,97.98,3.2600000000000002,218.2,7.76,6237.95758,7.3260000000000005,28.427999999999997,10.33,2.12,0.268,19.637999999999998,0.178,578.565608,512.0,0.8587,0.25834138286178643,1.54,0.3390747349741479,12,-2.4492935982947064e-16,1.0,-0.12435769668305718,0.9919392389059313,-0.2817623302598763,0.22469796037174664
2023-12-27,29962.0,9012.66632886,9.712,75.0,36.9,1415.0,40.3,3943.8,3.8,140.3,5.0,94.78,3.3600000000000003,212.4,7.5200000000000005,6130.52954,7.322,28.498,10.396,2.082,0.28,19.881999999999998,0.2,590.850706,512.0,0.8587,0.25834138286178643,1.54,0.3387326624535492,12,-2.4492935982947064e-16,1.0,-0.10727637933309939,0.993931621814486,-4.4408920985006264e-17,0.3603875471609676
2023-12-28,30613.2,9190.42716416,11.618,75.0,44.1,1450.0,41.1,4047.6,3.8,136.5,5.0,89.7,3.2800000000000002,198.34,7.279999999999999,5847.17792,7.328,28.657999999999998,11.07,2.09,0.272,20.018,0.19,606.1736800000001,512.0,0.8587,0.2578037892170786,1.54,0.33876384373432183,12,-2.4492935982947064e-16,1.0,-0.09016331717658563,0.9956298843653236,0.2817623302598763,0.22469796037174666
2023-12-29,30832.0,9266.82716416,11.512,75.0,43.7,1455.0,41.5,4024.0,3.8,141.4,5.5,90.72,3.5400000000000005,199.1,7.2,5917.875320000001,7.3180000000000005,28.646000000000004,11.41,2.122,0.276,19.798000000000002,0.178,603.7248480000001,512.0,0.8587,0.25812527787990014,1.54,0.33877439765349404,12,-2.4492935982947064e-16,1.0,-0.07302357424393101,0.9970335240152333,0.35135187892997066,-0.08019377358048381
2023-12-30,30265.8,9094.81169738,13.312000000000001,75.0,50.5,1430.0,40.7,4033.2,3.8,139.8,5.7,91.11999999999999,3.5800000000000005,194.64,6.9399999999999995,5700.09792,7.304,28.454,11.468,2.1399999999999997,0.276,18.826,0.186,565.308014,512.0,0.8587,0.25812527787990014,1.54,0.3393010572002422,12,-2.4492935982947064e-16,1.0,-0.05586222246082127,0.9981421254046596,0.15636629649360598,-0.3246979603717467
2023-12-31,30032.4,9004.01169738,9.440000000000001,75.0,35.8,1420.0,40.4,4063.2,3.8,140.1,5.6,88.64,3.62,186.71999999999997,6.8,5417.746160000001,7.287999999999999,27.839999999999996,11.17,2.05,0.272,17.714000000000002,0.13000000000000003,528.645266,512.0,0.8587,0.25750303389542734,1.54,0.3379983988850099,12,-2.4492935982947064e-16,1.0,-0.03868434014734864,0.9989553604806162,-0.15636629649360595,-0.32469796037174675
2024-01-01,29698.0,8940.338484380001,9.274,75.0,35.2,1405.0,40.0,4012.6,3.8,141.7,5.2,89.38,3.56,189.98,7.24,5442.801939999999,7.325999999999999,27.52,10.614,2.134,0.268,17.294,0.128,510.389952,512.0,0.8587,0.2586408800914274,1.54,0.3391707566539556,1,0.0999999999999997,0.9732050807568878,-0.020634987421487054,0.9994600424444758,-0.35135187892997066,-0.08019377358048389
2024-01-02,29301.4,8879.795892860002,9.184000000000001,75.0,34.9008,1385.0,39.5,4015.8,3.8,148.4,5.0,93.17999999999999,3.62,201.33999999999997,7.5,5706.818499999999,7.358,27.486,9.478,2.198,0.26000000000000006,17.372,0.134,505.78632600000003,512.0,0.8587,0.2603163199321352,1.54,0.3407937975944767,1,0.19999999999999973,0.9464101615137755,-0.002579623917690828,0.9996541724344145,-0.2817623302598763,0.22469796037174664
2024-01-03,28822.4,8812.6263911,11.139999999999999,75.0,42.300799999999995,1365.0,38.9,4072.2,3.8,144.3,4.8,92.1,3.4200000000000004,199.72,7.8,5552.093019999999,7.351999999999999,27.315999999999995,8.792,2.166,0.24000000000000005,17.592,0.134,503.74276599999996,512.0,0.8587,0.2625502050052862,1.54,0.34359365340761466,1,0.29999999999999977,0.9196152422706632,0.015476407491496225,0.9995376930042447,-4.4408920985006264e-17,0.3603875471609676
2024-01-04,29303.8,8997.72905328,9.161999999999999,75.0,34.800799999999995,1390.0,39.6,4036.0,3.8,146.3,4.6,90.82000000000001,3.38,200.6,8.180000000000001,5645.70212,7.358,26.701999999999998,8.178,2.21,0.22800000000000004,17.53,0.136,509.746868,512.0,0.8587,0.2636880512012862,1.54,0.3443948804758512,1,0.3999999999999998,0.8928203230275511,0.03352776373588686,0.9991106386221041,0.2817623302598763,0.22469796037174666
2024-01-05,29187.0,9060.5875401,9.161999999999999,60.0,34.800799999999995,1385.0,39.39096432,4066.6,3.04,146.7,4.7,93.1,3.28,204.64,8.4,5734.654619999999,7.358,26.532,7.712000000000001,2.2920000000000003,0.22000000000000003,17.416,0.14200000000000002,504.156748,512.0,0.8587,0.26656821601,1.54,0.34730224315385966,1,0.49999999999999994,0.8660254037844387,0.05156910312874981,0.9983731356602549,0.35135187892997066,-0.08019377358048381
2024-01-06,28774.6,8932.56525958,9.196,60.0,35.0008,1365.0,38.69096432,4173.6,3.04,148.8,4.8,92.98,3.4,205.14000000000001,8.440000000000001,5672.43172,7.324,26.074,7.88,2.252,0.20800000000000002,17.518,0.132,500.231456,512.0,0.8587,0.26656821601,1.54,0.34730204306291246,1,0.49999999999999994,0.8660254037844387,0.06873506385373346,0.9973383485069732,0.15636629649360598,-0.3246979603717467
2024-01-07,28683.8,8904.37800674,7.38,45.0,28.1,1360.0,38.59096432,4144.6,2.28,144.3,4.9,88.58000000000001,3.3600000000000003,193.62,8.42,5310.5842,7.303999999999999,25.898000000000003,8.346,2.2039999999999997,0.22400000000000003,17.314,0.12,492.95908399999996,512.0,0.8587,0.26656821601,1.54,0.3469117170813643,1,0.49999999999999994,0.8660254037844387,0.08588068476748195,0.996008432890737,-0.15636629649360595,-0.32469796037174675
2024-01-08,28839.6,8952.743359080001,7.244,45.0,27.5,1365.0,38.79096432,4120.2,2.28,147.2,4.9,88.17999999999999,3.4200000000000004,193.7,8.36,5345.5003400000005,7.347999999999999,26.092000000000002,8.384,2.238,0.24800000000000005,17.258,0.128,493.96404,512.0,0.8587,0.26656821601,1.54,0.346729445582894,1,0.49999999999999994,0.8660254037844387,0.1030008922049204,0.9943837823549737,-0.35135187892997066,-0.08019377358048389
2024-01-09,28894.2,8969.69296266,7.3340000000000005,45.0,27.8,1365.0,38.89096432,4126.6,2.28,147.2,4.9,89.97999999999999,3.5199999999999996,197.3,8.379999999999999,5460.5306,7.354000000000001,26.365999999999996,8.754,2.186,0.26800000000000007,17.607999999999997,0.118,505.49349,512.0,0.8587,0.26656821601,1.54,0.34660042250379436,1,0.49999999999999994,0.8660254037844387,0.12009062002123039,0.9924648776599149,-0.2817623302598763,0.22469796037174664
2024-01-10,28963.4,8991.174877820002,8.994,60.0,34.108,1365.0,39.00000000000001,4125.6,3.04,146.7,4.6,89.04,3.6,199.98,8.3,5555.61356,7.374,26.47,9.040000000000001,2.164,0.2720000000000001,17.564,0.122,505.297466,512.0,0.8587,0.26656821601,1.54,0.3467511048669113,1,0.49999999999999994,0.8660254037844387,0.13714481109100382,0.990252286640332,-4.4408920985006264e-17,0.3603875471609676
2024-01-11,29601.8,9189.354858140001,8.918,60.0,33.708000000000006,1395.0,39.900000000000006,4075.2,3.04,143.0,4.6,90.4,3.4,200.06,8.24,5676.47766,7.368,26.666000000000004,9.193999999999999,2.1079999999999997,0.288,17.32,0.122,509.077134,512.0,0.8587,0.26656821601,1.54,0.34668517089618656,1,0.49999999999999994,0.8660254037844387,0.15415841880472758,0.9877466640375049,0.2817623302598763,0.22469796037174666
2024-01-12,29694.8,9218.225062040001,10.93,75.0,41.30800000000001,1400.0,40.10000000000001,4069.0,3.8,142.4,4.3,87.84,3.3,192.72,8.120000000000001,5475.38208,7.348000000000001,27.212,9.306000000000001,2.082,0.29600000000000004,17.357999999999997,0.11800000000000002,511.873002,512.0,0.8587,0.26656821601,1.54,0.34711036999333345,1,0.49999999999999994,0.8660254037844387,0.17112640856215652,0.9849487513054734,0.35135187892997066,-0.08019377358048381
2024-01-13,29032.2,9012.53262006,11.324000000000002,75.0,42.908,1370.0,39.10000000000001,4008.8,3.8,139.9,4.3,86.0,3.2399999999999998,186.6,8.0,5185.66102,7.32,27.082,9.639999999999999,2.008,0.30400000000000005,17.114,0.13799999999999998,492.74867800000004,512.0,0.8587,0.26656821600999997,1.54,0.3473601016268641,1,0.49999999999999994,0.8660254037844387,0.18804375926213282,0.981859376391629,0.15636629649360598,-0.3246979603717467
2024-01-14,28996.8,9001.54331664,9.468,60.0,35.908,1370.0,39.10000000000001,3995.6,3.04,140.3,4.2,83.02,3.1799999999999997,179.95999999999998,7.779999999999999,4990.28896,7.322,26.832,9.91,1.9280000000000002,0.29600000000000004,16.632,0.138,477.93875800000006,512.0,0.8587,0.26656821601,1.54,0.34709049067174147,1,0.49999999999999994,0.8660254037844387,0.20490546478841024,0.9784794534917118,-0.15636629649360595,-0.32469796037174675
2024-01-15,29209.6,9067.60331008,9.576,60.0,36.4,1385.0,39.2,3969.8,3.04,143.2,4.3,77.22,3.04,171.08,7.640000000000001,4771.33334,7.312,26.8,10.478,1.8719999999999999,0.30400000000000005,16.74,0.136,484.95315600000004,512.0,0.8587,0.26656821601,1.54,0.3473622170265345,1,0.49999999999999994,0.8660254037844387,0.2217065354910448,0.9748099827792858,-0.35135187892997066,-0.08019377358048389
2024-01-16,29240.8,9077.28879784,9.67,60.0,36.8,1390.0,39.2,3943.6,3.04,147.4,4.5,72.02000000000001,3.04,165.28,7.540000000000001,4606.61144,7.3180000000000005,27.308000000000003,10.948,1.884,0.30600000000000005,16.814,0.168,486.710466,512.0,0.8587,0.26656821601,1.54,0.347570201867281,1,0.49999999999999994,0.8660254037844387,0.23844199966291243,0.9708520501097709,-0.2817623302598763,0.22469796037174664
2024-01-17,28982.6,8997.135177979999,11.584,60.0,44.2,1380.0,38.60000000000001,3975.6,3.04,153.6,5.0,76.48,3.2399999999999998,183.86,7.76,5099.81726,7.31,27.2,11.035999999999998,1.9280000000000002,0.29800000000000004,16.755999999999997,0.16799999999999998,480.73282600000005,512.0,0.8587,0.26656821601,1.54,0.34809535856599494,1,0.49999999999999994,0.8660254037844387,0.25510690501091693,0.9666068266991209,-4.4408920985006264e-17,0.3603875471609676
2024-01-18,29786.4,9246.66066072,9.222000000000001,60.0,35.2,1420.0,39.800000000000004,4043.0,3.04,157.3,5.0,74.1,3.4200000000000004,185.32,7.9,5275.10232,7.266,26.880000000000003,10.728,1.934,0.2740000000000001,16.464,0.13000000000000003,486.6845359999999,512.0,0.8587,0.26656821601,1.54,0.3476335690573941,1,0.49999999999999994,0.8660254037844387,0.27169632012145317,0.9620755687772423,0.2817623302598763,0.22469796037174666
2024-01-19,29626.0,9196.8673198,12.767999999999999,75.0,48.6,1410.0,39.60000000000001,4044.0,3.8,160.5,4.8,70.08000000000001,3.2599999999999993,182.28000000000003,7.7,5169.412480000001,7.223999999999999,26.810000000000002,10.41,1.9580000000000002,0.26400000000000007,16.458,0.12000000000000002,484.3224119999999,512.0,0.8587,0.26656821601,1.54,0.34822178365899886,1,0.49999999999999994,0.8660254037844387,0.2882053359196921,0.9572596172162549,0.35135187892997066,-0.08019377358048381
2024-01-20,29045.6,9016.692412879998,12.632,75.0,48.0016,1380.0,39.00000000000001,4063.2,3.8,155.3,4.5,68.42,3.2399999999999998,172.6,7.459999999999999,4808.47848,7.198,26.410000000000004,9.930000000000001,1.864,0.25200000000000006,16.014000000000003,0.11600000000000002,461.896488,512.0,0.8587,0.26656821600999997,1.54,0.34809827460347964,1,0.49999999999999994,0.8660254037844387,0.30462906712225435,0.952160397133707,0.15636629649360598,-0.3246979603717467
2024-01-21,29227.4,9073.129005019999,10.73,60.0,40.80159999999999,1385.0,39.300000000000004,4081.4,3.04,152.9,4.1,76.82000000000001,3.22,187.92000000000002,7.26,5314.85972,7.182,26.472,9.046,1.918,0.24000000000000005,16.72,0.094,487.287328,512.0,0.8587,0.26656821600999997,1.54,0.347537625338757,1,0.49999999999999994,0.8660254037844387,0.3209626536828448,0.9467794174708593,-0.15636629649360595,-0.32469796037174675
2024-01-22,29398.6,9126.27501478,8.678,60.0,32.901599999999995,1390.0,39.7,4070.4,3.04,148.3,3.8,77.06,3.12,180.78,7.159999999999999,5145.41828,7.184,26.394,8.599999999999998,1.8820000000000001,0.24800000000000005,16.887999999999998,0.094,495.076848,512.0,0.8587,0.26656821600999997,1.54,0.3469399748262091,1,0.49999999999999994,0.8660254037844387,0.33720126223041785,0.9411182705461659,-0.35135187892997066,-0.08019377358048389
2024-01-23,29131.8,9043.45167714,8.957999999999998,60.0,33.901599999999995,1375.0,39.300000000000004,4092.4,3.04,146.0,3.9,80.3,2.94,182.48,7.140000000000001,5148.851720000001,7.206,26.728,8.678,1.95,0.258,17.076,0.1,496.17003800000003,512.0,0.8587,0.26656821600999997,1.54,0.34687789300468896,1,0.49999999999999994,0.8660254037844387,0.35334008749945034,0.935178631584081,-0.2817623302598763,0.22469796037174664
2024-01-24,29190.4,9061.643009919999,7.234,60.0,27.401599999999995,1380.0,39.300000000000004,4090.8,3.04,141.8,4.4,90.36,3.06,198.42,7.6,5604.40926,7.233999999999999,27.232,8.032,1.986,0.25000000000000006,17.348000000000003,0.11000000000000001,504.649366,512.0,0.8587,0.26656821601,1.54,0.34664541033947777,1,0.49999999999999994,0.8660254037844387,0.3693743537518963,0.9289622582193328,-4.4408920985006264e-17,0.3603875471609676
2024-01-25,29260.8,9083.497443839999,9.053999999999998,60.0,34.3,1380.0,39.400000000000006,4062.8,3.04,142.8,4.7,97.64,3.28,214.6,7.9799999999999995,6053.07298,7.252,27.583999999999996,7.802,2.1700000000000004,0.25200000000000006,17.568,0.10200000000000001,512.092866,512.0,0.8587,0.26656821601,1.54,0.34682914210537974,1,0.49999999999999994,0.8660254037844387,0.3852993161904052,0.922470989976812,0.2817623302598763,0.22469796037174666
2024-01-26,28899.6,8971.36929708,9.053999999999998,60.0,34.3,1364.9768800000002,38.90145376,4058.2,3.04,143.0,5.0,97.64,3.44,211.78000000000003,8.32,5877.3989,7.261999999999999,27.178000000000004,7.963999999999999,2.214,0.24200000000000005,17.008000000000003,0.092,488.94446199999993,512.0,0.8587,0.26656821600999997,1.54,0.3469388125091185,1,0.49999999999999994,0.8660254037844387,0.40111026236238345,0.915706747727226,0.35135187892997066,-0.08019377358048381
2024-01-27,28371.0,8807.2747833,8.504000000000001,60.0,32.2,1339.9768800000002,38.20145376000001,4050.4,3.04,145.6,5.3,101.9,3.62,219.54000000000002,8.5,5979.19394,7.2639999999999985,27.694,7.897999999999999,2.3,0.22400000000000003,17.216,0.082,485.72726200000005,512.0,0.8587,0.26656821600999997,1.54,0.3468527378628138,1,0.49999999999999994,0.8660254037844387,0.416802513554485,0.9086715331186823,0.15636629649360598,-0.3246979603717467
2024-01-28,28640.2,8890.84315846,6.598000000000001,45.0,25.0,1354.9768800000002,38.601453760000005,4017.0,2.28,141.7,5.2,93.74,3.7,202.9,8.459999999999999,5523.2177,7.286,27.422000000000004,7.708,2.2380000000000004,0.22000000000000003,16.976,0.09,482.66276600000003,512.0,0.8587,0.26656821600999997,1.54,0.3465947945004925,1,0.49999999999999994,0.8660254037844387,0.4323714261771182,0.9013674279843699,-0.15636629649360595,-0.32469796037174675
2024-01-29,28641.0,8891.0915043,6.426,45.0,24.3,1354.9768800000002,38.601453760000005,4019.8,2.28,138.3,4.9,85.5,3.7,186.61999999999998,8.34,5056.204500000001,7.289999999999999,27.04,7.861999999999999,2.198,0.22600000000000003,16.991999999999997,0.1,482.84964199999996,512.0,0.8587,0.26656821600999997,1.54,0.34655526708564866,1,0.49999999999999994,0.8660254037844387,0.4478123931385583,0.8937965937265092,-0.35135187892997066,-0.08019377358048389
2024-01-30,29308.4,9098.274021319998,4.8180000000000005,45.0,18.2072,1389.9768800000002,39.501453760000004,4092.2,2.28,141.5,4.7,77.42,3.5200000000000005,170.78,7.92,4713.67394,7.287999999999999,26.703999999999997,7.798,2.1220000000000003,0.21400000000000002,16.694,0.10400000000000001,484.617064,512.0,0.8587,0.2665682160099999,1.54,0.34637520814059913,1,0.49999999999999994,0.8660254037844387,0.4631208452082601,0.8859612706767607,-0.2817623302598763,0.22469796037174664
2024-01-31,28958.2,8989.56062986,6.746,60.0,25.6072,1370.0,38.9,4069.2,3.04,144.5,4.3,70.66,3.34,159.16,7.5200000000000005,4331.94948,7.276000000000001,26.582,7.830000000000001,2.0060000000000002,0.23000000000000004,16.442,0.11200000000000002,471.51782999999995,512.0,0.8587,0.26656821600999997,1.54,0.3465854027764458,1,0.49999999999999994,0.8660254037844387,0.47829225236896666,0.8778637774332724,-4.4408920985006264e-17,0.3603875471609676
2024-02-01,29717.6,8832.3223942,7.086,60.0,26.9072,1405.0,39.9,4094.6,3.04,144.9,4.0,61.779999999999994,3.06,143.85999999999999,7.159999999999999,4048.31688,7.296000000000001,25.534000000000002,7.63,1.884,0.22600000000000003,15.91,0.13199999999999998,468.418502,512.0,0.8587,0.25561836929057513,1.54,0.33562038131878075,2,0.5732050807568877,0.792820323027551,0.49332212515721496,0.8695065101745717,0.2817623302598763,0.22469796037174666
2024-02-02,28934.2,8265.14846534,8.712,75.0,33.2072,1365.0,39.0,4143.4,3.8,149.0,3.7,64.91999999999999,2.88,158.79999999999998,6.88,4373.43714,7.286,25.464000000000002,8.2,1.846,0.23000000000000004,15.979999999999999,0.13399999999999998,458.14210599999996,512.0,0.8587,0.24512965294726913,1.54,0.32534227747720385,2,0.6464101615137754,0.7196152422706632,0.5082060159918395,0.8608919419504957,0.35135187892997066,-0.08019377358048381
2024-02-03,24115.2,6854.028906739999,7.062,60.0,27.0072,1130.0,32.4950424,4143.4,3.04,155.0,3.8,64.34,2.74,161.88000000000002,6.6,3740.4962399999995,7.314,25.168,8.908,1.8579999999999999,0.25000000000000006,15.654000000000002,0.152,375.52654599999994,512.0,0.8587,0.2602623358096513,1.54,0.33819148089574325,2,0.719615242270663,0.6464101615137755,0.5229395204900834,0.852022621950377,0.15636629649360598,-0.3246979603717467
2024-02-04,23327.0,6297.455523639999,5.218000000000001,45.0,20.0,1095.0,31.4950424,4118.2,2.28,154.6,4.1,65.7,2.76,168.3,6.92,3804.3269999999998,7.328,25.052,9.262,1.7559999999999998,0.26400000000000007,15.666,0.358,358.233116,512.0,0.8587,0.2504243129536513,1.54,0.32814783015142834,2,0.7928203230275508,0.5732050807568878,0.5375182787709264,0.8429011747486974,-0.15636629649360595,-0.32469796037174675
2024-02-05,24005.8,6137.08905634,3.2900000000000005,30.0,12.6,1130.0,32.4950424,4151.2,1.52,151.6,4.6,62.82000000000001,2.8,159.95999999999998,6.959999999999999,3656.57154,7.343999999999999,24.663999999999998,10.123999999999999,1.738,0.262,15.556000000000001,0.796,352.21002,512.0,0.8587,0.24002745855389604,1.54,0.3175094549727223,2,0.8660254037844386,0.5000000000000001,0.5519379767452437,0.8335302995284337,-0.35135187892997066,-0.08019377358048389
2024-02-06,23770.0,6117.29917796,1.6260000000000001,15.0,6.3,1120.0,32.1950424,4089.2,0.76,149.6,4.8,60.92,2.9,154.71999999999997,6.9799999999999995,3463.3904200000006,7.3180000000000005,24.37,11.4,1.716,0.27999999999999997,15.468,1.42,327.438004,512.0,0.8587,0.2411392824173209,1.54,0.31836717242917595,2,0.8660254037844386,0.5000000000000001,0.5661943473924136,0.8239127692823265,-0.2817623302598763,0.22469796037174664
2024-02-07,24302.2,6272.1234702599995,0.0,0.0,0.0,1145.0,32.6950424,3883.6,0.0,147.7,5.3,63.35999999999999,2.94,152.1,6.9799999999999995,3480.8057999999996,7.3,24.413999999999998,12.056000000000001,1.704,0.284,15.334,2.008,314.753906,512.0,0.8587,0.24178997590462692,1.54,0.31863564179006276,2,0.8660254037844386,0.5000000000000001,0.5802831720229993,0.814051429992307,-4.4408920985006264e-17,0.3603875471609676
2024-02-08,29415.6,7426.551369819999,3.198,15.0,12.2,1395.0,39.6,3822.2,0.76,143.5,5.3,65.44,3.0599999999999996,151.44,7.08,4232.395579999999,7.266,24.828,12.565999999999999,1.702,0.25400000000000006,15.4,2.116,390.587934,512.0,0.8587,0.21681927018624475,1.54,0.29628989274285267,2,0.8660254037844386,0.5000000000000001,0.5942002815271247,0.8039491997873244,0.2817623302598763,0.22469796037174666
2024-02-09,30528.8,7688.26231348,3.198,15.0,12.2,1445.0,41.0,3781.4,0.76,140.9,5.4,68.34,3.0,152.92,6.82,4467.783079999999,7.246,25.176,12.786,1.764,0.24600000000000005,15.575999999999999,1.9099999999999997,418.998696,512.0,0.8587,0.21629305360370205,1.54,0.2956024078547726,2,0.8660254037844386,0.5000000000000001,0.6079415576081828,0.7936090680798259,0.35135187892997066,-0.08019377358048381
2024-02-10,30804.8,7758.06231348,3.198,15.0,12.2,1455.0,41.4,3749.0,0.76,141.7,5.1,72.62,2.94,160.57999999999998,6.7,4749.7575,7.232000000000001,24.851999999999997,11.85,1.762,0.24400000000000005,15.508000000000001,1.468,434.601422,512.0,0.8587,0.21631528631321223,1.54,0.295471435496297,2,0.8660254037844386,0.5000000000000001,0.6215029340015058,0.7830340946811406,0.15636629649360598,-0.3246979603717467
2024-02-11,30741.6,7742.063366200001,3.198,15.0,12.2,1455.0,41.2,3792.2,0.76,141.6,4.9,75.74,2.84,163.88000000000002,6.42,4846.404079999999,7.236,25.02,10.616000000000001,1.768,0.22800000000000004,15.526000000000002,0.834,452.961618,512.0,0.8587,0.21631528631321223,1.54,0.295630493372977,2,0.8660254037844386,0.5000000000000001,0.6348803976776368,0.7722274088960318,-0.15636629649360595,-0.32469796037174675
2024-02-12,31408.0,7890.8390739,5.151999999999999,30.0,19.6,1485.0,42.2,3952.6,1.52,145.8,4.7,77.54,2.84,166.38,6.32,5039.7714,7.246,24.798,9.36,1.8539999999999999,0.22200000000000003,15.386000000000001,0.236,475.95116399999995,512.0,0.8587,0.21578919021606668,1.54,0.295390348685684,2,0.8660254037844386,0.5000000000000001,0.6480699900298518,0.7611922085966863,-0.35135187892997066,-0.08019377358048389
2024-02-13,31419.0,7893.6237008,3.842,30.0,14.6,1485.0,42.2,4038.0,1.52,149.0,4.9,79.88,2.84,169.56,6.3,5138.794499999999,7.246,24.362000000000002,8.368,1.886,0.23600000000000004,15.368,0.09,480.01067,512.0,0.8587,0.21578919021606668,1.54,0.29510757611503635,2,0.8660254037844386,0.5000000000000001,0.6610678080455732,0.7499317592764122,-0.2817623302598763,0.22469796037174664
2024-02-14,31003.2,7808.4581026,5.601999999999999,45.0,21.2,1465.0,41.8,4036.6,2.28,153.6,4.8,78.62,2.78,167.51999999999998,6.26,5007.14588,7.254,24.23,8.044,1.812,0.25400000000000006,14.941999999999998,0.09,460.200566,512.0,0.8587,0.21631540679860942,1.54,0.2959543120233662,2,0.8660254037844386,0.5000000000000001,0.6738700054613357,0.7384493930833262,-4.4408920985006264e-17,0.3603875471609676
2024-02-15,30639.4,7736.3777144,7.458,60.0,28.2,1455.0,41.4,4045.2,3.04,154.2,4.7,76.4,2.7600000000000002,163.88,6.24,4840.414419999999,7.2459999999999996,24.582,8.278,1.7879999999999998,0.27,14.964000000000002,0.09,455.408186,512.0,0.8587,0.21685200563285445,1.54,0.29722952950994574,2,0.8660254037844386,0.5000000000000001,0.6864727939009563,0.7267485078343185,0.2817623302598763,0.22469796037174666
2024-02-16,30766.4,7768.527497699999,7.458,60.0,28.2,1460.0,41.6,4068.6,3.04,155.5,4.7,79.44,2.7399999999999998,170.78000000000003,6.34,5063.140719999999,7.2379999999999995,25.232000000000003,8.306,1.884,0.29000000000000004,15.116000000000003,0.098,461.660158,512.0,0.8587,0.21685200563285445,1.54,0.29717357660643023,2,0.8660254037844386,0.5000000000000001,0.6988724439965763,0.7148325660095837,0.35135187892997066,-0.08019377358048381
2024-02-17,28645.0,7251.421595499999,9.394,60.0,35.6,1365.0,38.6,4068.8,3.04,150.9,4.8,83.56000000000002,2.72,179.88,6.6,4882.8223,7.225999999999999,25.677999999999997,8.292,1.8399999999999999,0.288,15.062000000000001,0.10200000000000001,429.75636199999997,512.0,0.8587,0.21737810173,1.54,0.29871263075927634,2,0.8660254037844386,0.5000000000000001,0.7110652864922413,0.7027050937280164,0.15636629649360598,-0.3246979603717467
2024-02-18,28480.0,7209.652192,7.506,45.0,28.4,1355.0,38.4,4083.0,2.28,152.9,4.9,86.96000000000001,2.62,190.9,6.6,5182.13604,7.248,26.412,7.9319999999999995,1.8880000000000003,0.29600000000000004,15.319999999999999,0.122,434.24486800000005,512.0,0.8587,0.21737810173,1.54,0.29823241812997914,2,0.8660254037844386,0.5000000000000001,0.723047713329693,0.690369679703777,-0.15636629649360595,-0.32469796037174675
2024-02-19,28213.0,7142.061702699999,5.7459999999999996,30.0,21.8,1345.0,37.9007,4100.2,1.52,150.9,5.2,88.72,2.7600000000000002,197.0,7.06,5305.3847399999995,7.279999999999999,26.445999999999998,7.331999999999999,1.972,0.29200000000000004,15.530000000000001,0.12200000000000003,436.66226800000004,512.0,0.8587,0.21737810173,1.54,0.298038354787108,2,0.8660254037844386,0.5000000000000001,0.7348161787160511,0.6778299741843332,-0.35135187892997066,-0.08019377358048389
2024-02-20,28083.4,7109.253734859999,5.832,30.0,22.2,1335.0,37.7007,4092.0,1.52,152.5,5.3,88.72,2.84,199.42,7.220000000000001,5354.1026999999995,7.314,26.276,6.9159999999999995,2.024,0.274,15.464000000000002,0.10800000000000001,433.166788,512.0,0.8587,0.21737810172999997,1.54,0.2978586714971386,2,0.8660254037844386,0.5000000000000001,0.7463672001730717,0.6650896878702927,-0.2817623302598763,0.22469796037174664
2024-02-21,27894.8,7061.5100409199995,9.51,45.0,36.2,1325.0621999999998,37.5007,4102.0,2.28,152.1,5.3,85.8,2.9400000000000004,193.94,7.3,5158.1334799999995,7.398000000000001,25.82,7.0,1.964,0.268,15.336000000000002,0.1,426.67116000000004,512.0,0.8587,0.21737810173,1.54,0.2985504381414004,2,0.8660254037844386,0.5000000000000001,0.7576973595676675,0.6521525908173472,-4.4408920985006264e-17,0.3603875471609676
2024-02-22,29272.2,7410.19595838,7.348000000000001,45.0,28.0,1390.0621999999998,39.5007,4120.2,2.28,153.9,5.2,75.53999999999999,2.94,172.4,7.06,4848.47408,7.518000000000001,25.014,7.587999999999999,1.9240000000000002,0.28200000000000003,15.346,0.096,446.56452800000005,512.0,0.8587,0.21737810173,1.54,0.29781555429220136,2,0.8660254037844386,0.5000000000000001,0.7688033041233889,0.6390225113206526,0.2817623302598763,0.22469796037174666
2024-02-23,29111.6,7369.54040564,10.99,60.0,41.8,1385.0621999999998,39.3007,4079.8,3.04,151.7,4.9,66.78,2.96,154.24,6.860000000000001,4295.92516,7.517999999999999,24.136000000000003,8.693999999999999,1.8079999999999998,0.29400000000000004,14.780000000000001,0.09,427.749468,512.0,0.8587,0.21737810173,1.54,0.29869992564779707,2,0.8660254037844386,0.5000000000000001,0.7796817474125642,0.6257033347819745,0.35135187892997066,-0.08019377358048381
2024-02-24,28976.0,7335.213550399999,12.958000000000002,75.0,49.2,1375.0621999999998,39.2,4075.0,3.8,150.9,4.3,64.46000000000001,2.9,146.07999999999998,6.42,4049.0135599999994,7.504,24.596,9.792,1.85,0.304,15.530000000000001,0.09,447.224658,512.0,0.8587,0.21737810172999997,1.54,0.2989016176839874,2,0.8660254037844386,0.5000000000000001,0.7903294703288073,0.6121990025599359,0.15636629649360598,-0.3246979603717467
2024-02-25,28724.6,7271.57216834,12.752,75.0,48.3968,1365.0621999999998,38.8,4097.2,3.8,150.1,4.4,71.67999999999999,2.9,160.50000000000003,6.34,4421.4998000000005,7.514,25.04,10.546000000000001,1.904,0.322,15.85,0.1,452.26591799999994,512.0,0.8587,0.21737810173,1.54,0.2989809437853177,2,0.8660254037844386,0.5000000000000001,0.8007433220396015,0.5985135108037047,-0.15636629649360595,-0.32469796037174675
2024-02-26,28468.2,7206.665046780001,11.028,75.0,41.7968,1350.0,38.4,4062.0,3.8,151.1,4.6,77.02000000000001,2.84,171.7,6.44,4689.363340000001,7.442,25.55,10.768,1.8559999999999999,0.31000000000000005,16.004,0.10400000000000001,452.48243599999995,512.0,0.8587,0.21737810172999997,1.54,0.29847588628924504,2,0.8660254037844386,0.5000000000000001,0.810920220918683,0.5846509092704706,-0.35135187892997066,-0.08019377358048389
2024-02-27,28197.8,7138.21385462,12.998,75.0,49.196799999999996,1335.0,38.0,4080.8,3.8,154.0,4.6,85.38000000000001,2.88,188.0,6.44,5105.89124,7.324,26.948,10.354,1.89,0.30400000000000005,16.574,0.10800000000000001,464.17121799999995,512.0,0.8587,0.21737810172999997,1.54,0.2987833531867863,2,0.8660254037844386,0.5000000000000001,0.8208571554579427,0.5706153001270544,-0.2817623302598763,0.22469796037174664
2024-02-28,28168.4,7130.7713063599995,13.038,75.0,49.388400000000004,1330.0,37.9,4114.0,3.8,154.2,4.9,92.34,3.0,199.35999999999999,6.840000000000001,5416.23416,7.302,27.845999999999997,9.644,1.938,0.29000000000000004,17.22,0.10400000000000001,482.392858,512.0,0.8587,0.21737810172999997,1.54,0.2985909869817954,2,0.8660254037844386,0.5000000000000001,0.8305511851585807,0.5564108367360132,-4.4408920985006264e-17,0.3603875471609676
2024-02-29,28318.4,7168.743491359999,14.517999999999997,75.0,55.09079999999999,1340.0,38.0,4163.6,3.8,154.6,5.2,98.97999999999999,2.96,211.06,6.959999999999999,5779.5054199999995,7.286,27.814,8.846,1.8399999999999999,0.28600000000000003,16.818,0.10800000000000001,473.264876,512.0,0.8587,0.21737810172999997,1.54,0.2990357375634205,2,0.8660254037844386,0.5000000000000001,0.8399994414012466,0.5420417224265924,0.2817623302598763,0.22469796037174666
2024-03-01,28499.2,7490.05281228,14.462,75.0,54.894000000000005,1345.0,38.2,4137.2,3.8,154.8,5.1,90.47999999999999,3.04,191.66,7.2,5246.23138,7.266,27.596000000000004,8.034,1.706,0.29400000000000004,16.636000000000003,0.10800000000000001,470.913958,512.0,0.8587,0.22547856231000002,1.54,0.3069115679161496,3,0.8928203230275509,0.4000000000000001,0.8491991282949105,0.5275122092508928,0.35135187892997066,-0.08019377358048381
2024-03-02,28687.4,7808.188558659999,14.312000000000001,75.0,54.294000000000004,1355.0,38.6,4167.2,3.8,151.0,4.9,87.82,3.1,186.4,7.18,5135.765099999999,7.276000000000001,27.346000000000004,7.4799999999999995,1.7380000000000002,0.304,16.956,0.10800000000000001,483.12530399999997,512.0,0.8587,0.23357902289000002,1.54,0.31504066369815426,3,0.9196152422706632,0.30000000000000016,0.8581475235042115,0.5128265967256206,0.15636629649360598,-0.3246979603717467
2024-03-03,29563.2,8330.104011079999,10.614,75.0,40.294,1395.0,39.8,4174.8,3.8,147.5,4.9,81.91999999999999,3.08,175.28,7.42,4945.46336,7.303999999999999,26.564,7.0840000000000005,1.73,0.306,16.696,0.10400000000000001,489.91075,512.0,0.8587,0.24167948347,1.54,0.3222808977919994,3,0.9464101615137753,0.2000000000000001,0.8668419790550417,0.49798923055979055,-0.15636629649360595,-0.32469796037174675
2024-03-04,29960.2,8719.70913718,8.889999999999999,75.0,33.7024,1415.0,40.3,4167.4,3.8,149.0,4.8,85.1,3.2,181.06,7.4799999999999995,5193.7328,7.302000000000001,27.146000000000004,6.837999999999999,1.7899999999999998,0.31600000000000006,17.216,0.094,512.96221,512.0,0.8587,0.24977994405,1.54,0.33006858535389244,3,0.9732050807568877,0.10000000000000006,0.8752799221181231,0.48300450136876155,-0.35135187892997066,-0.08019377358048389
2024-03-05,29939.8,8991.36804302,8.966,75.0,33.991200000000006,1415.0,40.2,4146.2,3.8,148.0,4.5,84.08000000000001,3.2,179.76,7.4399999999999995,5152.5475400000005,7.312,27.5,6.636,1.8399999999999999,0.30400000000000005,17.474,0.09,520.307472,512.0,0.8587,0.25788040463,1.54,0.3382364132415782,3,1.0,6.123233995736766e-17,0.8834588557703498,0.46787684337498237,-0.2817623302598763,0.22469796037174664
2024-03-06,30266.4,9089.45088936,11.272,75.0,42.7912,1435.0,40.6,4205.4,3.8,143.7,4.5,84.16,3.12,178.82,7.3,5168.764260000001,7.324000000000001,27.214,6.756,1.908,0.28800000000000003,17.446,0.094,524.379562,512.0,0.8587,0.25788040463,1.54,0.3388991491646256,3,1.0,6.123233995736766e-17,0.8913763597336679,0.45261073309583394,-4.4408920985006264e-17,0.3603875471609676
2024-03-07,31058.0,9327.180164200001,14.680000000000001,75.0,55.7968,1475.0,41.6,4186.2,3.8,144.5,4.5,80.02000000000001,3.0200000000000005,169.08,7.18,5001.448740000001,7.3100000000000005,27.360000000000003,6.886,1.9200000000000004,0.292,17.186,0.08,530.3871579999999,512.0,0.8587,0.25788040463,1.54,0.3396006646355877,3,1.0,6.123233995736766e-17,0.8990300910912741,0.437210688018956,0.2817623302598763,0.22469796037174666
2024-03-08,30708.2,9222.13001218,18.413999999999998,75.0,69.9968,1460.0,41.0,4182.8,3.8,142.7,4.2,79.82000000000001,3.02,166.92,6.9399999999999995,4895.18748,7.303999999999999,27.298000000000002,6.878,1.9120000000000001,0.2880000000000001,17.156,0.08399999999999999,523.848262,512.0,0.8587,0.25788040463,1.54,0.3404015559593146,3,1.0,6.123233995736766e-17,0.906417784980923,0.4216812652654497,0.35135187892997066,-0.08019377358048381
2024-03-09,30480.4,9153.71827796,18.270000000000003,75.0,69.49,1450.0,40.7,4170.6,3.8,139.4,4.0,75.25999999999999,2.8200000000000003,158.5,6.540000000000001,4610.1486,7.322,26.304000000000002,6.787999999999999,1.848,0.2800000000000001,16.496000000000002,0.098,499.44943,512.0,0.8587,0.25788040463,1.54,0.34043240776884026,3,1.0,6.123233995736766e-17,0.9135372552651363,0.406027060241352,0.15636629649360598,-0.3246979603717467
2024-03-10,31025.6,9317.449961440001,16.454,75.0,62.58919999999999,1475.0,41.6,4189.2,3.8,139.2,4.1,73.8,2.82,156.92000000000002,6.58,4667.2881,7.314,25.936,6.578,1.8240000000000003,0.2800000000000001,16.14,0.098,497.91663,512.0,0.8587,0.25788040463,1.54,0.3399984663483383,3,1.0,6.123233995736766e-17,0.9203863951781155,0.3902527052777818,-0.15636629649360595,-0.32469796037174675
2024-03-11,31329.4,9408.68562806,16.15,75.0,61.3808,1490.0,42.1,4152.4,3.8,140.6,4.3,79.41999999999999,2.82,169.96,6.58,5126.0961,7.292,26.340000000000003,6.164,1.864,0.28200000000000003,16.28,0.098,507.104424,512.0,0.8587,0.25788040463,1.54,0.33993336778631644,3,1.0,6.123233995736766e-17,0.9269631779491683,0.37436286826015747,-0.35135187892997066,-0.08019377358048389
2024-03-12,30894.4,9278.04864656,14.122,75.0,53.674400000000006,1470.0,41.5,4175.4,3.8,137.8,4.5,86.0,2.9,182.88,6.540000000000001,5461.1803199999995,7.31,26.958000000000006,6.15,1.904,0.28200000000000003,16.47,0.10800000000000001,505.409184,512.0,0.8587,0.25788040463,1.54,0.33964501739291436,3,1.0,6.123233995736766e-17,0.9332656574024624,0.35836225124689564,-0.2817623302598763,0.22469796037174664
2024-03-13,31093.6,9337.871374639999,14.030000000000001,75.0,53.2744,1480.0,41.9,4157.4,3.8,142.4,4.6,85.6,2.9,182.82000000000002,6.68,5480.6828399999995,7.3,26.889999999999997,6.208,1.888,0.28600000000000003,16.412,0.10800000000000001,506.71458599999994,512.0,0.8587,0.25788040462999995,1.54,0.3396376848954111,3,1.0,6.123233995736766e-17,0.9392919685329304,0.3422555890779956,-4.4408920985006264e-17,0.3603875471609676
2024-03-14,31250.0,9384.840625,15.884,75.0,60.3812,1485.0,42.0,4157.8,3.8,143.2,4.9,90.2,3.04,189.68,7.1,5702.69816,7.290000000000001,27.752,6.186,1.972,0.28600000000000003,16.592000000000002,0.10800000000000001,514.7364379999999,512.0,0.8587,0.25788040462999995,1.54,0.3398548563195545,3,1.0,6.123233995736766e-17,0.9450403280581551,0.32604764797392444,0.2817623302598763,0.22469796037174666
2024-03-15,30994.2,9308.020073579999,17.857999999999997,75.0,67.88239999999999,1470.0,41.5,4076.6,3.8,141.0,5.4,84.4,3.2399999999999998,178.0,7.44,5283.46472,7.294,27.526,6.374,1.9400000000000002,0.29400000000000004,16.442,0.10400000000000001,506.058476,512.0,0.8587,0.25788040463,1.54,0.3400862715117853,3,1.0,6.123233995736766e-17,0.9505090349460703,0.30974322412521554,0.35135187892997066,-0.08019377358048381
2024-03-16,30116.2,9044.34359138,15.39,75.0,58.49079999999999,1425.0,40.4,4064.8,3.8,140.3,5.3,82.7,3.22,173.5,7.58,4990.02008,7.284000000000001,27.218,6.69,1.8720000000000003,0.292,16.222,0.1,485.9424,512.0,0.8587,0.25788040463,1.54,0.3395073604512627,3,1.0,6.123233995736766e-17,0.9556964709183251,0.2933471422731988,0.15636629649360598,-0.3246979603717467
2024-03-17,30086.4,9035.394207360001,14.080000000000002,75.0,53.49159999999999,1425.0,40.3,4069.2,3.8,147.5,5.0,83.46,3.2399999999999998,175.28,7.74,5033.10242,7.281999999999999,26.524,6.83,1.798,0.2840000000000001,16.176,0.09,484.332792,512.0,0.8587,0.25788040463,1.54,0.3393292189809087,3,1.0,6.123233995736766e-17,0.9606011009291576,0.2768642542822817,-0.15636629649360595,-0.32469796037174675
2024-03-18,30379.0,9123.266347100001,14.14,75.0,53.691599999999994,1440.0,40.7,4066.0,3.8,147.0,5.1,82.42,3.34,172.60000000000002,7.959999999999999,4976.23588,7.287999999999999,26.842000000000002,7.12,1.798,0.2800000000000001,16.084,0.094,485.68923400000006,512.0,0.8587,0.25788040463,1.54,0.33936339231672724,3,1.0,6.123233995736766e-17,0.9652214736196394,0.26029943770420483,-0.35135187892997066,-0.08019377358048389
2024-03-19,30641.4,9202.06897686,14.436000000000002,75.0,54.691599999999994,1455.0,41.3,4096.6,3.8,145.8,4.9,81.53999999999999,3.06,171.44,7.88,4995.76652,7.284000000000001,26.258000000000003,7.258,1.746,0.28800000000000003,15.882,0.08,484.29544999999996,512.0,0.8587,0.25788040463,1.54,0.3395307234565106,3,1.0,6.123233995736766e-17,0.9695562217471568,0.24365759433469608,-0.2817623302598763,0.22469796037174664
2024-03-20,30332.4,9109.27167276,12.698,75.0,48.1,1440.0,40.9,4139.0,3.8,148.2,4.8,87.02,3.04,182.08,7.88,5266.1975,7.264,26.53,7.17,1.798,0.28,15.941999999999998,0.084,481.10670200000004,512.0,0.8587,0.25788040463,1.54,0.3391963169840332,3,1.0,6.123233995736766e-17,0.9736040625899998,0.22694364876294998,-4.4408920985006264e-17,0.3603875471609676
2024-03-21,31005.4,9311.383600459998,15.358,75.0,58.3,1470.0,41.7,4153.4,3.8,147.3,5.0,83.98,3.06,177.9,7.88,5245.046620000001,7.292,26.772000000000002,6.976000000000001,1.828,0.272,16.102,0.084,496.181812,512.0,0.8587,0.25788040463,1.54,0.3395677161675141,3,1.0,6.123233995736766e-17,0.9773637983269392,0.2101625469143627,0.2817623302598763,0.22469796037174666
2024-03-22,31192.8,9367.66261272,18.75,75.0,71.2,1475.0,42.0,4145.6,3.8,142.9,5.1,75.68,3.12,162.12,8.059999999999999,4785.730420000001,7.2780000000000005,26.768,6.756,1.8700000000000003,0.28200000000000003,15.728,0.09,487.53574,512.0,0.8587,0.25788040463,1.54,0.339989480701443,3,1.0,6.123233995736766e-17,0.9808343163916821,0.19331925458695323,0.35135187892997066,-0.08019377358048381
2024-03-23,30136.2,9050.34988938,18.638,75.0,70.8,1425.0,40.6,4120.0,3.8,145.4,4.9,84.4,3.08,184.2,7.9,5271.7629,7.279999999999999,27.378000000000004,6.2,1.966,0.28200000000000003,16.218,0.09,485.21935199999996,512.0,0.8587,0.25788040463,1.54,0.3401170978608561,3,1.0,6.123233995736766e-17,0.9840145898020978,0.1764187559819037,0.15636629649360598,-0.3246979603717467
2024-03-24,29707.4,8921.574860260002,17.976,75.0,68.4,1405.0,39.8,4096.6,3.8,149.9,4.7,83.61999999999999,3.2399999999999998,183.5,7.76,5169.89234,7.292,26.660000000000004,5.916,1.9260000000000002,0.27,15.790000000000001,0.1,465.288716,512.0,0.8587,0.25788040463,1.54,0.3400532261600878,3,1.0,6.123233995736766e-17,0.9869036774641188,0.1594660522286543,-0.15636629649360595,-0.32469796037174675
2024-03-25,30589.0,9186.3324761,21.48,75.0,81.7024,1445.0,41.1,4125.6,3.8,150.1,4.2,77.32000000000001,3.08,169.8,7.4,4884.1188,7.308,26.144,5.564,1.8240000000000003,0.254,15.425999999999998,0.10800000000000001,466.786496,512.0,0.8587,0.25788040463,1.54,0.34054678238337016,3,1.0,6.123233995736766e-17,0.9895007244502247,0.14246615990498832,-0.35135187892997066,-0.08019377358048389
2024-03-26,30496.0,9158.4031904,22.932,75.0,87.1024,1445.0,41.1,4135.4,3.8,150.0,3.9,80.53999999999999,3.0200000000000005,175.68,7.2,5058.58058,7.294,26.310000000000002,5.45,1.7879999999999998,0.246,15.484,0.11200000000000002,466.98877999999996,512.0,0.8587,0.25788040463,1.54,0.34106289211294916,3,1.0,6.123233995736766e-17,0.9918049622524301,0.12542410955254638,-0.2817623302598763,0.22469796037174664
2024-03-27,30029.2,9018.21619508,23.491999999999997,75.0,89.3024,1425.0,40.5,4107.4,3.8,153.3,3.7,90.16,2.88,195.54000000000002,6.8,5583.540080000001,7.302,26.75,5.1,1.7600000000000002,0.22800000000000004,15.963999999999999,0.11200000000000002,473.7146839999999,512.0,0.8587,0.25788040463,1.54,0.3413751983276631,3,1.0,6.123233995736766e-17,0.9938157090096974,0.10834494418820795,-4.4408920985006264e-17,0.3603875471609676
2024-03-28,30522.4,9166.33150376,25.848000000000003,75.0,98.2972,1445.0,41.1,4173.2,3.8,149.3,3.6,87.48,2.82,188.45999999999998,6.6,5489.95848,7.287999999999999,26.028000000000002,4.804,1.738,0.21200000000000002,15.722000000000003,0.098,475.461704,512.0,0.8587,0.25788040463,1.54,0.34158171292329687,3,1.0,6.123233995736766e-17,0.9955323697097114,0.09123371781178172,0.2817623302598763,0.22469796037174666
2024-03-29,30380.2,9123.626724979998,26.166000000000004,75.0,99.49719999999999,1440.0,40.9,4152.8,3.8,144.0,3.6,85.32000000000001,2.7199999999999998,186.48,6.2,5416.62436,7.256,26.182,4.617999999999999,1.7419999999999998,0.20400000000000001,16.214,0.098,487.585988,512.0,0.8587,0.25788040463,1.54,0.34176075226351915,3,1.0,6.123233995736766e-17,0.9969544363649527,0.07409549391044556,0.35135187892997066,-0.08019377358048381
2024-03-30,28798.6,8648.648679139998,22.556,75.0,85.7948,1370.0,38.7,4153.6,3.8,145.8,3.6,90.97999999999999,2.7,199.8,6.04,5576.43248,7.266,26.137999999999998,4.764,1.832,0.21600000000000003,16.518,0.09,473.41338800000005,512.0,0.8587,0.25788040463,1.54,0.3414812430256504,3,1.0,6.123233995736766e-17,0.998081488163019,0.05693534396037945,0.15636629649360598,-0.3246979603717467
2024-03-31,28607.8,8591.348596220001,18.93,75.0,71.9948,1360.0,38.4,4156.6,3.8,147.0,3.7,95.1,2.6,206.88000000000002,5.76,5763.67044,7.252000000000001,25.845999999999997,4.901999999999999,1.9299999999999997,0.23200000000000004,16.580000000000002,0.076,472.630464,512.0,0.8587,0.25788040463,1.54,0.3407531333213989,3,1.0,6.123233995736766e-17,0.9989131915911509,0.03975834592603385,-0.15636629649360595,-0.32469796037174675
2024-04-01,29927.6,9092.37915884,18.631999999999998,75.0,70.8012,1420.0,40.2,4165.8,3.8,149.3,3.7,91.24,2.46,199.06,5.540000000000001,5799.32814,7.236,25.49,4.962,1.97,0.22800000000000004,16.324,0.08,486.78472,512.0,0.8587,0.26041164614199996,1.54,0.34288734450306974,4,0.9732050807568877,-0.09999999999999991,0.9994493005349231,0.022569582757478453,-0.35135187892997066,-0.08019377358048389
2024-04-02,31253.8,9597.8019597,18.5,75.0,70.2996,1485.0,41.9,4084.6,3.8,152.2,3.9,87.94,2.46,194.6,5.6,5887.54366,7.238000000000001,25.804000000000002,5.199999999999999,1.904,0.21600000000000003,16.2,0.094,503.173564,512.0,0.8587,0.262942887654,1.54,0.3452925829204874,4,0.9464101615137753,-0.19999999999999987,0.9996896563510738,0.0053741408862754535,-0.2817623302598763,0.22469796037174664
2024-04-03,32651.6,10122.923278279999,20.744,75.0,78.6996,1550.0,44.0,4090.0,3.8,157.0,4.4,85.74,2.72,193.14000000000001,6.279999999999999,6074.41414,7.248,26.145999999999997,5.434,1.8880000000000003,0.22000000000000003,16.024,0.098,520.028432,512.0,0.8587,0.265474129166,1.54,0.34796757855751265,4,0.9196152422706632,-0.2999999999999999,0.9996341879144502,-0.011822891279677361,-4.4408920985006264e-17,0.3603875471609676
2024-04-04,34735.8,10855.45417654,20.838,75.0,79.0996,1645.0,46.7,4043.6,3.8,155.0,5.0,82.53999999999999,2.94,190.1,6.82,6332.17706,7.2379999999999995,26.468,5.564,1.8519999999999999,0.22400000000000003,15.959999999999999,0.098,550.2272,512.0,0.8587,0.268005370678,1.54,0.35020491254610847,4,0.8928203230275509,-0.3999999999999998,0.9992829116390552,-0.029016424861888535,0.2817623302598763,0.22469796037174666
2024-04-05,36055.4,11359.38717498,21.041999999999998,75.0,79.89959999999999,1710.0,48.4,4070.4,3.8,153.4,5.2,75.92,3.18,178.04000000000002,7.459999999999999,6144.89276,7.248,26.244,5.336,1.7600000000000002,0.19200000000000003,15.604,0.098,558.8693000000001,512.0,0.8587,0.27053661219,1.54,0.3528019841006227,4,0.8660254037844387,-0.4999999999999998,0.9986359314731901,-0.04620137201715365,0.35135187892997066,-0.08019377358048381
2024-04-06,35478.0,11177.475168599998,19.419999999999998,75.0,73.6932,1685.0,47.6,4114.0,3.8,147.0,5.5,74.44,3.5,174.8,8.120000000000001,5905.936159999999,7.2540000000000004,26.338,5.566,1.754,0.18800000000000003,15.534,0.098,547.1047820000001,512.0,0.8587,0.27053661219,1.54,0.35269975657636,4,0.8660254037844387,-0.4999999999999998,0.9976934388686948,-0.06337264744313033,0.15636629649360598,-0.3246979603717467
2024-04-07,34889.2,10991.97155004,16.978,75.0,64.4,1655.0,46.9,4139.8,3.8,146.0,5.9,75.54,3.6,172.32,8.3,5718.28088,7.279999999999999,26.268,5.872,1.828,0.21000000000000002,15.544,0.098,538.341862,512.0,0.8587,0.27053661219,1.54,0.3522579138562907,4,0.8660254037844387,-0.4999999999999998,0.9964557127242945,-0.08052516988316069,-0.15636629649360595,-0.32469796037174675
2024-04-08,34354.0,10823.3548098,14.807999999999998,75.0,56.2,1630.0,46.2,4035.8,3.8,140.4,5.6,81.76,3.5200000000000005,180.74,8.16,5906.16944,7.308000000000002,26.136000000000003,5.95,1.9280000000000002,0.21400000000000002,15.291999999999998,0.098,521.57599,512.0,0.8587,0.27053661219,1.54,0.3519771179449961,4,0.8660254037844387,-0.4999999999999998,0.9949231193030679,-0.09765386362989724,-0.35135187892997066,-0.08019377358048389
2024-04-09,33309.6,10494.31272552,16.276,75.0,61.8,1580.0,44.8,4048.0,3.8,137.2,5.2,85.0,3.3199999999999994,184.48000000000002,7.860000000000001,5855.83652,7.33,26.176,5.970000000000001,2.09,0.21400000000000002,15.264000000000001,0.098,504.75106999999997,512.0,0.8587,0.27053661219,1.54,0.35226064257916234,4,0.8660254037844387,-0.4999999999999998,0.993096112124066,-0.11475366002728613,-0.2817623302598763,0.22469796037174664
2024-04-10,31846.0,10033.200130199999,17.901999999999997,75.0,68.0,1510.0,42.8,4015.6,3.8,138.6,5.1,83.74,3.3600000000000003,181.35999999999999,7.919999999999999,5549.304459999999,7.348000000000001,26.292,6.3340000000000005,2.25,0.22200000000000003,15.312000000000001,0.12,484.11235999999997,512.0,0.8587,0.27053661219,1.54,0.3526699007712251,4,0.8660254037844387,-0.4999999999999998,0.9909752318281064,-0.13181949897046408,-4.4408920985006264e-17,0.3603875471609676
2024-04-11,31091.0,9795.334586699999,15.677999999999997,75.0,59.59159999999999,1470.0,41.8,3982.4,3.8,141.9,5.0,86.66,3.3199999999999994,185.7,7.88,5544.2887,7.358,26.320000000000004,6.35,2.32,0.22600000000000003,15.325999999999999,0.11599999999999999,472.498774,512.0,0.8587,0.27053661219,1.54,0.3520815909701377,4,0.8660254037844387,-0.4999999999999998,0.9885611060177905,-0.14884633040312487,0.2817623302598763,0.22469796037174666
2024-04-12,30624.8,9648.45655176,16.082,75.0,61.191599999999994,1450.0,41.2,3972.4,3.8,138.1,4.8,84.98,3.3200000000000003,182.5,8.08,5366.6126,7.356,26.412,6.33,2.366,0.22400000000000003,15.363999999999999,0.11200000000000002,466.57774,512.0,0.8587,0.27053661219,1.54,0.35230980801056616,4,0.8660254037844387,-0.4999999999999998,0.9858544490717851,-0.16582911581191218,0.35135187892997066,-0.08019377358048381
2024-04-13,29764.8,9377.510369759999,15.628,75.0,59.59159999999999,1410.0,39.8,4083.0,3.8,144.1,5.0,75.9,3.38,163.34,8.28,4620.189,7.343999999999999,26.426,6.224,2.228,0.22800000000000004,15.354,0.11200000000000002,453.82014,512.0,0.8587,0.27053661219,1.54,0.3523643661242331,4,0.8660254037844387,-0.4999999999999998,0.9828560619334263,-0.18276282971739682,0.15636629649360598,-0.3246979603717467
2024-04-14,29914.4,9424.642403279999,13.588,75.0,51.791599999999995,1420.0,40.1,4106.4,3.8,143.9,5.0,70.47999999999999,3.54,149.51999999999998,8.559999999999999,4201.44336,7.3180000000000005,26.312,6.232,2.066,0.21600000000000003,15.496,0.11200000000000002,460.585632,512.0,0.8587,0.27053661219,1.54,0.352127765782858,4,0.8660254037844387,-0.4999999999999998,0.9795668318737081,-0.19964246116119688,-0.15636629649360595,-0.32469796037174675
2024-04-15,29463.4,9282.55318458,11.29,75.0,42.9916,1395.0,39.7,4106.0,3.8,141.3,4.8,71.62,3.62,150.82,8.639999999999999,4175.6375,7.3,26.526,6.032,2.088,0.22800000000000004,15.666,0.10800000000000001,458.62128999999993,512.0,0.8587,0.27053661219,1.54,0.3514922807687387,4,0.8660254037844387,-0.4999999999999998,0.9759877322287235,-0.21646301518880104,-0.35135187892997066,-0.08019377358048389
2024-04-16,29960.0,9439.008852,11.027999999999999,75.0,41.995999999999995,1425.0,40.3,4071.2,3.8,141.8,5.2,62.620000000000005,3.7399999999999998,134.18,8.84,3745.3074,7.298,25.852000000000004,5.964,2.004,0.22400000000000003,15.39,0.10200000000000001,458.1869760000001,512.0,0.8587,0.27053661219,1.54,0.3517624511760457,4,0.8660254037844387,-0.4999999999999998,0.9721198221116396,-0.23321951432765572,-0.2817623302598763,0.22469796037174664
2024-04-17,29944.6,9434.15702502,8.692,75.0,32.995999999999995,1425.0,40.3,4051.8,3.8,143.1,5.4,70.38,3.84,147.66,8.9,4159.15622,7.273999999999999,25.95,5.774,1.98,0.21600000000000003,15.447999999999999,0.10200000000000001,459.74281,512.0,0.8587,0.27053661219,1.54,0.35135628358590465,4,0.8660254037844387,-0.4999999999999998,0.967964246099289,-0.24990700006007974,-4.4408920985006264e-17,0.3603875471609676
2024-04-18,30320.2,9552.49119474,7.212000000000001,75.0,27.195999999999998,1440.0,41.1,3883.0,3.8,138.8,5.3,74.76,3.9599999999999995,155.2,8.940000000000001,4435.40294,7.2780000000000005,26.065999999999995,5.936,2.158,0.21200000000000002,15.61,0.10200000000000001,470.13358600000004,512.0,0.8587,0.27053661219,1.54,0.3508825556864831,4,0.8660254037844387,-0.4999999999999998,0.9635222338934704,-0.2665205342905689,0.2817623302598763,0.22469796037174666
2024-04-19,30281.6,9540.33012192,9.784,75.0,36.995999999999995,1440.0,41.0,3904.2,3.8,144.2,5.4,76.2,3.9799999999999995,159.6,9.0,4567.577920000001,7.296000000000001,26.026,5.958,2.13,0.22000000000000003,15.334,0.10800000000000001,460.638494,512.0,0.8587,0.27053661219,1.54,0.3514548515831115,4,0.8660254037844387,-0.4999999999999998,0.9587950999570604,-0.2830552008070585,0.35135187892997066,-0.08019377358048381
2024-04-20,30458.0,9595.9055946,10.24,75.0,38.796,1445.0,41.1,3878.4,3.8,145.2,5.7,74.48,3.88,155.8,8.9,4488.6548,7.304,26.089999999999996,5.936,1.948,0.23200000000000004,15.306000000000001,0.10800000000000001,462.61478999999997,512.0,0.8587,0.27053661219,1.54,0.3513435469453167,4,0.8660254037844387,-0.4999999999999998,0.9537842431250432,-0.2995061067357089,0.15636629649360598,-0.3246979603717467
2024-04-21,29550.8,9310.088877959999,10.290000000000001,75.0,39.0,1400.0,39.9,3893.2,3.8,142.3,5.3,80.22,3.7,168.54000000000002,8.62,4736.19146,7.328,26.951999999999998,5.958,2.1399999999999997,0.24800000000000005,15.713999999999999,0.11800000000000002,459.84356800000006,512.0,0.8587,0.27053661219,1.54,0.35130633528070565,4,0.8660254037844387,-0.4999999999999998,0.9484911461905725,-0.31586838398878636,-0.15636629649360595,-0.32469796037174675
2024-04-22,28609.0,9013.371303299999,12.197999999999999,75.0,46.4,1355.0,38.5,3962.6,3.8,142.7,5.1,79.6,3.6799999999999997,168.4,8.68,4538.241779999999,7.354000000000001,26.906,6.096,2.132,0.24800000000000005,15.542000000000002,0.122,440.14825599999995,512.0,0.8587,0.27053661219,1.54,0.3517695885141216,4,0.8660254037844387,-0.4999999999999998,0.9429173754661889,-0.33213719070520786,-0.35135187892997066,-0.08019377358048389
2024-04-23,28125.4,8861.011333980001,13.77,75.0,52.4,1335.0,37.7,4150.4,3.8,142.3,5.2,80.16,3.66,170.85999999999999,8.58,4532.52866,7.362,27.322000000000003,6.036,2.06,0.24400000000000005,15.724,0.126,437.79168,512.0,0.8587,0.27053661219,1.54,0.3522839024507296,4,0.8660254037844387,-0.4999999999999998,0.937064580320323,-0.34830771268332616,-0.2817623302598763,0.22469796037174664
2024-04-24,26917.8,8480.55248586,13.356,75.0,50.8,1275.0,36.1,4156.2,3.8,138.3,5.3,78.96000000000001,3.6399999999999997,169.42000000000002,8.440000000000001,4331.208079999999,7.360000000000001,26.96,6.124,2.1719999999999997,0.25200000000000006,15.915999999999997,0.124,425.29375799999997,512.0,0.8587,0.27053661219,1.54,0.3522027496574685,4,0.8660254037844387,-0.4999999999999998,0.9309344926892207,-0.36437516480552923,-4.4408920985006264e-17,0.3603875471609676
2024-04-25,26196.0,8253.1467252,15.068000000000001,75.0,57.4,1245.0,35.0,4189.6,3.8,137.1,5.1,84.74,3.62,181.56,8.16,4547.00252,7.358,27.182,6.178,2.2119999999999997,0.25600000000000006,15.992,0.11600000000000002,416.15435399999996,512.0,0.8587,0.27053661219,1.54,0.3529165510161044,4,0.8660254037844387,-0.4999999999999998,0.924528926564436,-0.38033479245423363,0.2817623302598763,0.22469796037174666
2024-04-26,25768.6,8118.49277382,17.234,75.0,65.6,1220.0,34.4,4196.8,3.8,139.0,4.9,87.18,3.56,184.02000000000004,8.0,4536.04216,7.347999999999999,26.310000000000002,6.272,2.0,0.25600000000000006,15.697999999999999,0.12000000000000002,401.62595,512.0,0.8587,0.27053661219,1.54,0.3531486616097949,4,0.8660254037844387,-0.4999999999999998,0.9178497774560409,-0.3961818729188524,0.35135187892997066,-0.08019377358048381
2024-04-27,25388.2,7998.64634634,15.725999999999999,75.0,59.791999999999994,1200.0,34.0,4148.0,3.8,139.4,4.8,82.32000000000001,3.4199999999999995,174.3,7.659999999999999,4229.86142,7.356,26.172000000000004,6.348,1.968,0.26400000000000007,15.678,0.12400000000000003,395.289062,512.0,0.8587,0.27053661219,1.54,0.3527199354416027,4,0.8660254037844387,-0.4999999999999998,0.9108990218317136,-0.41191171679332106,0.15636629649360598,-0.3246979603717467
2024-04-28,24551.6,7735.07242092,13.967999999999998,75.0,53.19199999999999,1160.0,32.8,4133.0,3.8,144.1,4.4,85.03999999999999,3.2400000000000007,179.64000000000001,7.4799999999999995,4216.97726,7.358,25.856,6.4719999999999995,2.066,0.25200000000000006,15.819999999999999,0.132,384.99893000000003,512.0,0.8587,0.27053661219,1.54,0.35241361765671597,4,0.8660254037844387,-0.4999999999999998,0.9036787165318699,-0.4275196693637683,-0.15636629649360595,-0.32469796037174675
2024-04-29,24169.6,7614.72190752,12.183999999999997,75.0,46.391999999999996,1145.0,32.4,4087.4,3.8,149.5,4.5,93.32000000000001,3.2399999999999998,194.76,7.58,4520.013720000001,7.347999999999999,26.584000000000003,6.458,2.118,0.22800000000000004,16.058,0.136,384.62371199999995,512.0,0.8587,0.27053661219,1.54,0.35224825579462654,4,0.8660254037844387,-0.4999999999999998,0.8961909981610121,-0.4430011119859206,-0.35135187892997066,-0.08019377358048389
2024-04-30,26255.2,8271.79790424,12.313999999999998,75.0,46.791999999999994,1245.0,35.4,4060.6,3.8,157.2,4.9,92.56,3.3400000000000007,194.66,8.08,4874.218800000001,7.348000000000001,26.451999999999998,6.438,2.146,0.20800000000000002,16.082,0.14400000000000002,418.33904,512.0,0.8587,0.27053661219,1.54,0.352072263785183,4,0.8660254037844387,-0.4999999999999998,0.8884380824554718,-0.4583514634518339,-0.2817623302598763,0.22469796037174664
2024-05-01,28197.6,8870.48382972,10.702,75.0,40.6832,1340.0,38.1,4060.6,3.8,155.8,5.5,93.55999999999999,3.6,196.59999999999997,8.7,5288.44896,7.328,26.994,6.324,2.234,0.18000000000000002,16.514000000000003,0.14,463.062504,512.0,0.8587,0.270204965076,1.54,0.35143562419226637,5,0.792820323027551,-0.5732050807568875,0.8804222636277386,-0.4735661813455458,-4.4408920985006264e-17,0.3603875471609676
2024-05-02,29791.8,9360.24590394,8.861999999999998,60.0,33.6912,1420.0,40.20246976,4053.8,3.04,158.0,5.6,93.84,3.7600000000000002,198.8,8.94,5601.677860000001,7.314,26.74,6.1579999999999995,2.3520000000000003,0.164,16.306,0.136,480.37487999999996,512.0,0.8587,0.269873317962,1.54,0.35090105280534634,5,0.7196152422706632,-0.6464101615137754,0.8721459136875657,-0.4886407633872503,0.2817623302598763,0.22469796037174666
2024-05-03,31532.8,9896.1087804,9.129999999999999,60.0,34.6908,1500.0,42.602469760000005,4060.0,3.04,159.4,5.7,86.61999999999999,3.88,185.71999999999997,9.059999999999999,5520.469060000001,7.304,26.35,5.986,2.198,0.16400000000000003,15.592000000000002,0.12000000000000002,486.804584,512.0,0.8587,0.26954167084799996,1.54,0.3503549832575243,5,0.6464101615137754,-0.7196152422706631,0.8636114817400543,-0.5035707487655945,0.35135187892997066,-0.08019377358048381
2024-05-04,33709.0,10568.429542859998,9.344,60.0,35.4932,1600.0,45.40246976,4064.8,3.04,154.0,5.4,83.9,3.9,180.95999999999998,9.120000000000001,5806.929160000001,7.287999999999999,26.145999999999997,6.228,2.128,0.18400000000000002,15.313999999999998,0.11600000000000002,513.4510640000001,512.0,0.8587,0.269210023734,1.54,0.349730418010983,5,0.5732050807568877,-0.792820323027551,0.854821493260923,-0.5183517194577048,0.15636629649360598,-0.3246979603717467
2024-05-05,32606.8,10209.925993679999,7.556,60.0,28.6932,1540.0,43.80246976,4024.0,3.04,146.5,5.0,85.74,3.9200000000000004,184.37999999999997,8.819999999999999,5720.43124,7.290000000000001,25.753999999999998,5.882,2.0919999999999996,0.2,15.291999999999998,0.10800000000000001,495.43005999999997,512.0,0.8587,0.26887837661999997,1.54,0.3487293294639845,5,0.49999999999999994,-0.8660254037844387,0.8457785493491807,-0.5329793015365502,-0.15636629649360595,-0.32469796037174675
2024-05-06,32178.2,10075.721647319999,8.894,60.0,33.80200000000001,1520.0,43.102469760000005,3916.8,3.04,145.5,4.8,83.66,3.8600000000000003,182.44,8.58,5581.425440000001,7.308,25.754,5.652,2.128,0.246,14.940000000000001,0.10800000000000001,476.58994199999995,512.0,0.8587,0.26887837662,1.54,0.34900405565444254,5,0.49999999999999994,-0.8660254037844387,0.8364853259574175,-0.5474491664652585,-0.35135187892997066,-0.08019377358048389
2024-05-07,32107.2,10053.48994272,10.558,75.0,40.102000000000004,1515.0,43.10000000000001,3937.6,3.8,142.3,4.8,88.44,3.84,190.48,8.6,5826.25196,7.302,26.327999999999996,5.808,2.292,0.29000000000000004,15.406,0.11200000000000002,490.38182400000005,512.0,0.8587,0.26887837662,1.54,0.3492306579247636,5,0.49999999999999994,-0.8660254037844387,0.8269445730999487,-0.5617570323779997,-0.2817623302598763,0.22469796037174664
2024-05-08,31566.6,9884.21586516,10.536,75.0,40.0024,1490.0,42.400000000000006,3922.4,3.8,139.2,5.1,95.08000000000001,3.9,202.3,8.86,6100.19744,7.279999999999999,26.389999999999997,5.932,2.304,0.33399999999999996,15.968,0.11600000000000002,499.937388,512.0,0.8587,0.26887837661999997,1.54,0.3492884195337374,5,0.49999999999999994,-0.8660254037844387,0.8171591140390408,-0.5758986653470586,-4.4408920985006264e-17,0.3603875471609676
2024-05-09,30641.6,9594.57746016,12.629999999999999,75.0,48.0,1450.0,41.2,3876.8,3.8,139.8,5.1,93.55999999999999,3.8199999999999994,197.45999999999998,8.68,5791.2725,7.32,25.426,5.568,2.246,0.33000000000000007,16.082,0.12000000000000002,489.14712799999995,512.0,0.8587,0.26887837661999997,1.54,0.34995324576906117,5,0.49999999999999994,-0.8660254037844387,0.807131844449463,-0.5898698806357225,0.2817623302598763,0.22469796037174666
2024-05-10,30831.4,9654.008129639999,14.75,75.0,56.0,1465.0,41.60000000000001,3836.8,3.8,143.8,5.1,91.14,3.7,191.50000000000003,8.500000000000002,5654.49124,7.3420000000000005,24.746000000000002,5.964,2.228,0.324,15.822,0.12400000000000003,484.225462,512.0,0.8587,0.26887837661999997,1.54,0.35069321716297114,5,0.49999999999999994,-0.8660254037844387,0.7968657315616094,-0.6036665439366128,0.35135187892997066,-0.08019377358048381
2024-05-11,30233.4,9466.76081484,15.223999999999998,75.0,57.8,1435.0,40.800000000000004,3936.6,3.8,147.8,4.8,92.22,3.5,194.0,8.059999999999999,5628.02402,7.312,23.482000000000003,6.254,2.1580000000000004,0.308,15.5,0.124,465.404608,512.0,0.8587,0.26887837662,1.54,0.3507561509509568,5,0.49999999999999994,-0.8660254037844387,0.7863638132834502,-0.6172845725950913,0.15636629649360598,-0.3246979603717467
2024-05-12,30016.6,9398.87583516,15.442000000000002,75.0,58.7,1425.0,40.300000000000004,3931.4,3.8,146.8,4.6,88.02000000000001,3.3600000000000003,186.66,7.6800000000000015,5368.0508199999995,7.31,21.948,6.223999999999999,1.81,0.2800000000000001,15.203999999999999,0.11600000000000002,452.96884,512.0,0.8587,0.26887837661999997,1.54,0.35081902297543527,5,0.49999999999999994,-0.8660254037844387,0.7756291973015632,-0.6307199368173851,-0.15636629649360595,-0.32469796037174675
2024-05-13,30005.8,9395.49411108,15.169999999999998,75.0,57.6,1425.0,40.400000000000006,3947.8,3.8,141.8,4.1,84.82,3.2,178.58,7.220000000000001,5137.4764,7.35,21.27,5.894,1.846,0.26,14.718,0.11600000000000002,438.222034,512.0,0.8587,0.26887837661999997,1.54,0.35079657590516755,5,0.49999999999999994,-0.8660254037844387,0.7646650601615207,-0.6439686608630667,-0.35135187892997066,-0.08019377358048389
2024-05-14,30195.6,9454.924780559999,16.894,75.0,64.1,1430.0,40.7,4050.0,3.8,141.5,4.0,84.72,3.2399999999999998,179.02,7.1800000000000015,5182.70314,7.3340000000000005,20.892000000000003,5.85,1.8219999999999998,0.266,14.384,0.11000000000000001,431.124658,512.0,0.8587,0.26887837661999997,1.54,0.3508851464540895,5,0.49999999999999994,-0.8660254037844387,0.7534746463278986,-0.6570268242215394,-0.2817623302598763,0.22469796037174664
2024-05-15,30559.4,9568.838782439998,16.889999999999997,75.0,64.1,1445.0,41.10000000000001,4188.8,3.8,139.7,4.0,85.86,3.2399999999999998,181.07999999999998,7.24,5307.0758399999995,7.296000000000001,20.35,5.8340000000000005,1.8079999999999998,0.276,14.272,0.10600000000000001,432.98729999999995,512.0,0.8587,0.26887837661999997,1.54,0.35072456904548566,5,0.49999999999999994,-0.8660254037844387,0.7420612672241866,-0.6698905627721797,-4.4408920985006264e-17,0.3603875471609676
2024-05-16,30883.0,9670.165255799999,16.716,75.0,63.5,1460.0,41.50000000000001,4155.0,3.8,137.3,4.0,84.85999999999999,3.2600000000000002,176.83999999999997,7.3199999999999985,5239.375959999999,7.32,20.485999999999997,5.7700000000000005,1.762,0.28600000000000003,14.638,0.11000000000000001,448.72604200000006,512.0,0.8587,0.26887837662,1.54,0.3506412725550397,5,0.49999999999999994,-0.8660254037844387,0.7304283002528853,-0.6825560699277929,0.2817623302598763,0.22469796037174666
2024-05-17,31029.8,9716.131653479999,19.913999999999998,75.0,75.604,1465.0514799999999,41.800000000000004,4152.2,3.8,140.1,4.3,88.85999999999999,3.3600000000000003,184.44,7.640000000000001,5495.01548,7.330000000000001,20.906,5.782,1.778,0.296,14.772,0.12,454.830746,512.0,0.8587,0.26887837661999997,1.54,0.35112695980821823,5,0.49999999999999994,-0.8660254037844387,0.7185791877960778,-0.6950195977610434,0.35135187892997066,-0.08019377358048381
2024-05-18,30794.0,9642.297344399998,21.851999999999997,75.0,83.00399999999999,1455.0514799999999,41.400000000000006,4156.2,3.8,143.4,4.5,91.42,3.34,191.24,7.76,5650.81982,7.314,20.637999999999998,6.090000000000001,1.7120000000000002,0.288,14.906,0.12,455.462648,512.0,0.8587,0.26887837661999997,1.54,0.35159855329433154,5,0.49999999999999994,-0.8660254037844387,0.7065174361967739,-0.7072774581135262,0.15636629649360598,-0.3246979603717467
2024-05-19,30687.2,9608.85585072,16.086,60.0,61.104,1450.0514799999999,41.300000000000004,4098.0,3.04,148.3,4.8,94.9,3.3200000000000003,195.18,7.840000000000001,5750.08674,7.314,21.118,6.312,1.72,0.28200000000000003,15.059999999999999,0.126,458.427784,512.0,0.8587,0.26887837661999997,1.54,0.3505061112999597,5,0.49999999999999994,-0.8660254037844387,0.694246614721327,-0.7193260236871531,-0.15636629649360595,-0.32469796037174675
2024-05-20,29985.2,9389.04378552,15.739999999999998,60.0,59.903999999999996,1420.0514799999999,40.300000000000004,4023.8,3.04,152.1,5.0,95.58,3.2400000000000007,197.0,7.68,5682.39594,7.3260000000000005,21.637999999999998,6.568,1.748,0.28600000000000003,15.258000000000001,0.126,454.18590400000005,512.0,0.8587,0.26887837661999997,1.54,0.35069704417512765,5,0.49999999999999994,-0.8660254037844387,0.6817703545032299,-0.7311617291175281,-0.35135187892997066,-0.08019377358048389
2024-05-21,29967.2,9383.40757872,15.662,60.0,59.604,1420.0514799999999,40.300000000000004,4053.4,3.04,150.1,5.2,97.67999999999999,3.2600000000000002,199.45999999999998,7.659999999999999,5755.43334,7.33,21.612000000000002,6.812,1.752,0.28200000000000003,15.065999999999999,0.126,447.99228400000004,512.0,0.8587,0.26887837662,1.54,0.3507297797628047,5,0.49999999999999994,-0.8660254037844387,0.6690923474686052,-0.7427810720289962,-0.2817623302598763,0.22469796037174664
2024-05-22,29607.6,9270.808691759998,13.874,60.0,52.8096,1405.0,39.900000000000006,4068.8,3.04,148.8,5.3,96.05999999999999,3.22,194.54,7.459999999999999,5539.658460000001,7.312,21.616,7.022,1.7760000000000002,0.28800000000000003,15.116,0.11600000000000002,444.220452,512.0,0.8587,0.26887837661999997,1.54,0.35054819835524625,5,0.49999999999999994,-0.8660254037844387,0.6562163452437038,-0.7541806140710525,-4.4408920985006264e-17,0.3603875471609676
2024-05-23,29886.0,9357.9820236,13.766,60.0,52.5096,1415.0,40.2,4025.2,3.04,149.0,5.5,95.72,3.1399999999999997,192.71999999999997,7.340000000000001,5540.8559399999995,7.304,21.77,7.236,1.7899999999999998,0.28800000000000003,15.4,0.10800000000000001,457.036092,512.0,0.8587,0.26887837661999997,1.54,0.35032011329796153,5,0.49999999999999994,-0.8660254037844387,0.6431461580447386,-0.7653569819358058,0.2817623302598763,0.22469796037174666
2024-05-24,29437.4,9217.515225239998,17.247999999999998,75.0,65.8096,1395.0,39.50000000000001,4056.6,3.8,143.2,5.4,97.8,3.08,199.9,7.06,5667.85928,7.289999999999999,22.238,7.258,1.874,0.304,16.838,0.1,490.830422,512.0,0.8587,0.26887837661999997,1.54,0.3511138214197607,5,0.49999999999999994,-0.8660254037844387,0.6298856535503816,-0.7763068683561947,0.35135187892997066,-0.08019377358048381
2024-05-25,29102.8,9112.74440328,16.998,75.0,64.8052,1375.0,39.10000000000001,4067.2,3.8,139.8,5.2,102.2,3.12,207.76,7.2,5811.74508,7.316,21.758,7.109999999999999,1.968,0.288,17.6,0.10400000000000001,506.049524,512.0,0.8587,0.26887837661999997,1.54,0.35085618441446903,5,0.49999999999999994,-0.8660254037844387,0.6164387557572533,-0.7870270330846603,0.15636629649360598,-0.3246979603717467
2024-05-26,28131.4,8808.577109639999,13.413999999999998,60.0,51.1052,1330.0,37.900000000000006,4119.2,3.04,139.6,5.1,102.7,3.12,209.4,7.359999999999999,5662.12302,7.337999999999999,22.330000000000002,6.8180000000000005,1.982,0.28200000000000003,17.642000000000003,0.10400000000000001,492.595802,512.0,0.8587,0.26887837662,1.54,0.3502248730653883,5,0.49999999999999994,-0.8660254037844387,0.6028094438187503,-0.7975143038519887,-0.15636629649360595,-0.32469796037174675
2024-05-27,28394.0,8890.8031044,13.73,60.0,52.3956,1340.0,38.10000000000001,4116.6,3.04,139.1,4.9,105.3,3.16,216.8,7.4799999999999995,5937.487459999999,7.364,21.990000000000002,6.7,1.966,0.276,17.678,0.11200000000000002,497.609652,512.0,0.8587,0.26887837661999997,1.54,0.35012216348225966,5,0.49999999999999994,-0.8660254037844387,0.5890017508675502,-0.807765577306036,-0.35135187892997066,-0.08019377358048389
2024-05-28,28398.4,8892.180843839998,13.941999999999998,60.0,53.1956,1340.0,38.10000000000001,4152.8,3.04,137.1,5.1,108.2,3.34,220.8,7.94,6045.25914,7.372,21.986,6.581999999999999,1.948,0.276,17.546,0.12,493.44845999999995,512.0,0.8587,0.26887837661999997,1.54,0.35015102898581973,5,0.49999999999999994,-0.8660254037844387,0.5750197628221414,-0.81777781993006,-0.2817623302598763,0.22469796037174664
2024-05-29,29117.2,9117.25336872,13.394,60.0,51.095600000000005,1375.0,39.00000000000001,4151.6,3.04,141.9,5.3,105.94000000000001,3.3600000000000003,213.84,8.5,5965.59174,7.384,21.04,6.356,1.7740000000000002,0.256,16.122,0.12,464.363952,512.0,0.8587,0.26887837661999997,1.54,0.3500116486784666,5,0.49999999999999994,-0.8660254037844387,0.560867617177735,-0.8275480689403867,-4.4408920985006264e-17,0.3603875471609676
2024-05-30,29918.4,9368.12719584,13.797999999999998,60.0,52.7,1415.0,39.800000000000004,4196.4,3.04,145.3,5.4,97.94000000000001,3.4400000000000004,198.12,8.84,5652.45036,7.362,21.148000000000003,6.284,1.624,0.24800000000000005,14.954000000000002,0.124,443.443192,512.0,0.8587,0.26887837661999997,1.54,0.35011784347435004,5,0.49999999999999994,-0.8660254037844387,0.5465495017819135,-0.8370734331631458,0.2817623302598763,0.22469796037174666
2024-05-31,30151.0,9440.9595126,18.618000000000002,75.0,71.1,1425.0,40.00000000000001,4149.6,3.8,146.7,5.8,96.06,3.62,194.56,9.1,5520.91893,7.3340000000000005,20.496,6.32,1.6179999999999999,0.246,14.942000000000002,0.12000000000000002,448.46423500000003,512.0,0.8587,0.26887837661999997,1.54,0.35109852291492155,5,0.49999999999999994,-0.8660254037844387,0.5320696535953789,-0.8463510938898153,0.35135187892997066,-0.08019377358048381
2024-06-01,29761.8,9325.441702679998,16.872,75.0,64.3,1405.0,39.7,4130.0,3.8,148.0,6.0,90.44000000000001,3.7399999999999998,182.44,9.360000000000001,5073.162130000001,7.31,20.387999999999998,6.202,1.6179999999999999,0.24000000000000005,14.752,0.11200000000000002,436.95402299999995,512.0,0.8587,0.26906497212999997,1.54,0.35089573944293806,6,0.39999999999999997,-0.8928203230275511,0.5174323574381677,-0.8553783057113231,0.15636629649360598,-0.3246979603717467
2024-06-02,29835.0,9355.008614800001,15.092000000000002,75.0,57.4,1409.9552800000001,39.900000000000006,4163.4,3.8,151.6,6.0,87.52,3.8600000000000003,177.5,9.399999999999999,4935.33013,7.308,20.268,6.182,1.612,0.23600000000000004,14.838,0.11600000000000002,440.568859,512.0,0.8587,0.26925156763999997,1.54,0.35081120263690674,6,0.3,-0.9196152422706632,0.5026419447217044,-0.8641523973304572,-0.15636629649360595,-0.32469796037174675
2024-06-03,29834.0,9361.555653200001,15.440000000000001,75.0,58.6,1409.9552800000001,40.10000000000001,4126.6,3.8,147.2,5.9,83.84,3.96,172.21999999999997,9.16,4776.035430000001,7.302,20.562,6.322000000000001,1.672,0.24400000000000005,14.796000000000001,0.12000000000000002,439.101669,512.0,0.8587,0.26943816314999997,1.54,0.35106842488571266,6,0.2,-0.9464101615137755,0.4877027921670668,-0.8726707723523461,-0.35135187892997066,-0.08019377358048389
2024-06-04,30223.8,9490.710468280002,15.544,75.0,59.0,1429.9552800000001,40.900000000000006,4090.2,3.8,146.6,5.9,85.24000000000001,3.8,173.78,8.819999999999999,4894.5162900000005,7.290000000000001,20.752000000000002,6.446000000000001,1.706,0.254,15.202000000000002,0.11200000000000002,457.683583,512.0,0.8587,0.26962475865999996,1.54,0.3513249255524761,6,0.10000000000000005,-0.9732050807568878,0.47261932050984334,-0.8809309100527732,-0.2817623302598763,0.22469796037174664
2024-06-05,31328.8,9843.79405208,14.530000000000001,75.0,55.0,1484.9552800000001,42.50000000000001,4114.2,3.8,143.6,5.7,81.0,3.72,165.1,8.64,4893.188840000001,7.2780000000000005,20.312,6.581999999999999,1.6480000000000001,0.258,14.953999999999999,0.11600000000000002,464.49234800000005,512.0,0.8587,0.26981135417,1.54,0.35129805391408364,6,1.2246467991473532e-16,-1.0,0.4573959931919675,-0.8889303661241004,-4.4408920985006264e-17,0.3603875471609676
2024-06-06,31572.2,9920.27254702,18.048000000000002,75.0,68.4,1494.9552800000001,42.7,4144.8,3.8,141.2,5.2,84.66,3.6800000000000006,171.54,7.9799999999999995,5148.01648,7.281999999999999,19.613999999999997,6.846000000000001,1.654,0.262,15.075999999999999,0.12400000000000003,471.613166,512.0,0.8587,0.26981135417,1.54,0.35187736023001903,6,1.2246467991473532e-16,-1.0,0.44203731504091215,-0.8966667733985769,0.2817623302598763,0.22469796037174666
2024-06-07,31355.0,9852.0263305,20.044,75.0,76.0,1485.0,42.400000000000006,4143.0,3.8,139.2,4.7,87.78,3.38,177.34,7.32,5301.01088,7.2700000000000005,19.296,7.01,1.672,0.266,15.132,0.11600000000000002,470.12805,512.0,0.8587,0.26981135417,1.54,0.35230511204823206,6,1.2246467991473532e-16,-1.0,0.4265478309366396,-0.9041378425488237,0.35135187892997066,-0.08019377358048381
2024-06-08,30799.0,9677.326070899999,20.46,75.0,77.6,1460.0,41.60000000000001,4104.6,3.8,138.4,4.7,88.92,3.2600000000000002,179.12,7.040000000000001,5273.19308,7.2540000000000004,19.184,7.192,1.6939999999999997,0.278,15.284,0.12000000000000002,466.19353,512.0,0.8587,0.26981135417,1.54,0.35252664169235254,6,1.2246467991473532e-16,-1.0,0.41093212446669825,-0.9113413627652811,0.15636629649360598,-0.3246979603717467
2024-06-09,30287.6,9516.639537160001,18.494,75.0,70.0,1435.0,41.00000000000001,4107.0,3.8,135.8,4.9,90.94,3.44,185.11999999999998,7.3,5367.1953,7.272,19.204,6.918000000000001,1.7239999999999998,0.28800000000000003,15.445999999999998,0.146,462.597714,512.0,0.8587,0.26981135417,1.54,0.3521603181575123,6,1.2246467991473532e-16,-1.0,0.3951948165698651,-0.9182752024104234,-0.15636629649360595,-0.32469796037174675
2024-06-10,30112.4,9461.59010284,16.398,75.0,62.098,1425.0,40.7,4107.6,3.8,139.6,4.7,90.58000000000001,3.3600000000000003,184.2,7.040000000000001,5321.85474,7.286,19.466,6.756,1.738,0.276,15.617999999999999,0.14600000000000002,465.621778,512.0,0.8587,0.26981135417,1.54,0.35170722819498124,6,1.2246467991473532e-16,-1.0,0.37934056416873563,-0.9249373096495453,-0.35135187892997066,-0.08019377358048389
2024-06-11,30512.0,9587.1480592,15.836000000000002,75.0,60.006400000000006,1445.0,41.2,4086.0,3.8,139.4,4.8,88.0,3.16,178.85999999999999,7.18,5221.8731,7.273999999999999,20.124000000000002,6.566,1.718,0.272,15.856,0.138,479.82255999999995,512.0,0.8587,0.26981135417,1.54,0.3516070744978938,6,1.2246467991473532e-16,-1.0,0.36337405879166595,-0.9313257130579313,-0.2817623302598763,0.22469796037174664
2024-06-12,31012.6,9744.44113466,17.026,75.0,64.60640000000001,1470.0,41.800000000000004,4051.4,3.8,137.4,4.8,82.92,3.1,169.48,7.040000000000001,5028.9385600000005,7.286,20.466,6.539999999999999,1.716,0.276,15.807999999999998,0.142,486.092914,512.0,0.8587,0.26981135417,1.54,0.3518288489099325,6,1.2246467991473532e-16,-1.0,0.34730002518447334,-0.9374385222042338,-4.4408920985006264e-17,0.3603875471609676
2024-06-13,31692.2,9957.97763902,16.668,75.0,63.2984,1500.0,42.7,4094.4,3.8,138.9,4.7,80.96,3.04,165.4,6.840000000000001,5017.54232,7.280000000000001,20.212,6.56,1.702,0.264,15.693999999999999,0.13399999999999998,493.20119400000004,512.0,0.8587,0.26981135417,1.54,0.3515625704545933,6,1.2246467991473532e-16,-1.0,0.3311232199123085,-0.9432739282098803,0.2817623302598763,0.22469796037174666
2024-06-14,32091.0,10083.284228100001,18.31,75.0,69.5932,1520.0,43.2,4090.0,3.8,137.1,4.4,76.9,2.8600000000000003,156.36,6.26,4818.8407,7.2780000000000005,19.874,7.054,1.6439999999999997,0.258,15.607999999999999,0.11200000000000002,497.41535400000004,512.0,0.8587,0.26981135417,1.54,0.35189785712739086,6,1.2246467991473532e-16,-1.0,0.3148484299521111,-0.9488302042843515,0.35135187892997066,-0.08019377358048381
2024-06-15,31206.6,9805.39770006,20.253999999999998,75.0,76.8952,1480.0,42.10000000000001,4040.6,3.8,136.6,4.3,79.38,2.7399999999999998,159.78000000000003,6.04,4797.92702,7.26,19.908,7.475999999999999,1.642,0.272,15.702000000000002,0.11600000000000002,486.836118,512.0,0.8587,0.26981135417,1.54,0.35247370574981113,6,1.2246467991473532e-16,-1.0,0.2984804712760668,-0.9541057062361646,0.15636629649360598,-0.3246979603717467
2024-06-16,30846.6,9692.282424060002,17.060000000000002,75.0,64.7868,1465.0,41.60000000000001,4065.4,3.8,136.7,4.1,77.28,2.6399999999999997,155.7,5.82,4619.483920000001,7.276000000000001,19.946,7.814,1.614,0.284,15.334,0.11600000000000002,469.51443800000004,512.0,0.8587,0.26981135417,1.54,0.35201711544337694,6,1.2246467991473532e-16,-1.0,0.2820241874264828,-0.9590988729594179,-0.15636629649360595,-0.32469796037174675
2024-06-17,30208.8,9491.879860080002,12.064,60.0,45.7868,1430.0,40.800000000000004,4053.8,3.04,142.3,4.0,77.86,2.7,156.64000000000001,5.9,4542.78998,7.290000000000001,19.823999999999998,8.09,1.57,0.29400000000000004,15.352,0.11200000000000002,460.205044,512.0,0.8587,0.26981135417,1.54,0.3508467347582577,6,1.2246467991473532e-16,-1.0,0.26548444808250643,-0.9638082268957453,-0.35135187892997066,-0.08019377358048389
2024-06-18,29530.2,9278.65756482,12.288,60.0,46.6948,1395.0,39.7,4122.4,3.04,141.9,3.9,82.78,2.74,166.95999999999998,5.9399999999999995,4738.6412199999995,7.31,20.833999999999996,8.488,1.7060000000000002,0.298,15.986,0.11600000000000002,468.200824,512.0,0.8587,0.26981135417,1.54,0.35079701575132854,6,1.2246467991473532e-16,-1.0,0.24886614761910844,-0.9682323744715509,-0.2817623302598763,0.22469796037174664
2024-06-19,28773.8,9040.98980158,14.097999999999999,60.0,53.6,1360.0,38.60000000000001,4132.6,3.04,144.7,3.7,88.14,2.7600000000000002,177.32,5.96,4925.19256,7.303999999999999,21.134,8.815999999999999,1.714,0.30600000000000005,15.895999999999997,0.10800000000000001,454.22945,512.0,0.8587,0.26981135417,1.54,0.3513051741370267,6,1.2246467991473532e-16,-1.0,0.23217420365875877,-0.9723700065103895,-4.4408920985006264e-17,0.3603875471609676
2024-06-20,28752.4,9034.26572684,17.189999999999998,60.0,65.4,1355.0,38.60000000000001,4143.0,3.04,147.4,3.7,90.04,2.8600000000000003,181.82,6.26,5036.09488,7.33,21.338,8.32,1.698,0.29800000000000004,16.05,0.1,458.30932599999994,512.0,0.8587,0.26981135417,1.54,0.3517409723152062,6,1.2246467991473532e-16,-1.0,0.21541355561622266,-0.9762198986203723,0.2817623302598763,0.22469796037174666
2024-06-21,28488.8,8951.440208080001,20.918,60.0,79.6,1345.0,38.2,4120.2,3.04,153.2,3.7,91.1,2.88,183.88000000000002,6.36,5054.56976,7.32,21.406,7.95,1.682,0.266,16.116,0.10400000000000001,456.18352400000003,512.0,0.8587,0.26981135417,1.54,0.35263533455409374,6,1.2246467991473532e-16,-1.0,0.19858916323690892,-0.9797809115564856,0.35135187892997066,-0.08019377358048381
2024-06-22,29171.0,9165.7936561,26.118000000000002,75.0,99.4,1380.0,39.00000000000001,4159.0,3.8,152.7,3.7,86.94,3.0200000000000005,175.66000000000003,6.5,4896.640239999999,7.297999999999999,21.048,7.058000000000002,1.6280000000000001,0.24000000000000005,15.34,0.10400000000000001,441.887464,512.0,0.8587,0.26981135417,1.54,0.3537285094981976,6,1.2246467991473532e-16,-1.0,0.181706005129201,-0.9830519915577101,0.15636629649360598,-0.3246979603717467
2024-06-23,29736.0,9343.321797600001,24.298,75.0,92.4,1410.0,40.00000000000001,4090.6,3.8,154.3,3.4,76.78,2.9800000000000004,156.26000000000002,6.459999999999999,4396.91204,7.306,20.302,5.954,1.464,0.22800000000000004,14.258,0.12000000000000002,417.39520400000004,512.0,0.8587,0.26981135417,1.54,0.35351455249730834,6,1.2246467991473532e-16,-1.0,0.1647690772912068,-0.9860321706588471,-0.15636629649360595,-0.32469796037174675
2024-06-24,30032.0,9436.3276912,22.648000000000003,75.0,86.1028,1420.0,40.50000000000001,4084.0,3.8,155.3,3.8,66.38000000000001,2.98,137.2,6.7,3878.5577399999993,7.314,20.564,5.2540000000000004,1.394,0.21400000000000002,13.89,0.278,406.15376200000003,512.0,0.8587,0.26981135417,1.54,0.35291719831271473,6,1.2246467991473532e-16,-1.0,0.14778339163236254,-0.9887205669769539,-0.35135187892997066,-0.08019377358048389
2024-06-25,30905.8,9710.883602780003,20.856,75.0,79.3028,1465.0,41.7,4124.8,3.8,152.3,3.9,65.32000000000001,3.0000000000000004,136.06,6.660000000000001,3996.9315,7.31,20.659999999999997,5.66,1.3639999999999999,0.21600000000000003,13.674000000000001,0.282,413.191362,512.0,0.8587,0.26981135417,1.54,0.3525919050987101,6,1.2246467991473532e-16,-1.0,0.13075397449032808,-0.9911163849723079,-0.2817623302598763,0.22469796037174664
2024-06-26,31037.0,9752.107836700001,19.79,75.0,75.1028,1470.0,42.10000000000001,4144.2,3.8,150.6,4.3,61.8,3.08,128.64000000000001,6.659999999999999,3795.2220800000005,7.332000000000001,20.576,5.6080000000000005,1.3559999999999999,0.24000000000000005,13.606,0.28200000000000003,413.1566220000001,512.0,0.8587,0.26981135417,1.54,0.3522955528886624,6,1.2246467991473532e-16,-1.0,0.1136858651436127,-0.9932189156838194,-4.4408920985006264e-17,0.3603875471609676
2024-06-27,30621.0,9621.396851100002,18.082,75.0,68.50280000000001,1450.0,41.7,4153.8,3.8,151.9,4.4,62.660000000000004,3.04,134.54,6.720000000000001,3920.68328,7.336,21.05,5.904000000000001,1.442,0.23600000000000004,13.928,0.282,417.946192,512.0,0.8587,0.2698113541700001,1.54,0.35201454590676307,6,1.2246467991473532e-16,-1.0,0.09658411432037162,-0.9950275369388241,0.2817623302598763,0.22469796037174666
2024-06-28,31422.6,9873.266865660002,19.538000000000004,75.0,74.1028,1485.0,42.7,4123.4,3.8,155.7,4.5,62.74000000000001,3.06,140.26,6.760000000000001,4204.973840000001,7.346000000000001,20.526,6.224,1.396,0.23200000000000004,13.776,0.266,423.20896000000005,512.0,0.8587,0.2698113541700001,1.54,0.35207903118783207,6,1.2246467991473532e-16,-1.0,0.07945378270381415,-0.9965417135371949,0.35135187892997066,-0.08019377358048381
2024-06-29,33114.2,10404.782979220001,17.032,75.0,64.6,1565.0,44.800000000000004,4115.4,3.8,157.8,4.2,59.2,2.8600000000000003,132.2,6.2,4080.04162,7.298,18.16,5.858,1.334,0.22800000000000004,12.681999999999999,0.10199999999999998,408.530686,512.0,0.8587,0.2698113541700001,1.54,0.3515554988870932,6,1.2246467991473532e-16,-1.0,0.06229993943466629,-0.9977609974097156,0.15636629649360598,-0.3246979603717467
2024-06-30,32357.6,10167.05237416,12.078,60.0,45.8,1525.0,43.60000000000001,4080.0,3.04,159.4,3.9,46.32,2.64,105.58,5.78,3223.8891999999996,7.2700000000000005,15.278,4.982,1.208,0.21200000000000005,10.43,0.10199999999999998,334.703542,512.0,0.8587,0.2698113541700001,1.54,0.35039338611523596,6,1.2246467991473532e-16,-1.0,0.04512766061113004,-0.9986850277506718,-0.15636629649360595,-0.32469796037174675
2024-07-01,33673.8,10516.897114180001,11.216000000000001,60.0,42.6,1590.0,45.2,4006.2,3.04,160.9,3.6,44.339999999999996,2.52,101.8,5.6,3251.0285200000003,7.218000000000001,14.278,4.268,1.074,0.21000000000000005,8.477999999999998,0.09799999999999998,283.147216,512.0,0.8587,0.2683145542,1.54,0.34871113022686656,7,-0.09999999999999988,-0.9732050807568877,0.02794202778678482,-0.9993135311246195,-0.35135187892997066,-0.08019377358048389
2024-07-02,35129.2,10908.96675012,10.584,60.0,40.2,1660.0,47.2,3950.2,3.04,159.5,3.4,40.7,2.4,86.36,5.38,2900.94,7.194,11.794,3.55,0.9119999999999999,0.22400000000000003,6.6579999999999995,0.10199999999999998,234.43551000000002,512.0,0.8587,0.26681775423,1.54,0.3470372491279857,7,-0.19999999999999984,-0.9464101615137755,0.010748126466873488,-0.9996463215472989,-0.2817623302598763,0.22469796037174664
2024-07-03,34845.2,10760.10340092,10.726000000000003,60.0,40.6996,1650.0,46.800000000000004,4000.8,3.04,155.9,3.4,41.0,2.38,78.58000000000001,5.36,2598.39552,7.104000000000001,10.164,2.794,0.8160000000000001,0.22000000000000003,5.305999999999999,0.09399999999999999,185.071838,512.0,0.8587,0.26532095426,1.54,0.34574280371686006,7,-0.2999999999999998,-0.9196152422706632,-0.00644895539658012,-0.9996833005406695,-4.4408920985006264e-17,0.3603875471609676
2024-07-04,33806.6,10376.118026459999,15.216000000000003,60.0,57.6996,1600.0,45.60000000000001,4042.4,3.04,154.8,3.2,48.22,2.5599999999999996,95.94000000000001,5.72,3100.0691400000005,7.096000000000001,10.422,2.7939999999999996,0.8019999999999999,0.23399999999999999,5.496,0.09399999999999997,183.347912,512.0,0.8587,0.26382415428999995,1.54,0.34501647744291863,7,-0.3999999999999998,-0.8928203230275511,-0.023644128910378252,-0.9994244571620523,0.2817623302598763,0.22469796037174666
2024-07-05,34598.0,10569.467572799998,20.022000000000002,75.0,75.89959999999999,1640.0,46.800000000000004,4058.2,3.8,152.1,3.3,59.779999999999994,2.7199999999999998,121.05999999999999,6.02,3918.3342000000002,7.087999999999999,12.214000000000002,3.28,0.9559999999999998,0.24200000000000005,7.55,0.08999999999999998,251.53717999999998,512.0,0.8587,0.26232735432,1.54,0.3445609668173356,7,-0.4999999999999997,-0.8660254037844388,-0.040832305746034345,-0.9988698680073675,0.35135187892997066,-0.08019377358048381
2024-07-06,33242.8,10155.46264608,20.606,75.0,78.0996,1570.0,45.00000000000001,4100.6,3.8,145.0,3.4,69.3,2.84,141.04000000000002,6.319999999999999,4365.32172,7.104000000000001,12.696000000000002,3.8620000000000005,1.254,0.24400000000000005,9.702,0.09399999999999999,308.466836,512.0,0.8587,0.26232735432,1.54,0.34452162870907893,7,-0.4999999999999997,-0.8660254037844388,-0.05800839964549156,-0.9980196971884686,0.15636629649360598,-0.3246979603717467
2024-07-07,32433.0,9908.073928799999,19.470000000000002,75.0,73.89959999999999,1530.0,43.7,4073.6,3.8,140.2,3.7,78.05999999999999,2.92,162.9,6.5600000000000005,5026.35392,7.1240000000000006,15.39,4.318,1.468,0.23400000000000004,11.958,0.08999999999999998,380.399578,512.0,0.8587,0.26232735432,1.54,0.34429575397908413,7,-0.4999999999999997,-0.8660254037844388,-0.07516732792622835,-0.9968741962845785,-0.15636629649360595,-0.32469796037174675
2024-07-08,32244.8,9850.580033279999,18.006,75.0,68.4,1520.0,43.300000000000004,4101.4,3.8,138.7,3.8,85.67999999999999,3.0000000000000004,177.84,6.840000000000001,5496.77138,7.186,17.124000000000002,5.1579999999999995,1.634,0.24600000000000005,13.88,0.09799999999999998,443.092094,512.0,0.8587,0.26232735432,1.54,0.3439991019399992,7,-0.4999999999999997,-0.8660254037844388,-0.09230401298530576,-0.9954337042678443,-0.35135187892997066,-0.08019377358048389
2024-07-09,31970.2,9766.69149072,17.042,75.0,64.8,1510.0,42.800000000000004,4027.2,3.8,136.7,4.2,91.6,3.04,186.57999999999998,7.0200000000000005,5728.76464,7.206,18.854000000000003,5.674,1.866,0.24400000000000005,15.348000000000003,0.10399999999999998,487.057996,512.0,0.8587,0.26232735432,1.54,0.34400764893455593,7,-0.4999999999999997,-0.8660254037844388,-0.10941338380191197,-0.9936986474030288,-0.2817623302598763,0.22469796037174664
2024-07-10,32036.4,9786.915167039999,14.044,75.0,53.4,1515.0,42.900000000000006,3993.4,3.8,135.3,4.4,95.04,2.98,190.33999999999997,6.959999999999999,5862.030299999999,7.209999999999999,19.804,6.032,1.8920000000000001,0.27,15.856,0.10399999999999998,504.269182,512.0,0.8587,0.26232735432,1.54,0.34354602105951865,7,-0.4999999999999997,-0.8660254037844388,-0.12649037743795902,-0.9916695391213729,-4.4408920985006264e-17,0.3603875471609676
2024-07-11,32560.8,9947.11601088,11.974,75.0,45.6,1545.0,43.50000000000001,4008.0,3.8,136.0,4.4,90.96000000000001,2.9200000000000004,180.92,6.779999999999999,5668.0587,7.208,20.446,6.306,1.764,0.264,15.798000000000002,0.08999999999999998,511.197274,512.0,0.8587,0.26232735432,1.54,0.34337410970562326,7,-0.4999999999999997,-0.8660254037844388,-0.14352994053628773,-0.9893469798686623,0.2817623302598763,0.22469796037174666
2024-07-12,32357.0,9884.856415199998,11.988,75.0,45.6044,1540.0,43.300000000000004,3986.6,3.8,137.8,4.2,92.52,2.9,183.26,6.6,5712.336139999999,7.192,20.142000000000003,6.914,1.6580000000000001,0.278,15.866000000000003,0.07799999999999999,510.604276,512.0,0.8587,0.26232735432,1.54,0.34361847126263634,7,-0.4999999999999997,-0.8660254037844388,-0.16052703081603703,-0.9867316569275462,0.35135187892997066,-0.08019377358048381
2024-07-13,31731.0,9693.6174216,13.803999999999998,75.0,52.404399999999995,1510.0,42.7,3946.4,3.8,142.1,4.2,91.08,2.74,185.66,6.12,5695.7780999999995,7.172,20.27,7.282000000000001,1.536,0.29000000000000004,15.972,0.06399999999999997,504.968436,512.0,0.8587,0.26232735432,1.54,0.34399242706556976,7,-0.4999999999999997,-0.8660254037844388,-0.17747661856473626,-0.9838243442141593,0.15636629649360598,-0.3246979603717467
2024-07-14,31549.0,9638.0175864,10.766,75.0,40.8044,1500.0,42.60000000000001,3943.0,3.8,141.7,4.1,90.26,2.6399999999999997,183.26,5.74,5599.71412,7.162000000000001,19.67,7.172,1.346,0.28400000000000003,15.572,0.06399999999999997,489.746296,512.0,0.8587,0.26232735432,1.54,0.3433714900292563,7,-0.4999999999999997,-0.8660254037844388,-0.19437368812667796,-0.9806259020491078,-0.15636629649360595,-0.32469796037174675
2024-07-15,31559.0,9641.0725224,12.512,75.0,47.5096,1500.0,42.60000000000001,3976.2,3.8,143.0,3.9,83.85999999999999,2.68,170.26,5.779999999999999,5182.75352,7.151999999999999,19.55,6.790000000000001,1.2959999999999998,0.258,15.14,0.05399999999999998,476.358466,512.0,0.8587,0.26232735432,1.54,0.3436678893173772,7,-0.4999999999999997,-0.8660254037844388,-0.2112132393871311,-0.9771372769028863,-0.35135187892997066,-0.08019377358048389
2024-07-16,31569.0,9644.1274584,15.536000000000001,75.0,58.9096,1495.0,42.800000000000004,3866.6,3.8,142.2,4.0,81.08,2.72,165.82,6.0200000000000005,5032.43552,7.144,19.21,6.715999999999999,1.226,0.258,15.054000000000002,0.06399999999999997,473.400366,512.0,0.8587,0.26232735432,1.54,0.3439434981362629,7,-0.4999999999999997,-0.8660254037844388,-0.22799028925195536,-0.9733595011158022,-0.2817623302598763,0.22469796037174664
2024-07-17,31411.2,9595.92056832,18.35,75.0,69.6028,1485.0,42.60000000000001,3908.4,3.8,143.3,4.3,82.16,2.7600000000000002,171.45999999999998,6.2,5173.9463,7.144,19.256,6.6,1.4120000000000001,0.252,15.186000000000002,0.06599999999999998,474.97743800000006,512.0,0.8587,0.26232735432,1.54,0.3443483987673761,7,-0.4999999999999997,-0.8660254037844388,-0.244699873122179,-0.9692936925924892,-4.4408920985006264e-17,0.3603875471609676
2024-07-18,31451.2,9608.140312319998,18.526000000000003,75.0,70.30879999999999,1485.0,42.50000000000001,3899.2,3.8,136.3,4.4,85.72,2.84,175.56,6.540000000000001,5295.1934200000005,7.151999999999999,20.314,6.494,1.714,0.254,15.484,0.06599999999999998,484.633064,512.0,0.8587,0.26232735432,1.54,0.3442708869874122,7,-0.4999999999999997,-0.8660254037844388,-0.2613370463631034,-0.9649410544711022,0.2817623302598763,0.22469796037174666
2024-07-19,31220.0,9537.510191999998,20.598000000000003,75.0,78.2168,1475.0,42.00000000000001,3912.8,3.8,133.9,4.3,81.72,2.94,167.7,6.8,5013.88226,7.176,21.464,6.9319999999999995,1.8,0.252,15.894,0.06999999999999998,493.43419800000004,512.0,0.8587,0.26232735432,1.54,0.3447327833481335,7,-0.4999999999999997,-0.8660254037844388,-0.2778968857675001,-0.9603028747672884,0.35135187892997066,-0.08019377358048381
2024-07-20,30725.4,9386.413057439999,20.856,75.0,79.1116,1450.0,41.300000000000004,3845.8,3.8,134.7,4.6,83.2,3.0,173.5,7.0200000000000005,5121.5648,7.196,22.386000000000003,7.608,1.7739999999999998,0.258,16.312,0.06999999999999998,498.722098,512.0,0.8587,0.26232735432,1.54,0.34474905661964,7,-0.4999999999999997,-0.8660254037844388,-0.2943744910124672,-0.9553805259930435,0.15636629649360598,-0.3246979603717467
2024-07-21,29946.8,9148.555740479998,17.444,75.0,66.2016,1415.0,40.2,3947.2,3.8,137.9,4.6,87.85999999999999,3.06,184.48,6.9799999999999995,5333.9549,7.226000000000001,23.419999999999998,8.216,1.8679999999999999,0.268,16.29,0.05999999999999998,486.52133599999996,512.0,0.8587,0.26232735432,1.54,0.34426239186194973,7,-0.4999999999999997,-0.8660254037844388,-0.3107649861095136,-0.9501754647505625,-0.15636629649360595,-0.32469796037174675
2024-07-22,29322.6,8957.86663536,15.970000000000002,75.0,60.6004,1385.0,39.400000000000006,3979.8,3.8,136.0,4.7,76.66,3.04,159.88000000000002,7.08,4492.3787600000005,7.226000000000001,24.468,8.704,1.784,0.29400000000000004,15.954000000000002,0.059999999999999984,466.56498,512.0,0.8587,0.26232735432,1.54,0.3440346495404542,7,-0.4999999999999997,-0.8660254037844388,-0.3270635208474422,-0.9446892313012085,-0.35135187892997066,-0.08019377358048389
2024-07-23,28684.6,8762.961718559998,16.657999999999998,75.0,63.29440000000001,1355.0,38.50000000000001,3991.8,3.8,137.0,5.0,69.35999999999999,3.0800000000000005,146.82,7.1,4010.780600000001,7.252,24.256,8.98,1.6439999999999997,0.28600000000000003,15.744,0.06999999999999998,449.82957999999996,512.0,0.8587,0.26232735432,1.54,0.3442706424523315,7,-0.4999999999999997,-0.8660254037844388,-0.343265272227606,-0.9389234491097243,-0.2817623302598763,0.22469796037174664
2024-07-24,27923.2,8530.358891519998,18.048,75.0,68.5764,1315.0,37.60000000000001,4084.2,3.8,137.2,5.3,68.03999999999999,3.06,144.34,7.159999999999999,3842.089,7.266,24.51,8.922,1.6960000000000002,0.296,15.424000000000001,0.05999999999999998,429.64111999999994,512.0,0.8587,0.26232735432,1.54,0.3444461651719954,7,-0.4999999999999997,-0.8660254037844388,-0.35936544589111047,-0.9328798243638229,-4.4408920985006264e-17,0.3603875471609676
2024-07-25,27413.8,8374.740451679998,19.125999999999998,75.0,72.7764,1290.0,36.800000000000004,4152.4,3.8,139.2,5.3,74.6,3.08,157.68,7.040000000000001,4133.128460000001,7.274000000000001,24.369999999999997,8.238,1.8719999999999999,0.308,15.719999999999999,0.059999999999999984,429.28161,512.0,0.8587,0.26232735432,1.54,0.3446927175351474,7,-0.4999999999999997,-0.8660254037844388,-0.3753592775375418,-0.9265601454692988,0.2817623302598763,0.22469796037174666
2024-07-26,27711.2,8465.59424832,22.848,75.0,86.88640000000001,1305.0,37.300000000000004,4138.2,3.8,137.7,5.3,67.91999999999999,3.04,140.42000000000002,7.080000000000001,3668.8323600000003,7.268000000000001,24.346,7.376,1.8939999999999997,0.28800000000000003,15.844,0.06599999999999998,437.3383599999999,512.0,0.8587,0.26232735432,1.54,0.3454559206293176,7,-0.4999999999999997,-0.8660254037844388,-0.39124203433479965,-0.9199662825208111,0.35135187892997066,-0.08019377358048381
2024-07-27,27806.0,8494.555041599999,23.21,75.0,88.19,1310.0,37.400000000000006,4174.8,3.8,142.3,5.5,67.52000000000001,3.12,139.52000000000004,7.26,3647.0050800000004,7.273999999999999,23.904000000000003,6.616,1.8880000000000003,0.272,15.838,0.06599999999999999,438.584956,512.0,0.8587,0.26232735432,1.54,0.3455415396507007,7,-0.4999999999999997,-0.8660254037844388,-0.40700901631961883,-0.9131001867484911,0.15636629649360598,-0.3246979603717467
2024-07-28,29376.0,8974.179993599999,20.372,75.0,77.39,1385.0,39.60000000000001,4166.8,3.8,148.6,5.2,63.9,3.08,131.74,7.4,3578.4818400000004,7.2299999999999995,22.962,5.926,1.8059999999999998,0.25,15.578,0.06599999999999998,454.244636,512.0,0.8587,0.26232735432,1.54,0.3449083957959536,7,-0.4999999999999997,-0.8660254037844388,-0.4226555577883636,-0.9059638899405431,-0.15636629649360595,-0.32469796037174675
2024-07-29,31422.6,9599.40319536,18.878,75.0,71.6,1485.0,42.300000000000004,4108.8,3.8,150.2,5.1,64.04,3.06,133.18,7.340000000000001,3883.68816,7.178,21.708,5.448,1.6700000000000004,0.246,14.916,0.07199999999999998,459.730594,512.0,0.8587,0.26232735432,1.54,0.3445536918875379,7,-0.4999999999999997,-0.8660254037844388,-0.4381770286776848,-0.8985595038420042,-0.35135187892997066,-0.08019377358048389
2024-07-30,32767.0,10010.108791199998,19.224,75.0,72.8968,1550.0,44.2,4114.4,3.8,146.6,4.7,57.04,2.98,118.55999999999999,7.2,3678.89636,7.162000000000001,21.242,5.52,1.52,0.23600000000000004,13.957999999999998,0.08199999999999999,451.10083000000003,512.0,0.8587,0.26232735432,1.54,0.3444908657001742,7,-0.4999999999999997,-0.8660254037844388,-0.4535688359346297,-0.8908892195298461,-0.2817623302598763,0.22469796037174664
2024-07-31,33561.2,10252.731808319999,17.586000000000002,75.0,66.70599999999999,1585.0,45.2,4032.2,3.8,145.5,4.6,58.32000000000001,3.0,123.38,7.040000000000001,3927.71106,7.136,20.39,5.84,1.4460000000000002,0.25800000000000006,13.494,0.08999999999999998,447.562342,512.0,0.8587,0.26232735432,1.54,0.3439600802200318,7,-0.4999999999999997,-0.8660254037844388,-0.4688264248758006,-0.8829553067646,-4.4408920985006264e-17,0.3603875471609676
2024-08-01,34459.6,10521.73875576,17.75,75.0,67.40119999999999,1625.0,46.300000000000004,3978.6,3.8,141.9,4.1,66.88,2.88,140.2,6.76,4583.29198,7.096000000000001,19.818,6.018,1.324,0.24800000000000005,13.636,0.09999999999999999,465.403542,512.0,0.8587,0.26218731752400004,1.54,0.34362223643475553,8,-0.5732050807568875,-0.7928203230275511,-0.48394528053515884,-0.8747601133186972,0.2817623302598763,0.22469796037174666
2024-08-02,34006.6,10378.0122204,19.68,75.0,74.60119999999999,1605.0,45.7,3990.8,3.8,135.7,4.1,74.54,2.88,155.94,6.44,5066.7029999999995,7.106,19.857999999999997,6.468000000000001,1.424,0.2700000000000001,13.674000000000001,0.09599999999999997,460.22337600000003,512.0,0.8587,0.262047280728,1.54,0.3439086198031682,8,-0.6464101615137753,-0.7196152422706634,-0.49892092900007584,-0.8663060642817264,0.35135187892997066,-0.08019377358048381
2024-08-03,32700.8,9974.28292512,17.866,75.0,67.8012,1545.0,44.00000000000001,4036.6,3.8,135.4,3.8,78.96,2.8200000000000003,167.51999999999998,6.3,5242.77944,7.13,20.137999999999998,6.962000000000001,1.486,0.274,14.3,0.10399999999999998,463.96547799999996,512.0,0.8587,0.261907243932,1.54,0.34362903624130275,8,-0.719615242270663,-0.6464101615137758,-0.5137489387352359,-0.8575956613428104,0.15636629649360598,-0.3246979603717467
2024-08-04,32250.0,9831.4191162,16.254,75.0,61.7044,1525.0,43.300000000000004,4022.8,3.8,135.6,4.2,82.7,2.8600000000000003,174.22,6.279999999999999,5391.9962,7.1240000000000006,19.832,7.322,1.5419999999999998,0.28400000000000003,14.565999999999999,0.10399999999999998,466.460264,512.0,0.8587,0.261767207136,1.54,0.3433200009701434,8,-0.7928203230275508,-0.5732050807568881,-0.5284249218939985,-0.8486314820503156,-0.15636629649360595,-0.32469796037174675
2024-08-05,31470.6,9588.405760919999,14.59,75.0,55.2952,1490.0,42.300000000000004,4089.2,3.8,134.8,4.3,85.22,2.7800000000000002,179.4,6.26,5451.26274,7.136,19.6,7.725999999999999,1.538,0.272,14.720000000000002,0.08999999999999998,461.076128,512.0,0.8587,0.26162717034,1.54,0.34302520115326657,8,-0.8660254037844385,-0.5000000000000004,-0.5429445356168331,-0.8394161790491144,-0.35135187892997066,-0.08019377358048389
2024-08-06,30788.4,9380.55429288,14.940000000000001,75.0,56.6,1460.0,41.50000000000001,4099.2,3.8,131.2,4.3,78.7,2.7600000000000002,166.23999999999998,6.08,4939.55726,7.168000000000001,19.857999999999997,8.126,1.6019999999999999,0.272,14.578,0.08599999999999998,446.28712400000006,512.0,0.8587,0.26162717034,1.54,0.34328603594833645,8,-0.8660254037844385,-0.5000000000000004,-0.5573034833164412,-0.8299524792956248,-0.2817623302598763,0.22469796037174664
2024-08-07,29841.4,9092.02403748,16.54,75.0,62.8,1415.0,40.10000000000001,4111.6,3.8,128.4,4.3,70.97999999999999,2.6799999999999997,151.23999999999998,5.92,4359.68258,7.162000000000001,19.945999999999998,8.556000000000001,1.4780000000000002,0.27,14.309999999999999,0.07999999999999997,425.04994999999997,512.0,0.8587,0.26162717034,1.54,0.3437210788459294,8,-0.8660254037844385,-0.5000000000000004,-0.5714975159491852,-0.8202431832508601,-4.4408920985006264e-17,0.3603875471609676
2024-08-08,29348.0,8941.6958136,18.201999999999998,75.0,69.2,1395.0,39.300000000000004,4053.6,3.8,127.3,4.3,71.9,2.78,149.0,6.0600000000000005,4202.11872,7.164,20.483999999999998,8.315999999999999,1.536,0.256,14.751999999999999,0.07199999999999998,430.22202,512.0,0.8587,0.26162717034,1.54,0.34431237886644195,8,-0.8660254037844385,-0.5000000000000004,-0.5855224332724489,-0.8102911640517277,0.2817623302598763,0.22469796037174666
2024-08-09,29523.2,8995.07543424,18.326,75.0,69.6,1400.0,39.7,4065.4,3.8,126.0,4.1,70.94000000000001,2.7199999999999998,146.85999999999999,6.0600000000000005,4163.02638,7.17,20.79,7.785999999999999,1.56,0.23000000000000004,14.678,0.06199999999999998,430.672308,512.0,0.8587,0.26162717034000005,1.54,0.3441547913757607,8,-0.8660254037844385,-0.5000000000000004,-0.599374085087557,-0.8000993666608214,0.35135187892997066,-0.08019377358048381
2024-08-10,29717.8,9054.36581196,20.07,75.0,76.4,1410.0,39.7,4043.6,3.8,128.8,4.1,71.2,2.7399999999999998,151.6,6.02,4341.0065,7.148000000000001,20.95,7.422,1.552,0.22400000000000003,14.714000000000002,0.07199999999999998,434.251778,512.0,0.8587,0.26162717034000005,1.54,0.344508291412195,8,-0.8660254037844385,-0.5000000000000004,-0.6130483724678861,-0.7896708069949587,0.15636629649360598,-0.3246979603717467
2024-08-11,30346.0,9245.7646572,17.844,75.0,68.0,1440.0,40.400000000000006,4039.8,3.8,128.9,4.1,71.03999999999999,2.7,147.57999999999998,6.0,4280.31258,7.13,20.186,7.324000000000001,1.48,0.23600000000000004,14.514000000000001,0.06599999999999998,437.19536200000005,512.0,0.8587,0.26162717034,1.54,0.3440460584787818,8,-0.8660254037844385,-0.5000000000000004,-0.626541248971802,-0.7790085710327249,-0.15636629649360595,-0.32469796037174675
2024-08-12,31458.6,9584.749622520001,14.456,75.0,55.0,1495.0,42.10000000000001,4016.0,3.8,131.5,4.2,77.14000000000001,2.8400000000000003,151.92000000000002,6.26,4527.829820000001,7.109999999999999,19.954,7.014000000000001,1.48,0.244,14.565999999999999,0.06399999999999997,453.883064,512.0,0.8587,0.26162717034,1.54,0.34339059440364655,8,-0.8660254037844385,-0.5000000000000004,-0.6398487218400676,-0.7681158139012797,-0.35135187892997066,-0.08019377358048389
2024-08-13,32504.0,9903.2602128,16.14,75.0,61.4,1545.0,43.50000000000001,3994.0,3.8,130.4,4.3,70.96000000000001,2.74,140.68,6.14,4353.69628,7.096000000000001,19.342000000000002,7.3100000000000005,1.356,0.252,13.818000000000001,0.05799999999999998,447.120714,512.0,0.8587,0.26162717034,1.54,0.3435656326713171,8,-0.8660254037844385,-0.5000000000000004,-0.6529668531773646,-0.756995758942706,-0.2817623302598763,0.22469796037174664
2024-08-14,32332.0,9850.8555624,15.547999999999998,75.0,59.1928,1540.0,43.10000000000001,3952.2,3.8,130.0,4.4,68.14000000000001,2.7600000000000002,134.32,6.2,4123.0262999999995,7.072,18.53,8.296000000000001,1.2420000000000002,0.28,13.198000000000002,0.05799999999999998,425.11653400000006,512.0,0.8587,0.26162717034,1.54,0.3436267442520581,8,-0.8660254037844385,-0.5000000000000004,-0.66589176111758,-0.7456516967601704,-4.4408920985006264e-17,0.3603875471609676
2024-08-15,32621.4,9939.029433480002,15.536000000000001,75.0,58.9928,1555.0,43.7,4010.0,3.8,125.7,4.6,63.360000000000014,2.8200000000000003,118.66,6.32,3660.16378,7.074,18.6,8.852,1.25,0.29600000000000004,13.081999999999999,0.05399999999999998,425.6309560000001,512.0,0.8587,0.26162717034,1.54,0.3436593198816732,8,-0.8660254037844385,-0.5000000000000004,-0.6786196209725125,-0.7340869842441813,0.2817623302598763,0.22469796037174666
2024-08-16,32417.8,9876.996951960002,17.69,75.0,67.1928,1545.0,43.50000000000001,4009.6,3.8,128.6,4.7,66.94000000000001,2.78,130.16,6.2,4014.2015799999995,7.07,19.524,9.297999999999998,1.552,0.28800000000000003,13.398000000000001,0.05399999999999998,432.941288,512.0,0.8587,0.26162717034000005,1.54,0.3440491206100895,8,-0.8660254037844385,-0.5000000000000004,-0.6911466663636593,-0.7223050435792304,0.35135187892997066,-0.08019377358048381
2024-08-17,31256.2,9523.082754840001,19.012,75.0,72.292,1490.0,41.900000000000006,4046.6,3.8,130.7,4.5,64.86000000000001,2.66,129.32,6.06,3855.6155,7.0920000000000005,20.779999999999998,9.844000000000001,1.764,0.28600000000000003,13.588,0.06599999999999998,422.03692,512.0,0.8587,0.26162717034000005,1.54,0.3444201442772302,8,-0.8660254037844385,-0.5000000000000004,-0.7034691903367486,-0.7103093612311137,0.15636629649360598,-0.3246979603717467
2024-08-18,30267.2,9221.75601504,15.344,75.0,58.288,1440.0,40.7,4066.2,3.8,135.0,4.8,65.08000000000001,2.7199999999999998,129.33999999999997,6.14,3734.0091,7.0920000000000005,21.78,9.974,1.94,0.28200000000000003,14.198000000000002,0.06599999999999998,426.11751000000004,512.0,0.8587,0.26162717034000005,1.54,0.34365559174637145,8,-0.8660254037844385,-0.5000000000000004,-0.7155835464586864,-0.6981034869152298,-0.15636629649360595,-0.32469796037174675
2024-08-19,30525.4,9300.42392628,14.112,75.0,53.6952,1450.0,41.10000000000001,4108.8,3.8,135.0,5.2,61.67999999999999,2.8200000000000003,122.97999999999999,6.5,3546.76616,7.090000000000001,22.676,9.081999999999999,2.0140000000000002,0.274,14.956,0.07199999999999998,453.67595,512.0,0.8587,0.26162717034000005,1.54,0.3433084205972058,8,-0.8660254037844385,-0.5000000000000004,-0.7274861498965948,-0.6856910325461627,-0.35135187892997066,-0.08019377358048389
2024-08-20,30506.4,9294.63504048,13.544,75.0,51.6044,1445.0,41.00000000000001,4152.4,3.8,137.5,5.3,62.480000000000004,2.84,124.84,6.62,3601.39488,7.101999999999999,22.863999999999997,8.352,2.074,0.25800000000000006,14.946000000000002,0.07599999999999998,452.95935799999995,512.0,0.8587,0.26162717034000005,1.54,0.3430032056149922,8,-0.8660254037844385,-0.5000000000000004,-0.7391734784786219,-0.6730756711688572,-0.2817623302598763,0.22469796037174664
2024-08-21,30036.2,9151.37535084,12.916,75.0,49.2044,1420.0,40.400000000000006,4133.8,3.8,135.2,5.5,58.220000000000006,2.96,114.78,6.859999999999999,3223.0480799999996,7.116,22.162,8.2,1.8439999999999999,0.258,14.556000000000001,0.086,433.74875199999997,512.0,0.8587,0.26162717034000005,1.54,0.34279089581932387,8,-0.8660254037844385,-0.5000000000000004,-0.7506420737362096,-0.6602611358717068,-4.4408920985006264e-17,0.3603875471609676
2024-08-22,31014.2,9449.35063044,13.038,75.0,49.6052,1465.0,41.7,4112.8,3.8,133.1,5.6,59.98,3.0200000000000005,120.2,6.959999999999999,3510.4449199999995,7.118,21.375999999999998,7.302,1.7419999999999998,0.25200000000000006,14.662,0.07599999999999998,451.745564,512.0,0.8587,0.26162717034000005,1.54,0.34262416624991066,8,-0.8660254037844385,-0.5000000000000004,-0.7618885419275089,-0.6472512186818717,0.2817623302598763,0.22469796037174666
2024-08-23,31673.0,9650.0726286,13.26,75.0,50.4092,1495.0,42.50000000000001,4087.8,3.8,131.1,5.3,65.6,2.96,130.85999999999999,6.9,3918.6097999999997,7.124,20.49,6.8340000000000005,1.782,0.25200000000000006,14.578,0.07999999999999999,459.45178400000003,512.0,0.8587,0.26162717034,1.54,0.34255764826521184,8,-0.8660254037844385,-0.5000000000000004,-0.7729095550416438,-0.6340497694431577,0.35135187892997066,-0.08019377358048381
2024-08-24,30794.2,9382.321426440001,13.136000000000001,75.0,49.8092,1454.95248,41.400000000000006,4030.8,3.8,135.4,5.1,72.92,2.8600000000000003,149.5,6.4799999999999995,4376.3823999999995,7.117999999999999,20.366,7.9319999999999995,1.918,0.24200000000000005,14.716,0.08399999999999999,450.29648,512.0,0.8587,0.26162717034000005,1.54,0.3426619508230968,8,-0.8660254037844385,-0.5000000000000004,-0.7837018517835231,-0.6206606946767856,0.15636629649360598,-0.3246979603717467
2024-08-25,30187.4,9197.442694680001,11.412,75.0,43.3,1424.95248,40.50000000000001,4011.8,3.8,134.3,4.9,77.9,2.7399999999999998,160.7,6.14,4652.29098,7.112,20.6,8.796,2.032,0.24600000000000005,15.022,0.07399999999999998,451.25229199999995,512.0,0.8587,0.26162717034000005,1.54,0.3422936468707062,8,-0.8660254037844385,-0.5000000000000004,-0.7942622385389093,-0.6070879564253884,-0.15636629649360595,-0.32469796037174675
2024-08-26,30186.6,9197.198952120001,10.084,75.0,38.2,1424.95248,40.60000000000001,4001.4,3.8,140.2,5.1,87.1,2.66,181.22,5.9799999999999995,5267.79174,7.081999999999999,22.124000000000002,8.68,2.274,0.24200000000000005,15.538,0.06399999999999997,466.89891,512.0,0.8587,0.26162717034,1.54,0.3420370245453371,8,-0.8660254037844385,-0.5000000000000004,-0.8045875903194609,-0.5933355710805789,-0.35135187892997066,-0.08019377358048389
2024-08-27,29573.0,9010.2484086,10.39,75.0,39.4,1394.95248,39.7,4039.8,3.8,146.0,5.4,87.38,2.68,182.34,6.04,5211.45674,7.086,22.112000000000002,8.708,2.256,0.254,15.59,0.07399999999999998,458.86952199999996,512.0,0.8587,0.26162717034000005,1.54,0.3421097032508474,8,-0.8660254037844385,-0.5000000000000004,-0.8146748516874677,-0.579407608194435,-0.2817623302598763,0.22469796037174664
2024-08-28,29266.2,8916.77313684,14.001999999999999,75.0,53.2,1379.95248,39.300000000000004,4065.2,3.8,148.4,5.9,87.64000000000001,2.72,182.8,6.26,5164.8746599999995,7.086,23.082,8.954,2.226,0.25000000000000006,16.318,0.06999999999999998,475.465002,512.0,0.8587,0.26162717034000005,1.54,0.3428301050813666,8,-0.8660254037844385,-0.5000000000000004,-0.8245210376600021,-0.5653081892752544,-4.4408920985006264e-17,0.3603875471609676
2024-08-29,29452.0,8973.3823464,15.331999999999999,75.0,58.294000000000004,1390.0,39.50000000000001,4139.4,3.8,148.0,6.2,88.78,2.7399999999999998,182.68,6.38,5193.49106,7.1,23.046,8.532,2.2,0.25600000000000006,16.485999999999997,0.06999999999999998,483.271936,512.0,0.8587,0.26162717034000005,1.54,0.3431510058487161,8,-0.8660254037844385,-0.5000000000000004,-0.834123234592225,-0.551041486567933,0.2817623302598763,0.22469796037174666
2024-08-30,29466.0,8977.6478412,17.53,75.0,66.59400000000001,1395.0,39.60000000000001,4168.0,3.8,154.6,6.5,94.54,2.7800000000000002,194.70000000000002,6.6,5543.61546,7.112,23.816,8.268,2.2399999999999998,0.26400000000000007,16.842000000000002,0.06999999999999998,493.98094000000003,512.0,0.8587,0.26162717034000005,1.54,0.34382687571421255,8,-0.8660254037844385,-0.5000000000000004,-0.8434786010395795,-0.536611721819331,0.35135187892997066,-0.08019377358048381
2024-08-31,29126.6,8874.24006012,19.154000000000003,75.0,72.784,1385.0,39.00000000000001,4184.8,3.8,151.6,6.4,95.5,2.9,193.68,6.9,5437.1897,7.128,23.568,8.296000000000001,2.1420000000000003,0.276,17.222,0.06999999999999998,499.16283599999997,512.0,0.8587,0.26162717034000005,1.54,0.34452604375114837,8,-0.8660254037844385,-0.5000000000000004,-0.8525843685986209,-0.5220231650289905,0.15636629649360598,-0.3246979603717467
2024-09-01,28254.6,8667.3551792,15.542000000000002,75.0,59.084,1345.0,37.900000000000006,4104.6,3.04,156.0,6.1,96.75999999999999,2.9,201.2,7.08,5493.03006,7.132,24.306000000000004,8.778,2.164,0.25200000000000006,17.169999999999998,0.059999999999999984,484.74480800000003,512.0,0.8587,0.263629504174,1.54,0.34590103609519895,9,-0.8928203230275509,-0.40000000000000036,-0.86143784272623,-0.5072801331855727,-0.15636629649360595,-0.32469796037174675
2024-09-02,28541.4,8825.94833794,13.943999999999999,75.0,52.976800000000004,1360.0,38.300000000000004,4106.0,3.04,164.0,6.1,98.03999999999999,3.04,205.2,7.4,5655.83302,7.13,25.004,8.395999999999999,2.1679999999999997,0.24800000000000005,16.683999999999997,0.06999999999999998,475.049532,512.0,0.8587,0.265631838008,1.54,0.34762343961612524,9,-0.9196152422706632,-0.3000000000000004,-0.8700364035369745,-0.4923869889893928,-0.35135187892997066,-0.08019377358048389
2024-09-03,28736.4,8956.201278539998,14.530000000000001,75.0,55.282799999999995,1370.0,38.50000000000001,4095.0,3.04,170.2,5.9,96.3,3.1,196.11999999999998,7.56,5412.32782,7.142,25.564,8.258,2.092,0.23200000000000004,16.432,0.05999999999999998,470.870222,512.0,0.8587,0.267634171842,1.54,0.3497577906515009,9,-0.9464101615137753,-0.20000000000000026,-0.8783775065783725,-0.4773481395614261,-0.2817623302598763,0.22469796037174664
2024-09-04,28905.6,9078.46527148,14.597999999999999,75.0,55.5828,1375.0,38.800000000000004,4040.4,3.04,176.1,5.9,91.68,3.12,189.52,7.76,5243.561780000001,7.154000000000001,25.528000000000002,8.245999999999999,2.0260000000000002,0.22400000000000003,16.35,0.059999999999999984,471.276892,512.0,0.8587,0.269636505676,1.54,0.3515968550075736,9,-0.9732050807568877,-0.10000000000000024,-0.8864586835838388,-0.46216803513916993,-4.4408920985006264e-17,0.3603875471609676
2024-09-05,29428.0,9309.174064399998,14.780000000000001,75.0,56.2928,1395.0,39.50000000000001,3970.4,3.04,188.3,5.8,93.72,3.1,194.16000000000003,7.74,5489.870620000001,7.176,26.163999999999998,8.148,2.028,0.22000000000000003,15.959999999999999,0.059999999999999984,468.74545599999993,512.0,0.8587,0.27163883951,1.54,0.35330135931285045,9,-1.0,-1.8369701987210297e-16,-0.8942775432030838,-0.44685116775974754,0.2817623302598763,0.22469796037174666
2024-09-06,30672.8,9702.95073544,18.375999999999998,75.0,69.8928,1455.0,41.300000000000004,4010.4,3.8,195.0,6.1,90.24000000000001,3.12,181.02,7.74,5306.93882,7.172,26.381999999999998,8.072,2.0,0.23600000000000004,15.801999999999998,0.06599999999999998,482.39855199999994,512.0,0.8587,0.27163883951,1.54,0.3540123476417114,9,-1.0,-1.8369701987210297e-16,-0.9018317717097529,-0.43140206993064084,0.35135187892997066,-0.08019377358048381
2024-09-07,30221.8,9560.28261314,18.436,75.0,70.1,1430.0,40.800000000000004,4017.2,3.8,195.2,6.1,87.8,3.08,173.0,7.58,4997.042380000001,7.178,25.474,8.356,1.9720000000000002,0.24800000000000005,15.494,0.06599999999999998,466.23204999999996,512.0,0.8587,0.27163883951,1.54,0.353879663306361,9,-1.0,-1.8369701987210297e-16,-0.9091191336860952,-0.41582531328844974,0.15636629649360598,-0.3246979603717467
2024-09-08,30087.0,9517.6403451,16.098,75.0,61.1,1420.0,40.7,3994.4,3.8,196.6,6.0,86.53999999999999,3.12,173.52000000000004,7.5200000000000005,4994.77978,7.172,25.356,8.524000000000001,2.024,0.26,15.514000000000001,0.06599999999999998,464.796082,512.0,0.8587,0.27163883951,1.54,0.3532389688012866,9,-1.0,-1.8369701987210297e-16,-0.9161374726844592,-0.4001255072460708,-0.15636629649360595,-0.32469796037174675
2024-09-09,29086.4,9201.11324272,15.866,75.0,60.1,1375.0525599999999,39.400000000000006,3972.4,3.8,206.1,6.0,87.62,3.1,170.9,7.459999999999999,4742.54308,7.154000000000001,25.718,8.437999999999999,2.01,0.268,15.459999999999999,0.06599999999999999,446.72868,512.0,0.8587,0.27163883951,1.54,0.35345428882655316,9,-1.0,-1.8369701987210297e-16,-0.9228847118654212,-0.38430729762869714,-0.35135187892997066,-0.08019377358048389
2024-09-10,27565.0,8719.837674499999,13.866,75.0,52.5,1300.0525599999999,37.400000000000006,4046.2,3.8,208.1,5.9,85.66,3.06,168.14000000000001,7.32,4345.70504,7.142,25.401999999999997,8.656,1.986,0.26,15.662,0.07599999999999998,426.6493259999999,512.0,0.8587,0.27163883951,1.54,0.3529665306066477,9,-1.0,-1.8369701987210297e-16,-0.929358854612355,-0.3683753652990453,-0.2817623302598763,0.22469796037174664
2024-09-11,26524.0,8390.5305452,12.229999999999999,75.0,46.3,1250.0525599999999,35.900000000000006,4044.0,3.8,214.2,5.6,91.82000000000001,3.1,182.96,7.26,4611.96488,7.136,25.136000000000003,9.040000000000001,2.014,0.256,16.128,0.06999999999999998,424.15541199999996,512.0,0.8587,0.27163883951,1.54,0.352709961969867,9,-1.0,-1.8369701987210297e-16,-0.9355579851222627,-0.3523344247722119,-4.4408920985006264e-17,0.3603875471609676
2024-09-12,26405.2,8352.94967396,12.34,75.0,46.8,1245.0525599999999,35.60000000000001,4046.8,3.8,231.6,5.4,95.32000000000001,3.02,193.14000000000001,7.040000000000001,4881.53876,7.138,25.546,9.742,2.0460000000000003,0.264,16.439999999999998,0.06999999999999998,431.01388,512.0,0.8587,0.27163883951,1.54,0.3527798223076604,9,-1.0,-1.8369701987210297e-16,-0.9414802689726922,-0.33618922282057256,0.2817623302598763,0.22469796037174666
2024-09-13,25402.2,8035.66336206,16.226,76.0,61.6032,1200.0525599999999,34.2,4072.8,3.8,232.2,5.5,97.56,2.94,200.23999999999998,7.12,4906.9270799999995,7.136,25.768,9.934,2.006,0.272,16.607999999999997,0.07599999999999998,419.808342,512.0,0.8587,0.27163883951,1.54,0.3539037929026253,9,-1.0,-1.8369701987210297e-16,-0.9471239536645717,-0.31994453706913595,0.35135187892997066,-0.08019377358048381
2024-09-14,25835.6,8172.76394788,15.702000000000002,77.0,59.6992,1220.0,34.60000000000001,4007.0,3.8,218.6,5.1,100.30000000000001,2.96,204.61999999999998,7.0,5106.25588,7.111999999999999,25.518,10.072,1.9599999999999997,0.27599999999999997,16.756,0.07599999999999998,430.993142,512.0,0.8587,0.27163883950999995,1.54,0.3536892989987087,9,-1.0,-1.8369701987210297e-16,-0.9524873691408026,-0.30360517458176817,0.15636629649360598,-0.3246979603717467
2024-09-15,27422.0,8674.6014406,17.298,78.0,65.69919999999999,1300.0,36.800000000000004,4017.0,3.8,210.6,4.9,99.16,2.8600000000000003,204.77999999999997,7.06,5439.32778,7.109999999999999,25.606,9.766,1.918,0.2840000000000001,16.536,0.07399999999999998,451.31346399999995,512.0,0.8587,0.27163883950999995,1.54,0.3541963336378307,9,-1.0,-1.8369701987210297e-16,-0.9575689282804565,-0.287175970438704,-0.15636629649360595,-0.32469796037174675
2024-09-16,28102.2,8889.77407206,17.074,78.0,64.896,1330.0,37.7,4012.8,3.8,202.2,4.8,100.86,2.8,208.68,7.08,5685.99442,7.110000000000001,25.462,9.053999999999998,1.916,0.276,16.41,0.07399999999999998,458.9049099999999,512.0,0.8587,0.27163883951,1.54,0.35397187266575086,9,-1.0,-1.8369701987210297e-16,-0.9623671273684294,-0.27066178630577,-0.35135187892997066,-0.08019377358048389
2024-09-17,28341.4,8965.44195422,15.038,78.0,57.098,1345.0,38.10000000000001,4042.2,3.8,178.2,4.6,100.04,2.8600000000000003,202.77999999999997,7.1,5564.47978,7.090000000000001,25.296,8.431999999999999,1.8559999999999999,0.26800000000000007,16.376,0.06399999999999997,462.170406,512.0,0.8587,0.27163883951,1.54,0.3537381202395874,9,-1.0,-1.8369701987210297e-16,-0.9668805465404162,-0.25406750899573866,-0.2817623302598763,0.22469796037174664
2024-09-18,27952.0,8842.2602096,11.268,77.0,42.6948,1325.0,37.7,4016.6,3.8,172.7,4.1,102.84,2.9,207.88000000000002,6.92,5613.463659999999,7.101999999999999,25.948,8.374,1.9,0.26800000000000007,16.728,0.05799999999999998,464.09403999999995,512.0,0.8587,0.27163883951,1.54,0.3527729781063307,9,-1.0,-1.8369701987210297e-16,-0.9711078502030691,-0.23739804902224235,-4.4408920985006264e-17,0.3603875471609676
2024-09-19,28322.0,8959.305010599997,11.712,76.0,44.398799999999994,1345.0,38.2,4064.4,3.8,171.1,4.1,95.6,3.0000000000000004,195.37999999999997,7.219999999999999,5310.8144600000005,7.114,25.657999999999998,8.432,1.8800000000000001,0.25600000000000006,16.318,0.06599999999999998,458.179538,512.0,0.8587,0.27163883951,1.54,0.35296182612057275,9,-1.0,-1.8369701987210297e-16,-0.975047787429224,-0.22065833914667285,0.2817623302598763,0.22469796037174666
2024-09-20,28779.6,9104.060959079998,11.912,75.0,45.2052,1365.0,38.800000000000004,4050.6,3.8,165.6,4.3,88.4,3.08,179.16,7.039999999999999,4872.17226,7.088000000000001,24.73,8.528,1.8199999999999998,0.24800000000000005,15.758000000000001,0.057999999999999975,447.113146,512.0,0.8587,0.27163883951,1.54,0.3528692040218961,9,-1.0,-1.8369701987210297e-16,-0.9786991923280685,-0.20385333291849853,0.35135187892997066,-0.08019377358048381
2024-09-21,28466.6,9005.04738418,13.784,75.0,52.308400000000006,1350.0,38.300000000000004,3953.8,3.8,156.6,4.6,83.64,3.08,171.61999999999998,6.9,4597.79266,7.110000000000001,24.976,8.906,1.778,0.25200000000000006,15.818000000000001,0.05799999999999998,443.78302599999995,512.0,0.8587,0.27163883950999995,1.54,0.3532616020946243,9,-1.0,-1.8369701987210297e-16,-0.9820609843901467,-0.18698800320942882,0.15636629649360598,-0.3246979603717467
2024-09-22,29323.0,9275.958647899999,11.994,75.0,45.5064,1390.0,39.50000000000001,3917.0,3.04,155.9,4.6,80.38,3.0,167.95999999999998,6.719999999999999,4634.20774,7.136,24.535999999999998,9.244000000000002,1.8119999999999998,0.264,15.345999999999998,0.06599999999999998,441.933038,512.0,0.8587,0.27163883950999995,1.54,0.35286356024479754,9,-1.0,-1.8369701987210297e-16,-0.9851321688071023,-0.17006734074186178,-0.15636629649360595,-0.32469796037174675
2024-09-23,31662.2,10015.934860059999,14.148,75.0,53.706399999999995,1500.0,42.7,3917.0,3.04,153.6,5.0,74.36,2.98,155.95999999999998,6.82,4706.376539999999,7.114,23.234,9.452,1.8,0.256,14.559999999999999,0.06599999999999998,456.40739,512.0,0.8587,0.27163883950999995,1.54,0.35307549260265186,9,-1.0,-1.8369701987210297e-16,-0.9879118367660551,-0.15309635261204882,-0.35135187892997066,-0.08019377358048389
2024-09-24,32503.2,10281.974529359999,14.34,75.0,54.4064,1540.0,44.00000000000001,3967.6,3.04,153.6,5.2,72.41999999999999,3.02,153.61999999999998,6.7,4743.7618600000005,7.12,22.84,9.618,1.8079999999999998,0.268,14.440000000000001,0.06599999999999998,465.05598,512.0,0.8587,0.27163883951,1.54,0.3530252259787744,9,-1.0,-1.8369701987210297e-16,-0.9903991657185358,-0.13608006080841467,-0.2817623302598763,0.22469796037174664
2024-09-25,32774.6,10367.828472579999,16.046,75.0,60.8,1555.0,44.400000000000006,3966.4,3.04,155.7,5.5,75.11999999999999,2.98,154.32,6.9,4795.90848,7.1240000000000006,22.968,10.062,1.816,0.276,14.868,0.06599999999999998,483.47494400000005,512.0,0.8587,0.27163883951,1.54,0.35338757836266765,9,-1.0,-1.8369701987210297e-16,-0.9925934196238899,-0.11902350072546963,-4.4408920985006264e-17,0.3603875471609676
2024-09-26,34007.8,10757.93563094,16.022,75.0,60.7,1615.0,45.900000000000006,4014.4,3.04,158.3,5.6,74.47999999999999,3.06,146.58,7.0200000000000005,4743.86458,7.087999999999999,22.688,10.462,1.8920000000000001,0.28,14.669999999999998,0.06599999999999998,496.822238,512.0,0.8587,0.27163883951,1.54,0.35332578261358616,9,-1.0,-1.8369701987210297e-16,-0.9944939491670848,-0.10193171967375594,0.2817623302598763,0.22469796037174666
2024-09-27,34163.6,10807.22098228,21.058,75.0,79.9,1620.0,45.900000000000006,4009.0,3.8,155.4,6.1,71.82000000000001,3.14,139.3,7.2,4515.532380000001,7.062,22.812,10.736,1.9140000000000001,0.262,14.7,0.06599999999999998,500.026522,512.0,0.8587,0.27163883951,1.54,0.354072999597821,9,-1.0,-1.8369701987210297e-16,-0.9961001919508521,-0.0848097753862671,0.35135187892997066,-0.08019377358048381
2024-09-28,32960.4,10426.60394292,20.89,75.0,79.3,1565.0,44.300000000000004,3986.8,3.8,158.4,5.9,70.96,3.14,138.98000000000002,7.159999999999999,4328.89846,7.056,23.448,10.22,1.8519999999999999,0.264,14.956,0.06999999999999998,490.54911400000003,512.0,0.8587,0.27163883951,1.54,0.35427426073945817,9,-1.0,-1.8369701987210297e-16,-0.99741167266211,-0.06766273452178341,0.15636629649360598,-0.3246979603717467
2024-09-29,32908.6,10410.217670779999,18.93,75.0,71.8,1560.0,44.2,4013.8,3.8,157.9,6.0,74.28,2.98,142.92000000000002,7.06,4457.05544,7.052,23.654,9.876,1.8619999999999997,0.27,15.086000000000002,0.06199999999999998,494.39289800000006,512.0,0.8587,0.27163883951,1.54,0.3538076418214929,9,-1.0,-1.8369701987210297e-16,-0.9984280032126165,-0.0504956711655658,-0.15636629649360595,-0.32469796037174675
2024-09-30,32359.4,10236.48522562,15.363999999999999,75.0,58.4,1530.0,43.400000000000006,3996.6,3.8,171.0,5.7,78.03999999999999,2.98,152.08,6.94,4681.30776,7.082000000000001,24.02,9.808,1.886,0.2760000000000001,15.288,0.06199999999999998,492.40219800000006,512.0,0.8587,0.27163883951,1.54,0.35303857355266716,9,-1.0,-1.8369701987210297e-16,-0.9991488828538102,-0.033313665327853084,-0.35135187892997066,-0.08019377358048389
2024-10-01,31694.6,9867.52373252,16.863999999999997,75.0,64.1,1500.0,42.7,4026.4,3.8,176.2,5.5,78.05999999999999,2.8800000000000003,153.0,6.8,4623.1952599999995,7.101999999999999,24.272,9.972,1.818,0.27599999999999997,15.282000000000002,0.061999999999999986,482.02534799999995,512.0,0.8587,0.26723129094739373,1.54,0.3490707416687514,10,-0.9732050807568878,0.09999999999999988,-0.9995740982658079,-0.01612180144060451,-0.2817623302598763,0.22469796037174664
2024-10-02,29651.8,9351.7832679,15.430000000000001,75.0,58.5,1404.98884,40.10000000000001,4036.2,3.8,182.2,5.3,80.35999999999999,2.88,158.45999999999998,6.840000000000001,4501.38084,7.109999999999999,25.05,10.117999999999999,1.794,0.278,15.396,0.06199999999999998,455.764006,512.0,0.8587,0.27195203777172416,1.54,0.3538965259200203,10,-0.9464101615137755,0.19999999999999993,-0.9997035236205278,0.0010748331470651796,-4.4408920985006264e-17,0.3603875471609676
2024-10-03,27520.2,9185.46898486,17.26,75.0,65.5,1304.98884,37.10000000000001,4102.2,3.8,182.4,5.5,85.91999999999999,3.6799999999999997,170.4,6.88,4399.23788,7.134,25.619999999999997,11.081999999999999,1.8559999999999999,0.28200000000000003,15.680000000000001,0.057999999999999975,428.71476999999993,512.0,0.8587,0.2965051884783024,1.54,0.37959225147752584,10,-0.9196152422706632,0.3,-0.9995371206189254,0.01827114967431425,0.2817623302598763,0.22469796037174666
2024-10-04,24901.2,8801.61157876,19.058,75.0,72.3972,1179.98884,33.60000000000001,4019.8,3.8,187.0,5.7,88.68,3.9200000000000004,177.02,7.1,4156.29398,7.154000000000001,26.157999999999998,11.778,1.916,0.27,15.674000000000001,0.05799999999999998,388.88959,512.0,0.8587,0.31541572666842715,1.54,0.3991258966424224,10,-0.8928203230275509,0.4000000000000001,-0.9990749385023259,0.03546205947441998,0.35135187892997066,-0.08019377358048381
2024-10-05,23788.6,8571.0,19.156,75.0,72.7972,1129.98884,32.00000000000001,4075.4,3.8,173.3,5.8,87.02000000000001,4.08,173.78000000000003,7.3199999999999985,3867.9944800000003,7.160000000000001,26.922000000000004,12.252,1.982,0.268,16.18,0.05799999999999998,384.005886,512.0,0.8587,0.31937120668807617,1.54,0.40330612785587244,10,-0.8660254037844386,0.5000000000000001,-0.9983171140378533,0.05264247548059755,0.15636629649360598,-0.3246979603717467
2024-10-06,21421.4,8349.0,16.000000000000004,75.0,60.7972,1014.98884,28.800000000000004,4126.2,3.8,162.9,5.8,84.52000000000001,4.1,171.72000000000003,7.459999999999999,3489.8870800000004,7.144,27.616000000000003,12.324,2.1,0.27,17.15,0.06199999999999998,366.21417599999995,512.0,0.8587,0.3403528222110678,1.54,0.42374035492803197,10,-0.8660254037844386,0.5000000000000001,-0.997263871477959,0.06980731373134444,-0.15636629649360595,-0.32469796037174675
2024-10-07,21635.8,8409.0,15.528,75.0,59.0912,1025.0,29.100000000000005,4122.0,3.8,161.4,5.7,85.0,4.1,176.2,7.4399999999999995,3633.6052600000003,7.148000000000001,27.892000000000003,12.428,2.07,0.28,17.532,0.05399999999999998,379.050526,512.0,0.8587,0.3398779982728849,1.54,0.4231122491820588,10,-0.8660254037844386,0.5000000000000001,-0.9959155224940615,0.0869514948748665,-0.35135187892997066,-0.08019377358048389
2024-10-08,22337.8,8514.0,13.457999999999998,75.0,51.191199999999995,1055.0,30.000000000000007,4105.8,3.8,169.8,5.8,84.1,3.3200000000000003,172.08,7.5,3689.70478,7.142,28.694,12.038,2.056,0.29200000000000004,18.686,0.06799999999999998,414.90922599999993,512.0,0.8587,0.3311024519147297,1.54,0.41319951612553324,10,-0.8660254037844386,0.5000000000000001,-0.994272466084318,0.10406994567214008,-0.2817623302598763,0.22469796037174664
2024-10-09,24434.4,8652.0,13.728,75.0,52.294000000000004,1155.0,32.7,4153.8,3.8,176.7,5.5,82.42,3.2400000000000007,169.51999999999998,7.340000000000001,3981.1076399999997,7.112,28.284000000000002,11.260000000000002,1.9919999999999998,0.304,18.711999999999996,0.06799999999999998,447.42828199999997,512.0,0.8587,0.3099354137129319,1.54,0.3918152545409748,10,-0.8660254037844386,0.5000000000000001,-0.9923351884555544,0.12115760049816504,-4.4408920985006264e-17,0.3603875471609676
2024-10-10,25453.2,8724.0,17.148000000000003,75.0,65.2008,1205.0,34.2,4092.4,3.8,183.5,5.3,80.92,3.12,169.45999999999998,7.159999999999999,4147.7862000000005,7.082000000000001,27.68,10.25,1.906,0.306,18.612000000000002,0.07599999999999998,463.288406,512.0,0.8587,0.30245796787163404,1.54,0.3849980304674353,10,-0.8660254037844386,0.5000000000000001,-0.9901042628793887,0.13820940284096422,0.2817623302598763,0.22469796037174666
2024-10-11,28276.0,9030.0,18.704,75.0,71.1008,1340.0,38.10000000000001,4011.6,3.8,183.2,5.3,83.64,3.14,173.11999999999998,7.12,4640.3723,7.0600000000000005,26.944,9.558,1.8239999999999998,0.31,17.422,0.08199999999999998,480.41732599999995,512.0,0.8587,0.28022330285467945,1.54,0.362880763870041,10,-0.8660254037844386,0.5000000000000001,-0.9875803495225911,0.1552203067978873,0.35135187892997066,-0.08019377358048381
2024-10-12,29680.0,9105.0,19.268,75.0,73.2068,1405.0,40.00000000000001,3983.6,3.8,190.1,5.2,83.0,3.1000000000000005,166.18,7.040000000000001,4663.821599999999,7.037999999999999,26.146000000000004,9.136,1.802,0.306,17.098,0.09199999999999998,493.234576,512.0,0.8587,0.2693266866933976,1.54,0.35184665504667045,10,-0.8660254037844386,0.5000000000000001,-0.9847641952517299,0.17218527856877425,0.15636629649360598,-0.3246979603717467
2024-10-13,31963.6,9210.0,17.774,75.0,67.5068,1515.0,43.10000000000001,3970.0,3.8,186.2,4.9,78.32000000000001,3.0,155.22,6.76,4738.714199999999,7.014,24.881999999999998,9.036,1.766,0.29400000000000004,15.557999999999998,0.07799999999999999,494.10796,512.0,0.8587,0.24760099878872613,1.54,0.3296756237294581,10,-0.8660254037844386,0.5000000000000001,-0.9816566334121613,0.18909929794553781,-0.15636629649360595,-0.32469796037174675
2024-10-14,32441.6,9162.0,17.644,75.0,66.9068,1535.0,43.900000000000006,3998.8,3.8,173.5,5.1,79.64000000000001,2.9200000000000004,156.54,6.720000000000001,4861.16368,7.01,25.288,9.622,1.8380000000000003,0.29000000000000004,15.697999999999999,0.07799999999999999,506.03105999999997,512.0,0.8587,0.2425903243109751,1.54,0.32446628222933854,10,-0.8660254037844386,0.5000000000000001,-0.9782585835814294,0.2059573597977241,-0.35135187892997066,-0.08019377358048389
2024-10-15,31917.6,9090.0,15.814000000000002,75.0,60.0,1510.0,43.10000000000001,4054.0,3.8,163.9,5.6,80.66,3.04,156.26,7.019999999999999,4760.347820000001,7.008,25.074,10.412,1.848,0.278,15.180000000000001,0.07799999999999999,481.48321400000003,512.0,0.8587,0.2450640308540059,1.54,0.3266540212859126,10,-0.8660254037844386,0.5000000000000001,-0.9745710512971485,0.22275447555361091,-0.2817623302598763,0.22469796037174664
2024-10-16,30674.6,8934.0,16.05,75.0,60.9,1450.0,41.400000000000006,4121.2,3.8,171.8,6.1,78.64,3.1,150.64000000000001,7.219999999999999,4417.53064,6.9799999999999995,25.387999999999998,10.698,1.828,0.29,15.15,0.06799999999999998,463.35528400000004,512.0,0.8587,0.2513111303049347,1.54,0.33303198253116006,10,-0.8660254037844386,0.5000000000000001,-0.9705951277594483,0.2394856746764066,-4.4408920985006264e-17,0.3603875471609676
2024-10-17,31392.2,9003.0,15.736,75.0,59.7,1485.0,42.400000000000006,4145.2,3.8,174.0,6.4,74.94000000000001,3.1000000000000005,149.18,7.4,4458.41036,6.954000000000001,25.592000000000002,10.760000000000002,1.8679999999999999,0.3,15.091999999999999,0.06799999999999998,472.08685799999995,512.0,0.8587,0.24815367276783826,1.54,0.3298088578686128,10,-0.8660254037844386,0.5000000000000001,-0.9663319895080701,0.25614600613511146,0.2817623302598763,0.22469796037174666
2024-10-18,31837.2,8955.0,17.630000000000003,75.0,66.9,1505.0,43.00000000000001,4070.8,3.8,169.5,6.7,74.67999999999999,3.16,150.06,7.5,4544.5206800000005,6.9239999999999995,24.778,10.376000000000001,1.8780000000000001,0.304,15.01,0.06799999999999998,475.7205,512.0,0.8587,0.24389059542686925,1.54,0.32579265426286985,10,-0.8660254037844386,0.5000000000000001,-0.9617828980742097,0.27273053986960816,0.35135187892997066,-0.08019377358048381
2024-10-19,31060.0,8823.0,17.676,75.0,67.104,1470.0,41.800000000000004,4026.4,3.8,176.3,6.5,74.96,3.1,152.52,7.359999999999999,4489.111800000001,6.912000000000001,24.626,9.712,1.818,0.292,14.857999999999999,0.07799999999999999,458.589714,512.0,0.8587,0.24627360485214506,1.54,0.32834193997587685,10,-0.8660254037844386,0.5000000000000001,-0.9569491996072103,0.2892343682495448,0.15636629649360598,-0.3246979603717467
2024-10-20,31521.2,8643.0,16.016,75.0,60.70399999999999,1490.04604,42.50000000000001,4047.4,3.8,184.3,6.3,74.18,3.04,153.5,7.06,4601.63436,6.9239999999999995,24.494,9.568000000000001,1.816,0.296,14.886,0.06999999999999998,466.983266,512.0,0.8587,0.23735966510065837,1.54,0.31896265422108144,10,-0.8660254037844386,0.5000000000000001,-0.9518323244762147,0.30565260752658313,-0.15636629649360595,-0.32469796037174675
2024-10-21,32505.8,8748.0,15.574000000000002,75.0,59.004,1540.04604,43.800000000000004,4040.8,3.8,185.9,5.9,79.04,2.9200000000000004,166.76,6.76,5152.70352,6.956,24.418,9.802000000000001,1.9,0.272,15.406,0.06999999999999998,497.40333599999997,512.0,0.8587,0.23171087531647871,1.54,0.3132817617691151,10,-0.8660254037844386,0.5000000000000001,-0.9464337868468972,0.3219803992795766,-0.35135187892997066,-0.08019377358048389
2024-10-22,31856.0,8742.0,15.453999999999999,75.0,58.604,1509.96076,42.800000000000004,4052.6,3.8,175.9,5.6,80.5,3.0000000000000004,166.02,6.659999999999999,5047.8395,6.978,24.541999999999998,9.568000000000001,1.858,0.254,15.407999999999998,0.06599999999999998,488.018268,512.0,0.8587,0.2360477748291221,1.54,0.3176828952783888,10,-0.8660254037844386,0.5000000000000001,-0.9407551842333961,0.3382129118522569,-0.2817623302598763,0.22469796037174664
2024-10-23,31258.4,8838.0,15.213999999999999,75.0,57.70399999999999,1479.96076,42.00000000000001,4156.6,3.8,173.9,5.6,80.66,3.04,162.76,6.7,4861.07408,7.030000000000001,25.682,10.138,1.8199999999999998,0.23800000000000004,15.49,0.06599999999999998,482.156666,512.0,0.8587,0.242757731351946,1.54,0.3243172038507739,10,-0.8660254037844386,0.5000000000000001,-0.9347981970255848,0.35434534178299726,-4.4408920985006264e-17,0.3603875471609676
2024-10-24,31728.4,9021.0,16.93,75.0,64.2,1504.96076,42.7,4176.4,3.8,173.9,5.4,76.7,3.04,154.76,6.719999999999999,4693.720539999999,7.040000000000001,26.160000000000004,10.856,1.768,0.23800000000000004,15.462,0.05599999999999998,488.70967999999993,512.0,0.8587,0.24405660639020046,1.54,0.3260297637510806,10,-0.8660254037844386,0.5000000000000001,-0.9285645879918171,0.37037291522623594,0.2817623302598763,0.22469796037174666
2024-10-25,32040.0,9243.0,20.34,75.0,77.2028,1519.91472,43.10000000000001,4116.2,3.8,170.3,5.2,75.72,3.0200000000000005,152.6,6.720000000000001,4674.23198,7.024000000000001,26.566000000000003,10.958000000000002,1.746,0.242,15.242,0.05599999999999998,486.4898799999999,512.0,0.8587,0.2477746640903194,1.54,0.33035363068531387,10,-0.8660254037844386,0.5000000000000001,-0.9220562017572949,0.38629088936513173,0.35135187892997066,-0.08019377358048381
2024-10-26,31586.6,9210.0,18.988,75.0,72.1028,1494.91472,42.400000000000006,4123.0,3.8,162.9,5.1,71.47999999999999,3.08,143.3,6.8,4310.9727,7.034000000000001,26.932,11.14,1.67,0.24000000000000005,14.934000000000001,0.06599999999999998,469.51842999999997,512.0,0.8587,0.2505876152227565,1.54,0.33276114697707443,10,-0.8660254037844386,0.5000000000000001,-0.9152749642582145,0.40209455381504167,0.15636629649360598,-0.3246979603717467
2024-10-27,31279.2,9192.0,17.46,75.0,66.3028,1480.0,42.00000000000001,4091.2,3.8,165.3,5.4,72.03999999999999,3.06,147.35999999999999,7.040000000000001,4389.08174,7.037999999999999,27.574,11.698,1.714,0.23600000000000004,15.174000000000001,0.059999999999999984,472.512374,512.0,0.8587,0.25253478164512594,1.54,0.3344288135037323,10,-0.8660254037844386,0.5000000000000001,-0.9082228821718523,0.41777923201739836,-0.15636629649360595,-0.32469796037174675
2024-10-28,30984.4,9117.0,17.832,75.0,67.8028,1470.0,41.60000000000001,4047.2,3.8,168.5,5.6,74.55999999999999,3.1,157.8,7.42,4660.1916,7.0280000000000005,28.0,11.768,1.778,0.23399999999999999,15.514,0.059999999999999984,478.563674,512.0,0.8587,0.25288005053699614,1.54,0.3350845954215191,10,-0.8660254037844386,0.5000000000000001,-0.9009020423227542,0.43334028262357976,-0.35135187892997066,-0.08019377358048389
2024-10-29,30383.6,9093.0,16.259999999999998,75.0,61.9028,1440.0,40.7,4059.0,3.8,167.4,6.2,79.23999999999998,3.22,166.2,7.8,4803.752620000001,7.036,27.606,11.904,1.8,0.22600000000000003,15.922,0.059999999999999984,481.15301,512.0,0.8587,0.25750164025546274,1.54,0.3394059362981302,10,-0.8660254037844386,0.5000000000000001,-0.8933146110652126,0.4487731008683579,-0.2817623302598763,0.22469796037174664
2024-10-30,30074.0,9174.0,15.016,75.0,57.1,1425.0,40.300000000000004,4075.2,3.8,166.2,6.6,80.1,3.2800000000000002,166.26,8.08,4749.47264,7.042,27.309999999999995,12.132,1.8060000000000003,0.21400000000000002,15.982,0.059999999999999984,478.42343,512.0,0.8587,0.2621265769442971,1.54,0.34382311803471355,10,-0.8660254037844386,0.5000000000000001,-0.8854628336422069,0.4640731199325242,-4.4408920985006264e-17,0.3603875471609676
2024-10-31,30328.2,9270.0,16.637999999999998,75.0,63.2,1440.0,40.800000000000004,4037.8,3.8,167.8,6.7,79.88,3.3,164.57999999999998,8.219999999999999,4844.09601,7.042,26.766000000000002,12.192,1.784,0.22600000000000003,15.972,0.05,485.510218,512.0,0.8587,0.26265224001833,1.54,0.3448017100235242,10,-0.8660254037844386,0.5000000000000001,-0.877349033520999,0.4792358122942841,0.2817623302598763,0.22469796037174666
2024-11-01,30299.0,9351.0,18.676000000000002,75.0,70.9,1440.0,40.900000000000006,4223.6,3.8,179.4,6.7,81.28,3.2800000000000002,165.4,8.079999999999998,4869.10625,7.037999999999999,26.07,12.258,1.7079999999999997,0.24200000000000005,15.998,0.05,485.83552399999996,512.0,0.8587,0.2651774864906117,1.54,0.34779789380178366,11,-0.792820323027551,0.5732050807568878,-0.8689756117055838,0.4942566910690232,0.35135187892997066,-0.08019377358048381
2024-11-02,29514.2,9303.0,18.568,75.0,70.4,1400.0,39.800000000000004,4237.6,3.8,185.0,6.7,81.47999999999999,3.2399999999999998,163.76,7.82,4699.07471,7.0120000000000005,25.832,12.326,1.6480000000000001,0.24600000000000005,15.758,0.059999999999999984,466.410034,512.0,0.8587,0.2711919089235829,1.54,0.3537275009959308,11,-0.7196152422706634,0.6464101615137754,-0.8603450460261918,0.5091313113370494,0.15636629649360598,-0.3246979603717467
2024-11-03,29631.2,9138.0,16.594,75.0,62.8,1410.0,40.2,4212.8,3.8,182.5,6.5,76.13999999999999,3.2,150.92000000000002,7.640000000000001,4351.84973,7.008000000000001,26.052,12.158,1.636,0.25,15.522,0.059999999999999984,461.54124599999994,512.0,0.8587,0.2652116464684907,1.54,0.3475906736917965,11,-0.6464101615137758,0.719615242270663,-0.8514598904060595,0.523855271458916,-0.15636629649360595,-0.32469796037174675
2024-11-04,29412.6,9039.0,16.22,75.0,61.4,1400.0,40.00000000000001,4173.0,3.8,183.1,6.3,74.66,3.14,148.54000000000002,7.519999999999999,4250.7102700000005,7.01,26.32,12.098,1.6239999999999999,0.242,15.52,0.059999999999999984,458.169376,512.0,0.8587,0.26429950131682983,1.54,0.34665700910479186,11,-0.5732050807568881,0.7928203230275507,-0.842322774105684,0.538424214377937,-0.35135187892997066,-0.08019377358048389
2024-11-05,29129.8,9012.0,16.408,75.0,62.2,1385.0,39.60000000000001,4186.8,3.8,182.5,6.3,74.4,3.1000000000000005,147.84,7.44,4080.09744,7.014,26.392000000000003,12.09,1.6199999999999999,0.23200000000000004,15.318000000000001,0.06999999999999998,444.400628,512.0,0.8587,0.26603576775689397,1.54,0.34838381683754005,11,-0.5000000000000004,0.8660254037844384,-0.83293640094478,0.5528338289095106,-0.2817623302598763,0.22469796037174664
2024-11-06,28852.4,8985.0,18.038,75.0,68.3,1370.0,39.2,4059.4,3.8,167.4,6.5,73.96,3.04,145.18,7.5,3959.2407999999996,7.022,26.47,12.108,1.6320000000000001,0.22400000000000003,15.136000000000001,0.06999999999999998,434.63105799999994,512.0,0.8587,0.2677812247312676,1.54,0.3503850059307947,11,-0.5000000000000004,0.8660254037844384,-0.8233035485021786,0.5670798510168689,-4.4408920985006264e-17,0.3603875471609676
2024-11-07,29470.8,9093.0,17.958000000000002,75.0,68.0,1400.0,40.10000000000001,4080.0,3.8,164.8,6.5,72.88,3.0200000000000005,143.64000000000001,7.4799999999999995,4015.0718399999996,7.036,26.401999999999997,12.216,1.6079999999999999,0.23600000000000004,15.425999999999998,0.05999999999999998,452.82547800000003,512.0,0.8587,0.2649430711446425,1.54,0.3474981117687441,11,-0.5000000000000004,0.8660254037844384,-0.8134270672938948,0.581158065072874,0.2817623302598763,0.22469796037174666
2024-11-08,29480.4,9324.0,19.9,75.0,75.4,1395.0,39.900000000000006,4091.0,3.8,165.8,6.5,73.8,2.9,149.5,7.340000000000001,4191.1464,7.040000000000001,25.651999999999997,12.204,1.6019999999999999,0.24000000000000005,15.572,0.06999999999999998,456.9435259999999,512.0,0.8587,0.2716651618756517,1.54,0.35429605139270626,11,-0.5000000000000004,0.8660254037844384,-0.8033098799296157,0.5950643051074896,0.35135187892997066,-0.08019377358048381
2024-11-09,28914.0,9321.0,18.208000000000002,75.0,69.0,1370.0,39.10000000000001,4154.0,3.8,173.2,6.4,72.24,2.9,147.00000000000003,7.24,4046.0980799999998,7.025999999999999,25.4,11.912,1.566,0.24600000000000005,15.443999999999999,0.06999999999999998,444.885606,512.0,0.8587,0.27696181565708444,1.54,0.3594106420541433,11,-0.5000000000000004,0.8660254037844384,-0.7929549802478524,0.6087944560405602,0.15636629649360598,-0.3246979603717467
2024-11-10,28865.0,9303.0,18.064,75.0,68.4,1365.0,39.10000000000001,4155.4,3.8,172.5,6.5,72.52000000000001,2.9400000000000004,148.28,7.18,4078.95646,7.024000000000001,25.607999999999997,11.658000000000001,1.486,0.24,15.644,0.05999999999999998,450.3404259999999,512.0,0.8587,0.27688852341438164,1.54,0.3591672604846453,11,-0.5000000000000004,0.8660254037844384,-0.7823654324300147,0.6223444548995272,-0.15636629649360595,-0.32469796037174675
2024-11-11,28279.8,9267.0,15.680000000000001,75.0,59.4,1340.0,38.300000000000004,4117.6,3.8,175.9,6.1,72.53999999999999,3.0200000000000005,151.4,7.12,4082.1153400000003,7.0280000000000005,25.667999999999996,11.31,1.484,0.23400000000000004,15.8,0.06999999999999998,445.25420999999994,512.0,0.8587,0.28186538273933676,1.54,0.36389937326682115,11,-0.5000000000000004,0.8660254037844384,-0.7715443700936714,0.63571029202173,-0.35135187892997066,-0.08019377358048389
2024-11-12,28187.4,9315.0,15.892000000000001,75.0,60.2,1335.0,38.10000000000001,4111.8,3.8,168.9,5.9,69.96000000000001,3.0400000000000005,146.57999999999998,7.3,3921.93214,7.0280000000000005,25.002,10.642,1.52,0.22800000000000004,15.530000000000001,0.06999999999999998,435.85098,512.0,0.8587,0.28413971743689215,1.54,0.36618809684364406,11,-0.5000000000000004,0.8660254037844384,-0.7604949953652623,0.6488880122409284,-0.2817623302598763,0.22469796037174664
2024-11-13,28313.0,9339.0,17.113999999999997,75.0,64.8,1340.0,38.300000000000004,4093.2,3.8,167.5,5.7,70.46,3.2,145.98,7.44,3918.5561399999997,7.01,24.145999999999997,10.382,1.5479999999999998,0.22000000000000003,15.080000000000002,0.05999999999999998,424.83098,512.0,0.8587,0.2836486583915434,1.54,0.3658706827739073,11,-0.5000000000000004,0.8660254037844384,-0.7492205779325365,0.6618737160577004,-4.4408920985006264e-17,0.3603875471609676
2024-11-14,28174.4,9402.0,19.964,75.0,75.6,1330.0,38.10000000000001,4038.0,3.8,159.8,6.1,70.42,3.2800000000000002,146.4,7.68,3905.47716,7.034000000000001,24.44,10.4,1.6480000000000001,0.22200000000000003,15.360000000000003,0.059999999999999984,430.24547999999993,512.0,0.8587,0.2871811343040533,1.54,0.3698334661361179,11,-0.5000000000000004,0.8660254037844384,-0.7377244540770004,0.674663560793367,0.2817623302598763,0.22469796037174666
2024-11-15,27503.6,9447.0,19.860000000000003,75.0,75.2,1300.0,37.10000000000001,4039.8,3.8,166.9,6.3,70.64,3.3200000000000003,146.54000000000002,7.8,3814.9002800000003,7.042,24.426,10.815999999999999,1.682,0.23200000000000004,15.5,0.059999999999999984,423.77425999999997,512.0,0.8587,0.29570451369953776,1.54,0.378517560443836,11,-0.5000000000000004,0.8660254037844384,-0.7260100256866578,0.6872537617271016,0.35135187892997066,-0.08019377358048381
2024-11-16,27528.4,9477.0,18.744,75.0,71.0,1300.0,37.10000000000001,4071.4,3.8,176.1,6.4,68.53999999999999,3.3200000000000003,139.26,7.76,3628.3331600000006,7.029999999999999,24.684,11.168,1.748,0.22600000000000003,15.309999999999999,0.05999999999999998,419.1743399999999,512.0,0.8587,0.29640109994330954,1.54,0.3788900634999585,11,-0.5000000000000004,0.8660254037844384,-0.7140807592493366,0.6996405932158914,0.15636629649360598,-0.3246979603717467
2024-11-17,27557.6,9225.0,16.776,75.0,63.4,1305.0,37.300000000000004,4045.0,3.8,194.5,6.3,65.42,3.34,133.68,7.62,3472.7028,7.053999999999999,25.314,11.77,1.8079999999999998,0.21800000000000003,15.939999999999998,0.059999999999999984,438.08284999999995,512.0,0.8587,0.28873590237086927,1.54,0.3710302526348169,11,-0.5000000000000004,0.8660254037844384,-0.7019401848268986,0.7118203897970139,-0.15636629649360595,-0.32469796037174675
2024-11-18,27775.8,9135.0,15.180000000000001,75.0,57.4,1315.0,37.7,4038.4,3.8,201.2,6.2,65.34,3.2,133.32,7.38,3500.61498,7.078,26.556,11.84,1.812,0.22600000000000003,16.22,0.059999999999999984,449.86993,512.0,0.8587,0.2842676015781169,1.54,0.36622043416825445,11,-0.5000000000000004,0.8660254037844384,-0.6895918950106388,0.7237895472727066,-0.35135187892997066,-0.08019377358048389
2024-11-19,28410.4,9144.0,12.458,75.0,47.1,1345.0,38.50000000000001,4104.6,3.8,212.5,5.6,68.0,3.2,138.02,7.380000000000001,3722.4561999999996,7.08,26.053999999999995,11.476,1.8560000000000003,0.22600000000000003,16.76,0.059999999999999984,475.99159,512.0,0.8587,0.27804836945809086,1.54,0.3593590743990223,11,-0.5000000000000004,0.8660254037844384,-0.6770395438581787,0.7355445237767071,-0.2817623302598763,0.22469796037174664
2024-11-20,29180.8,9129.0,12.506,75.0,47.3,1380.0,39.50000000000001,4099.8,3.8,207.3,5.2,68.7,3.12,140.1,7.4,3888.41796,7.074,26.133999999999997,10.812000000000001,1.964,0.21800000000000003,16.961999999999996,0.06999999999999998,493.83547,512.0,0.8587,0.2694824883873484,1.54,0.35062050651558174,11,-0.5000000000000004,0.8660254037844384,-0.6642868458121718,0.7470818408223489,-4.4408920985006264e-17,0.3603875471609676
2024-11-21,29466.6,9195.0,14.174000000000001,75.0,53.7,1395.0,39.800000000000004,4066.8,3.8,199.3,4.9,73.78,3.12,153.0,7.4799999999999995,4277.09688,7.081999999999999,26.339999999999996,10.236,2.032,0.23000000000000004,17.478,0.05999999999999998,512.7037159999999,512.0,0.8587,0.2683954261606829,1.54,0.3499451287889215,11,-0.5000000000000004,0.8660254037844384,-0.6513375746011416,0.7583980843319,0.2817623302598763,0.22469796037174666
2024-11-22,29097.2,9510.0,16.216,75.0,61.6,1375.0,39.2,4075.6,3.8,178.3,4.9,78.42,3.06,161.16000000000003,7.460000000000001,4463.577020000001,7.081999999999999,25.827999999999996,9.314,1.97,0.24200000000000005,16.95,0.059999999999999984,491.42528999999996,512.0,0.8587,0.28153775080229904,1.54,0.3634103430098301,11,-0.5000000000000004,0.8660254037844384,-0.638195562122773,0.7694899056468456,0.35135187892997066,-0.08019377358048381
2024-11-23,28356.4,9579.0,16.398,75.0,62.2,1345.0,38.2,4046.4,3.8,173.0,5.1,77.68,3.16,160.32,7.640000000000001,4328.965160000001,7.080000000000001,25.490000000000002,9.086,1.972,0.22800000000000004,16.922,0.059999999999999984,478.959862,512.0,0.8587,0.2906907841637493,1.54,0.3729691114284689,11,-0.5000000000000004,0.8660254037844384,-0.624864697309993,0.780354022518808,0.15636629649360598,-0.3246979603717467
2024-11-24,28253.2,9699.0,18.282000000000004,75.0,69.3,1345.0,38.2,4002.2,3.8,167.5,5.1,79.22,3.06,162.0,7.32,4371.49892,7.062,25.983999999999998,9.024,1.966,0.22200000000000003,16.856,0.06999999999999998,474.82327,512.0,0.8587,0.29518542487718974,1.54,0.3781226674138708,11,-0.5000000000000004,0.8660254037844384,-0.6113489249801725,0.7909872200808185,-0.15636629649360595,-0.32469796037174675
2024-11-25,28092.2,9672.0,17.286,75.0,65.5,1340.0,38.00000000000001,3927.6,3.8,167.9,4.9,83.4,3.16,170.48,7.4,4591.01472,7.046000000000001,25.880000000000003,8.772,1.968,0.21200000000000005,16.922000000000004,0.059999999999999984,474.33202,512.0,0.8587,0.29589273007241373,1.54,0.37879228116679353,11,-0.5000000000000004,0.8660254037844384,-0.5976522446677921,0.8013863517986458,-0.35135187892997066,-0.08019377358048389
2024-11-26,28185.4,9543.0,15.535999999999998,75.0,58.8,1345.0,38.10000000000001,3938.0,3.8,161.2,4.9,81.32000000000001,3.1399999999999997,165.72,7.2,4479.3139200000005,7.039999999999999,25.936,8.488,1.8699999999999999,0.20200000000000004,16.976,0.059999999999999984,477.49723400000005,512.0,0.8587,0.2909764843302953,1.54,0.3735275287053511,11,-0.5000000000000004,0.8660254037844384,-0.5837787094409143,0.8115483404019098,-0.2817623302598763,0.22469796037174664
2024-11-27,28655.2,9354.0,17.172,75.0,65.1,1365.0,38.7,3822.4,3.8,164.2,4.8,79.6,3.18,162.32,7.18,4446.2979,7.036,25.992,8.522,1.904,0.18400000000000002,16.834000000000003,0.059999999999999984,480.64463000000006,512.0,0.8587,0.28063915335973183,1.54,0.36332733675980405,11,-0.5000000000000004,0.8660254037844384,-0.5697324247018167,0.8214701787946913,-4.4408920985006264e-17,0.3603875471609676
2024-11-28,29087.0,9306.0,17.442,75.0,66.3,1385.0,39.10000000000001,3877.0,3.8,157.3,4.7,80.28,3.14,162.92000000000002,7.220000000000001,4522.82926,7.040000000000001,26.663999999999998,8.282,1.936,0.19200000000000003,16.919999999999998,0.06999999999999998,489.63569800000005,512.0,0.8587,0.27479515846299474,1.54,0.3574452343528072,11,-0.5000000000000004,0.8660254037844384,-0.5555175469721365,0.8311489309453833,0.2817623302598763,0.22469796037174666
2024-11-29,29106.6,9099.0,15.430000000000001,75.0,58.7,1385.0,39.00000000000001,3912.0,3.8,154.8,4.8,81.86,3.16,167.49999999999997,7.419999999999999,4654.23058,7.052,26.982,8.096,1.9300000000000002,0.20000000000000004,16.674,0.05999999999999998,483.08509000000004,512.0,0.8587,0.26852514842791236,1.54,0.350714253093768,11,-0.5000000000000004,0.8660254037844384,-0.5411382826628894,0.8405817327555078,0.35135187892997066,-0.08019377358048381
2024-11-30,28640.0,9009.0,16.500000000000004,75.0,62.6,1360.0,38.50000000000001,3938.0,3.8,154.1,5.2,79.14000000000001,3.14,163.54000000000002,7.38,4462.13662,7.0760000000000005,27.356,7.836,1.9759999999999998,0.20400000000000001,16.58,0.06999999999999998,472.34428799999995,512.0,0.8587,0.27043752554467554,1.54,0.35273232136383303,11,-0.5000000000000004,0.8660254037844384,-0.5265988868297246,0.8497657929072506,0.15636629649360598,-0.3246979603717467
2024-12-01,28925.8,8865.0,16.632,75.0,63.1,1370.0,39.00000000000001,3930.8,3.8,157.5,5.7,79.41999999999999,3.2800000000000002,164.26,7.88,4513.75138,7.095999999999999,26.672000000000004,7.667999999999999,1.966,0.188,16.228,0.07999999999999999,466.739116,512.0,0.8587,0.26362084790765494,1.54,0.3457277731492885,12,-0.40000000000000047,0.8928203230275507,-0.5119036619137853,0.8586983936894551,-0.15636629649360595,-0.32469796037174675
2024-12-02,28981.4,8943.0,12.834,75.0,48.6,1375.0,40.10000000000001,4045.6,3.8,157.9,6.0,82.02000000000001,3.4400000000000004,166.8,8.24,4586.423280000001,7.0920000000000005,26.872000000000003,7.586,1.9420000000000002,0.18800000000000003,16.3,0.07999999999999999,469.73952399999996,512.0,0.8587,0.26536861950148544,1.54,0.34690312631653003,12,-0.3000000000000004,0.919615242270663,-0.4970569564685479,0.8673768918018381,-0.35135187892997066,-0.08019377358048389
2024-12-03,29075.0,9051.0,12.716,75.0,48.0,1375.0,40.300000000000004,4061.8,3.8,156.6,6.1,78.58,3.66,156.48,8.540000000000001,4283.25972,7.093999999999999,26.115999999999996,7.4719999999999995,1.812,0.17600000000000002,16.006000000000004,0.07999999999999999,462.480256,512.0,0.8587,0.2676256297416142,1.54,0.34887815985008486,12,-0.20000000000000034,0.9464101615137753,-0.48206316387301384,0.8757987191371847,-0.2817623302598763,0.22469796037174664
2024-12-04,29419.6,9174.0,15.774000000000001,75.0,59.6,1390.0,40.800000000000004,3993.2,3.8,157.8,6.5,77.58,3.7800000000000002,153.3,8.66,4244.768280000001,7.106,25.016,7.506,1.6620000000000001,0.17600000000000002,15.798000000000002,0.07999999999999999,461.905696,512.0,0.8587,0.268107576614108,1.54,0.34984081213021934,12,-0.10000000000000034,0.9732050807568877,-0.4669267210316395,0.883961383541292,-4.4408920985006264e-17,0.3603875471609676
2024-12-05,30577.2,9315.0,15.716000000000003,75.0,59.6,1450.0,42.300000000000004,4064.4,3.8,155.3,6.4,77.34,3.7400000000000007,151.66,8.540000000000001,4390.706840000001,7.091999999999999,24.232,7.946,1.504,0.18200000000000002,15.768,0.06999999999999998,480.43932799999993,512.0,0.8587,0.26168776152848705,1.54,0.3435576178452546,12,-2.4492935982947064e-16,1.0,-0.45165210706138303,0.8918624695504382,0.2817623302598763,0.22469796037174666
2024-12-06,30424.2,9579.0,18.918,75.0,71.8,1445.0,42.10000000000001,4059.2,3.8,150.0,6.2,73.12,3.62,142.42000000000002,8.1,4112.506340000001,7.093999999999999,24.39,8.098,1.468,0.21200000000000002,16.064,0.059999999999999984,486.80596399999996,512.0,0.8587,0.2708160968555913,1.54,0.35347307002046696,12,-2.4492935982947064e-16,1.0,-0.4362438419662637,0.8994996391061572,0.35135187892997066,-0.08019377358048381
2024-12-07,29921.4,9537.0,20.654,75.0,78.3,1420.0,40.400000000000006,4070.6,3.8,145.2,6.0,70.11999999999999,3.4200000000000004,139.32,7.639999999999999,3970.2213800000004,7.056,24.360000000000003,8.118,1.434,0.22000000000000003,16.058,0.06999999999999998,478.641756,512.0,0.8587,0.2743866770619643,1.54,0.3573161021281456,12,-2.4492935982947064e-16,1.0,-0.42070648529981797,0.906870632247107,0.15636629649360598,-0.3246979603717467
2024-12-08,30069.0,9417.0,17.002,75.0,64.5,1430.0,49.2,4038.6,3.8,147.4,5.8,70.86,3.2400000000000007,143.66,7.119999999999999,4131.74798,7.048,24.514,8.033999999999999,1.4420000000000002,0.22000000000000003,16.572000000000003,0.059999999999999984,496.793152,512.0,0.8587,0.26964152748323506,1.54,0.3524429152152278,12,-2.4492935982947064e-16,1.0,-0.40504463481585534,0.9139732677778294,-0.15636629649360595,-0.32469796037174675
2024-12-09,29602.0,9357.0,15.551999999999998,75.0,59.1,1405.0,48.800000000000004,4108.0,3.8,144.2,5.6,67.03999999999999,3.1000000000000005,136.68,6.880000000000001,3859.85686,7.031999999999999,24.568,7.828,1.472,0.19800000000000004,16.038,0.059999999999999984,474.01777999999996,512.0,0.8587,0.2721712436428166,1.54,0.35461227451026306,12,-2.4492935982947064e-16,1.0,-0.3892629251079091,0.9208054439142005,-0.35135187892997066,-0.08019377358048389
2024-12-10,28585.8,9306.0,15.572,75.0,59.2,1355.0,47.400000000000006,4123.2,3.8,150.6,5.8,63.7,3.1600000000000006,129.68,6.859999999999999,3505.6318399999996,7.045999999999999,24.172000000000004,7.236,1.44,0.18000000000000002,15.896,0.06999999999999998,453.129998,512.0,0.8587,0.27994936977143475,1.54,0.36243309007475444,12,-2.4492935982947064e-16,1.0,-0.37336602623778525,0.9273651389053823,-0.2817623302598763,0.22469796037174664
2024-12-11,28869.6,9240.0,11.995999999999999,75.0,45.6,1370.0,51.00000000000001,4135.4,3.8,152.5,6.0,62.11999999999999,3.16,127.94000000000001,6.959999999999999,3482.5436600000003,7.052,23.134,7.0200000000000005,1.416,0.15400000000000005,15.447999999999999,0.07999999999999999,444.266894,512.0,0.8587,0.2754023951457487,1.54,0.35738346045936165,12,-2.4492935982947064e-16,1.0,-0.3573586423536158,0.9336504116320915,-4.4408920985006264e-17,0.3603875471609676
2024-12-12,28906.0,9333.0,11.34,75.0,43.2,1460.0,54.0,4123.8,3.8,152.1,6.0,63.8,3.2,130.61999999999998,7.0600000000000005,3558.7067199999997,7.081999999999999,22.985999999999997,7.032000000000001,1.4380000000000002,0.14,16.362000000000002,0.07999999999999999,470.19298399999997,512.0,0.8587,0.2779052028604542,1.54,0.3650604082462537,12,-2.4492935982947064e-16,1.0,-0.34124551029782624,0.9396594021810081,0.2817623302598763,0.22469796037174666
2024-12-13,28444.6,9405.0,14.668000000000001,75.0,55.8,1580.0,44.800000000000004,4189.8,3.8,149.9,6.2,63.260000000000005,3.2,130.06,7.26,3485.0221999999994,7.101999999999999,23.038000000000004,7.087999999999999,1.506,0.134,16.076,0.07999999999999999,454.1880239999999,512.0,0.8587,0.28434238706501913,1.54,0.37990743106692076,12,-2.4492935982947064e-16,1.0,-0.3250313982054276,0.9453903323951532,0.35135187892997066,-0.08019377358048381
2024-12-14,28406.6,9336.0,12.978,75.0,49.4,1785.0,44.400000000000006,4181.0,3.8,146.7,6.5,63.36,3.3800000000000003,129.8,7.5,3465.6619999999994,7.086,24.416000000000004,6.7780000000000005,1.496,0.138,17.134,0.07999999999999999,483.80062799999996,512.0,0.8587,0.28263245998144365,1.54,0.3896052675422404,12,-2.4492935982947064e-16,1.0,-0.3087211040930474,0.9508415064000747,0.15636629649360598,-0.3246979603717467
2024-12-15,29076.4,9177.0,9.406,75.0,35.8,1915.0,51.00000000000001,4156.2,3.8,135.9,6.5,61.260000000000005,3.3400000000000007,124.5,7.639999999999999,3383.3442599999994,7.106,24.416000000000004,6.644,1.548,0.138,16.878,0.06999999999999998,486.78131799999994,512.0,0.8587,0.2718211326904877,1.54,0.3834900415268526,12,-2.4492935982947064e-16,1.0,-0.29231945443912133,0.9560113111056836,-0.15636629649360595,-0.32469796037174675
2024-12-16,29462.2,9135.0,9.443999999999999,75.0,36.0,1960.0,48.2,4145.8,3.8,134.8,6.2,64.42,3.3200000000000003,129.51999999999998,7.6,3587.050259999999,7.098000000000001,25.362000000000002,6.452000000000001,1.612,0.14,17.212,0.059999999999999984,503.772088,512.0,0.8587,0.26755529646684983,1.54,0.38038544488273623,12,-2.4492935982947064e-16,1.0,-0.2758313027556585,0.9608982166835933,-0.35135187892997066,-0.08019377358048389
2024-12-17,30255.6,9078.0,8.486,75.0,32.4,1985.0,46.400000000000006,4151.8,3.8,134.4,5.8,60.94,3.3400000000000007,121.43999999999998,7.640000000000001,3438.8612399999997,7.102000000000001,24.492,6.272,1.536,0.13600000000000004,15.946000000000002,0.05,479.67573400000003,512.0,0.8587,0.2585616886498797,1.54,0.36971041097624946,12,-2.4492935982947064e-16,1.0,-0.2592615281520116,0.9655007770198205,-0.2817623302598763,0.22469796037174664
2024-12-18,30603.8,9072.0,6.928,75.0,26.6,2025.0,46.800000000000004,4106.8,3.8,144.6,5.8,66.28,3.4200000000000004,130.5,7.779999999999999,3744.28672,7.078,24.438,6.198,1.53,0.13400000000000004,16.832,0.059999999999999984,511.41708600000004,512.0,0.8587,0.2549969691867133,1.54,0.3665996190646855,12,-2.4492935982947064e-16,1.0,-0.24261503389106737,0.9698176301427137,-4.4408920985006264e-17,0.3603875471609676
2024-12-19,29917.8,9216.0,6.882,75.0,26.4,1920.0,46.00000000000001,4141.4,3.8,149.0,5.3,67.17999999999999,3.3400000000000007,131.68,7.640000000000001,3686.51048,7.0920000000000005,23.794000000000004,6.478,1.6320000000000001,0.12400000000000003,16.794,0.059999999999999984,497.692322,512.0,0.8587,0.26732390825226043,1.54,0.375879360414529,12,-2.4492935982947064e-16,1.0,-0.22589674593829426,0.9738474986259826,0.2817623302598763,0.22469796037174666
2024-12-20,29107.8,9351.0,10.36,75.0,39.6,1945.0,39.2,4157.8,3.8,151.7,4.9,69.03999999999999,3.3000000000000007,136.11999999999998,7.4399999999999995,3729.8626000000004,7.07,23.73,6.76,1.6440000000000001,0.12600000000000003,16.898000000000003,0.059999999999999984,488.730754,512.0,0.8587,0.278894074774899,1.54,0.39259326359947117,12,-2.4492935982947064e-16,1.0,-0.20911161150406882,0.9775891899667084,0.35135187892997066,-0.08019377358048381
2024-12-21,27416.2,9120.0,10.642,75.0,40.6,1985.0,37.00000000000001,4172.2,3.8,148.2,4.8,67.4,3.3200000000000003,131.64000000000001,7.44,3401.9033200000003,7.0680000000000005,22.774,6.986,1.57,0.11800000000000002,16.306,0.059999999999999984,445.8343019999999,512.0,0.8587,0.2877261682492632,1.54,0.4103336798831744,12,-2.4492935982947064e-16,1.0,-0.192264597579717,0.9810415969382251,0.15636629649360598,-0.3246979603717467
2024-12-22,25860.8,8883.0,10.188,75.0,38.8,2015.0,37.400000000000006,4188.6,3.8,147.0,4.9,66.06,3.22,129.94,7.18,3216.0792200000005,7.05,22.688,7.182,1.556,0.11200000000000002,16.354000000000003,0.06999999999999998,425.63751,512.0,0.8587,0.29565721799666245,1.54,0.4266649058287394,12,-2.4492935982947064e-16,1.0,-0.1753606894677016,0.9842036979177664,-0.15636629649360595,-0.32469796037174675
2024-12-23,25798.4,8682.0,10.258,75.0,39.0,2065.0,40.400000000000006,4195.4,3.8,143.0,4.6,64.06,3.1000000000000005,125.9,7.06,3090.2102600000003,7.052,22.178,7.4719999999999995,1.55,0.11400000000000002,15.354,0.059999999999999984,395.01935399999996,512.0,0.8587,0.29041449592399304,1.54,0.42457921160460765,12,-2.4492935982947064e-16,1.0,-0.15840488930639032,0.9870745571887788,-0.35135187892997066,-0.08019377358048389
2024-12-24,26080.2,8577.0,10.298,75.0,39.1,2270.0,40.900000000000006,4157.6,3.8,140.3,5.1,61.78000000000001,3.1,122.5,7.159999999999999,3036.81596,7.023999999999999,21.857999999999997,8.082,1.54,0.12400000000000003,14.485999999999999,0.06999999999999998,376.992462,512.0,0.8587,0.2834752095581258,1.54,0.4289132056244752,12,-2.4492935982947064e-16,1.0,-0.14140221458984384,0.9896533252178165,-0.2817623302598763,0.22469796037174664
2024-12-25,24851.0,8517.0,10.079999999999998,75.0,38.3,2235.0,39.300000000000004,4119.4,3.8,147.2,5.5,64.8,3.16,128.34,7.32,3002.9548000000004,7.0,22.595999999999997,8.812000000000001,1.58,0.12400000000000003,14.524000000000001,0.06999999999999998,359.33201799999995,512.0,0.8587,0.2986670166734285,1.54,0.449097096815312,12,-2.4492935982947064e-16,1.0,-0.12435769668305718,0.9919392389059313,-4.4408920985006264e-17,0.3603875471609676
2024-12-26,24186.4,8706.0,9.696,75.0,36.9,2275.0,40.800000000000004,4138.0,3.8,167.8,5.6,69.26,3.14,138.59999999999997,7.42,3138.2261200000003,6.996,23.372,9.374,1.8739999999999999,0.12200000000000003,14.884,0.06999999999999998,357.31828399999995,512.0,0.8587,0.3159045555193661,1.54,0.47381924431853567,12,-2.4492935982947064e-16,1.0,-0.10727637933309939,0.993931621814486,0.2817623302598763,0.22469796037174666
2024-12-27,24281.8,9015.0,11.559999999999999,75.0,44.1,2310.0,38.400000000000006,4101.0,3.8,183.1,5.8,72.8,3.22,144.95999999999998,7.640000000000001,3296.7850200000003,7.016,22.756,9.736,1.966,0.12600000000000003,15.15,0.059999999999999984,365.3720119999999,512.0,0.8587,0.32562548011881765,1.54,0.48561561661446506,12,-2.4492935982947064e-16,1.0,-0.09016331717658563,0.9956298843653236,0.35135187892997066,-0.08019377358048381
2024-12-28,23940.2,9255.0,11.719999999999999,75.0,44.7,2235.0,35.50000000000001,4083.8,3.8,187.2,5.8,70.97999999999999,3.3,139.14,7.68,3087.08698,6.992,23.61,9.8,1.94,0.12800000000000003,14.988,0.06999999999999998,355.375708,512.0,0.8587,0.33602977277459256,1.54,0.4932754669111869,12,-2.4492935982947064e-16,1.0,-0.07302357424393101,0.9970335240152333,0.15636629649360598,-0.3246979603717467
2024-12-29,25009.4,9483.0,10.012,75.0,38.2,2270.0,44.900000000000006,4062.8,3.8,185.1,5.3,69.76,3.22,134.94,7.540000000000001,3087.9152000000004,7.0,22.698,9.434000000000001,1.8780000000000001,0.12400000000000003,14.995999999999999,0.059999999999999984,370.9595499999999,512.0,0.8587,0.33221311782030877,1.54,0.48531512034027086,12,-2.4492935982947064e-16,1.0,-0.05586222246082127,0.9981421254046596,-0.15636629649360595,-0.32469796037174675
2024-12-30,26903.4,9696.0,10.354000000000001,75.0,39.4,2400.0,47.300000000000004,4087.0,3.8,191.8,5.1,69.17999999999999,3.2000000000000006,134.0,7.5,3346.0233999999996,7.0,22.512,8.786,1.834,0.12600000000000003,15.034,0.059999999999999984,400.866826,512.0,0.8587,0.3148628652385371,1.54,0.4652392668254725,12,-2.4492935982947064e-16,1.0,-0.03868434014734864,0.9989553604806162,-0.35135187892997066,-0.08019377358048389
2024-12-31,28603.6,9894.0,12.081999999999999,75.0,46.0,2470.0,47.2,4063.4,3.8,184.2,5.0,66.78,3.2000000000000006,128.9,7.4,3472.44028,6.973999999999999,23.074,8.767999999999999,1.574,0.13000000000000003,14.876,0.059999999999999984,423.313802,512.0,0.8587,0.29889715963049435,1.54,0.4435627992132707,12,-2.4492935982947064e-16,1.0,-0.02149501051525523,0.9994729885937602,-0.2817623302598763,0.22469796037174664
2025-01-01,29496.2,9741.0,12.357999999999999,75.0,47.0,2590.0,50.400000000000006,4066.8,3.8,171.6,4.9,65.74,3.2,126.78,7.4,3519.0164399999994,6.976000000000001,24.462,8.764,1.554,0.12800000000000006,14.713999999999999,0.059999999999999984,432.14793,512.0,0.8587,0.28380580135754946,1.54,0.4307282187849766,1,0.09999999999999974,0.9732050807568878,-0.0068789440505285,0.9997558846536014,-4.4408920985006264e-17,0.3603875471609676
2025-01-02,28765.4,9681.0,13.939999999999998,75.0,53.0,2640.0,51.6,4113.4,3.8,156.2,4.8,65.08,3.1000000000000005,129.12,7.279999999999999,3501.98744,7.05,23.470000000000002,8.598,1.554,0.12000000000000004,15.048000000000002,0.05,430.03323,512.0,0.8587,0.2907091341343399,1.54,0.4452529088999745,1,0.1999999999999998,0.9464101615137755,0.007739826107498481,0.9997873194870838,0.2817623302598763,0.22469796037174666
2025-01-03,27090.6,9540.0,17.606,75.0,67.0,2425.0,41.00000000000001,4140.4,3.8,172.0,4.7,68.55999999999999,3.12,137.92000000000002,7.26,3539.05712,7.068,25.052,8.294,1.588,0.11600000000000002,15.344,0.05,413.30021199999993,512.0,0.8587,0.30538572650735196,1.54,0.4566945743949987,1,0.2999999999999998,0.9196152422706632,0.022356974029542915,0.9995672837921342,0.35135187892997066,-0.08019377358048381
2025-01-04,25591.0,9333.0,17.614,75.0,67.1,2365.0,39.10000000000001,4029.6,3.8,155.3,4.6,64.84,3.1600000000000006,129.54000000000002,7.260000000000001,3132.12272,7.074,24.137999999999998,8.197999999999999,1.588,0.10400000000000002,15.181999999999999,0.059999999999999984,386.37738,512.0,0.8587,0.31644740272650207,1.54,0.47289668691211595,1,0.3999999999999998,0.8928203230275511,0.036968174266367185,0.9990958426808547,0.15636629649360598,-0.3246979603717467
2025-01-05,24007.2,9096.0,14.374,75.0,54.7,2220.0,40.10000000000001,4031.8,3.04,152.6,4.4,68.46000000000001,3.2400000000000007,137.44,7.42,3081.8,7.1,22.97,7.2379999999999995,1.636,0.09600000000000002,15.392000000000001,0.06999999999999998,366.662,512.0,0.8587,0.32875884795924576,1.54,0.48383138033067913,1,0.49999999999999994,0.8660254037844387,0.05156910312874981,0.9983731356602549,-0.15636629649360595,-0.32469796037174675
2025-01-06,21981.2,9105.0,14.05,75.0,53.4,1985.0,39.2,4028.2,3.04,159.3,5.0,72.46000000000001,3.3,146.12,7.58,3018.3599999999997,7.098000000000001,23.466,7.2639999999999985,1.674,0.08600000000000003,15.557999999999998,0.196,338.38,512.0,0.8587,0.35787554307662867,1.54,0.5100943933464552,1,0.49999999999999994,0.8660254037844387,0.06873506385373346,0.9973383485069732,-0.35135187892997066,-0.08019377358048389
2025-01-07,21043.0,9000.0,12.108,75.0,46.0,1835.0,38.60000000000001,3914.8,3.04,163.7,5.6,74.2,3.4200000000000004,149.76,7.760000000000001,2976.04,7.062,24.022,7.618,1.672,0.07400000000000002,15.201999999999998,0.196,316.342,512.0,0.8587,0.36928523101805705,1.54,0.5164040568212968,1,0.49999999999999994,0.8660254037844387,0.08588068476748195,0.996008432890737,-0.2817623302598763,0.22469796037174664
2025-01-08,21224.4,8979.0,14.424000000000001,75.0,54.8,1850.0,41.2,3887.6,3.04,148.5,6.0,72.04,3.46,145.62,7.88,2898.7599999999998,7.066,22.946,8.123999999999999,1.64,0.06400000000000003,15.006,0.196,314.406,512.0,0.8587,0.36592725160950107,1.54,0.5136947572784295,1,0.49999999999999994,0.8660254037844387,0.1030008922049204,0.9943837823549737,-4.4408920985006264e-17,0.3603875471609676
2025-01-09,21453.2,9078.0,16.12,75.0,61.2,1750.0,43.7,3970.8,3.04,153.5,6.2,78.76,3.46,160.35999999999999,7.959999999999999,3268.2200000000003,7.087999999999999,23.694,8.366,1.69,0.06400000000000002,15.238,0.186,323.434,512.0,0.8587,0.366240007727932,1.54,0.5060716785951997,1,0.49999999999999994,0.8660254037844387,0.12009062002123039,0.9924648776599149,0.2817623302598763,0.22469796037174666
2025-01-10,23396.4,9330.0,21.982,75.0,83.4,1695.0,43.7,3965.2,3.8,164.9,6.3,81.84,3.3400000000000007,166.83999999999997,7.76,3809.78,7.086,23.648000000000003,9.192,1.6619999999999997,0.06800000000000002,15.228,0.176,354.72,512.0,0.8587,0.35093437074394973,1.54,0.4804829318312982,1,0.49999999999999994,0.8660254037844387,0.13714481109100382,0.990252286640332,0.35135187892997066,-0.08019377358048381
2025-01-11,24503.6,9336.0,22.642,75.0,85.9,1635.0,43.00000000000001,3997.4,3.8,167.5,5.9,89.53999999999999,3.2800000000000002,183.61999999999998,7.540000000000001,4391.9400000000005,7.064,22.246000000000002,9.072,1.702,0.07200000000000002,14.518,0.059999999999999984,356.378,512.0,0.8587,0.3323990544944151,1.54,0.45127652822891945,1,0.49999999999999994,0.8660254037844387,0.15415841880472758,0.9877466640375049,0.15636629649360598,-0.3246979603717467
2025-01-12,25777.0,9228.0,22.806,75.0,86.5,1575.0,43.7,4060.0,3.8,172.7,5.6,95.97999999999999,3.22,196.54000000000002,7.4,4902.660000000001,7.05,21.43,8.468,1.6580000000000001,0.08000000000000003,14.552000000000001,0.059999999999999984,375.43399999999997,512.0,0.8587,0.309629611806975,1.54,0.4179744614568365,1,0.49999999999999994,0.8660254037844387,0.17112640856215652,0.9849487513054734,-0.15636629649360595,-0.32469796037174675
2025-01-13,26162.0,9138.0,20.588,75.0,78.0,1425.0,43.50000000000001,4071.2,3.8,180.5,5.2,104.35999999999999,3.2400000000000007,214.32,7.4799999999999995,5415.04,7.05,21.582,7.75,1.616,0.08800000000000004,14.656,0.059999999999999984,383.796,512.0,0.8587,0.3017854948566439,1.54,0.3982160687156375,1,0.49999999999999994,0.8660254037844387,0.18804375926213282,0.981859376391629,-0.35135187892997066,-0.08019377358048389
2025-01-14,27052.6,9192.0,20.502,75.0,77.7,1475.0,44.50000000000001,4099.8,3.8,182.7,5.1,107.96,3.2000000000000006,219.76,7.580000000000001,5722.719999999999,7.044,21.232000000000003,7.284000000000001,1.6420000000000001,0.09600000000000002,14.280000000000001,0.059999999999999984,387.26599999999996,512.0,0.8587,0.292609079512362,1.54,0.38785063361011607,1,0.49999999999999994,0.8660254037844387,0.20490546478841024,0.9784794534917118,-0.2817623302598763,0.22469796037174664
2025-01-15,26854.4,9141.0,18.284,75.0,69.3,1680.0,44.300000000000004,4102.4,3.8,161.4,5.4,107.2,3.3000000000000007,217.82,7.779999999999999,5618.179999999999,6.9719999999999995,21.432,7.464,1.722,0.10000000000000002,14.318000000000001,0.059999999999999984,385.204,512.0,0.8587,0.2929811981976539,1.54,0.3995024450382012,1,0.49999999999999994,0.8660254037844387,0.2217065354910448,0.9748099827792858,-4.4408920985006264e-17,0.3603875471609676
2025-01-16,28134.2,9201.0,20.17,75.0,76.5,2005.0,45.300000000000004,4072.2,3.8,172.9,5.7,104.74000000000001,3.3400000000000007,214.22000000000003,8.02,5804.66,6.964,22.174,7.774000000000001,1.6800000000000002,0.11800000000000002,15.278,0.059999999999999984,429.462,512.0,0.8587,0.28137238639288153,1.54,0.40147515281547175,1,0.49999999999999994,0.8660254037844387,0.23844199966291243,0.9708520501097709,0.2817623302598763,0.22469796037174666
2025-01-17,28409.2,9375.0,24.122000000000003,75.0,91.5,2210.0,45.900000000000006,4098.8,3.8,173.2,5.5,101.2,3.3400000000000007,205.8,8.14,5626.120000000001,6.946,22.512,8.568,1.6979999999999997,0.132,15.224,0.06999999999999998,431.68199999999996,512.0,0.8587,0.28404322261965403,1.54,0.41628886675312976,1,0.49999999999999994,0.8660254037844387,0.25510690501091693,0.966606826699121,0.35135187892997066,-0.08019377358048381
2025-01-18,28309.0,9345.0,23.97,75.0,91.0,2380.0,45.900000000000006,4088.0,3.8,165.2,5.9,96.04,3.3200000000000003,195.32,8.16,5334.46,6.901999999999999,22.345999999999997,9.384,1.7939999999999998,0.14200000000000002,15.274000000000001,0.06999999999999998,431.45200000000006,512.0,0.8587,0.2841902931521127,1.54,0.4274391302875749,1,0.49999999999999994,0.8660254037844387,0.27169632012145317,0.9620755687772423,0.15636629649360598,-0.3246979603717467
2025-01-19,28380.2,9270.0,22.336000000000002,75.0,84.8,2655.0,46.2,4088.4,3.8,169.3,6.0,91.24,3.3200000000000003,187.7,8.06,5135.5199999999995,6.898000000000001,22.762,10.285999999999998,1.77,0.14200000000000002,15.636000000000001,0.06999999999999998,442.71400000000006,512.0,0.8587,0.28118163265800933,1.54,0.4394937775002286,1,0.49999999999999994,0.8660254037844387,0.2882053359196921,0.9572596172162549,-0.15636629649360595,-0.32469796037174675
2025-01-20,27930.6,9339.0,24.28,75.0,92.2,2765.0,48.10000000000001,4092.6,3.8,185.1,5.9,89.96000000000001,3.2400000000000007,185.82,7.94,4999.12,6.95,23.602,10.24,1.738,0.14600000000000002,15.178,0.07999999999999999,422.53000000000003,512.0,0.8587,0.2878970893966416,1.54,0.4554919498061863,1,0.49999999999999994,0.8660254037844387,0.30462906712225435,0.9521603971337068,-0.35135187892997066,-0.08019377358048389
2025-01-21,27350.8,9381.0,24.134,75.0,91.6,2810.0,47.50000000000001,4217.2,3.8,170.1,5.5,86.4,3.12,177.82,7.62,4658.92,6.956,22.95,10.056000000000001,1.716,0.134,15.082000000000003,0.06999999999999998,410.654,512.0,0.8587,0.2946315146488327,1.54,0.468192992225622,1,0.49999999999999994,0.8660254037844387,0.3209626536828448,0.9467794174708594,-0.2817623302598763,0.22469796037174664
2025-01-22,27599.2,9426.0,24.046,75.0,91.4,2955.0,46.7,4337.2,3.8,170.6,5.4,85.88000000000001,3.08,179.28000000000003,7.340000000000001,4747.74,6.947999999999999,22.684,10.216,1.714,0.12400000000000003,15.047999999999998,0.059999999999999984,413.476,512.0,0.8587,0.29345404678189885,1.54,0.4738925069571992,1,0.49999999999999994,0.8660254037844387,0.33720126223041785,0.9411182705461659,-4.4408920985006264e-17,0.3603875471609676
2025-01-23,28469.4,9570.0,25.809999999999995,75.0,98.0,3075.0,47.900000000000006,4437.2,3.8,174.4,4.8,87.88000000000001,3.0200000000000005,182.98000000000002,6.959999999999999,5009.780000000001,6.964,22.538000000000004,10.846,1.626,0.11400000000000003,14.992,0.06999999999999998,424.89000000000004,512.0,0.8587,0.2890156178936544,1.54,0.47220858927024045,1,0.49999999999999994,0.8660254037844387,0.35334008749945034,0.935178631584081,0.2817623302598763,0.22469796037174666
2025-01-24,27986.6,9339.0,28.032,75.0,86.4,2925.0,47.60000000000001,4427.6,3.8,176.2,4.6,86.06,3.000000000000001,180.22,6.76,4862.92,6.936,22.247999999999998,11.226,1.612,0.11000000000000003,14.73,0.06999999999999998,410.524,512.0,0.8587,0.2865825426232734,1.54,0.46341198068457434,1,0.49999999999999994,0.8660254037844387,0.3693743537518963,0.9289622582193328,0.35135187892997066,-0.08019377358048381
2025-01-25,28623.2,8928.0,27.860000000000003,75.0,85.8,3100.0,47.7,4429.6,3.8,172.7,4.4,79.82000000000001,3.0400000000000005,168.35999999999999,6.6,4623.24,6.906000000000001,20.782,11.23,1.502,0.10200000000000002,14.744,0.059999999999999984,420.142,512.0,0.8587,0.2685892488017267,1.54,0.45078465904385245,1,0.49999999999999994,0.8660254037844387,0.3852993161904052,0.922470989976812,0.15636629649360598,-0.3246979603717467
2025-01-26,28947.4,8625.0,24.208,75.0,72.0,2900.0,50.300000000000004,4414.4,3.8,172.6,4.0,76.24000000000001,3.0400000000000005,161.94,6.5,4495.76,6.896000000000001,20.657999999999998,10.808,1.426,0.10400000000000002,14.4,0.059999999999999984,415.188,512.0,0.8587,0.25649997387571544,1.54,0.4249602076157652,1,0.49999999999999994,0.8660254037844387,0.40111026236238345,0.915706747727226,-0.15636629649360595,-0.32469796037174675
2025-01-27,28996.6,8349.0,22.377999999999997,75.0,65.0,2745.0,50.50000000000001,4305.2,3.8,172.4,3.9,76.1,3.0000000000000004,162.68,6.4,4528.139999999999,6.9,21.654,10.34,1.4440000000000002,0.10400000000000002,14.591999999999999,0.059999999999999984,421.412,512.0,0.8587,0.24779414240178058,1.54,0.40687140951562056,1,0.49999999999999994,0.8660254037844387,0.416802513554485,0.9086715331186823,-0.35135187892997066,-0.08019377358048389
2025-01-28,28614.4,8013.0,20.776,75.0,59.0,2585.0,49.60000000000001,4255.8,3.8,171.3,4.1,70.82000000000001,2.9800000000000004,153.01999999999998,6.34,4188.58,6.912000000000001,21.369999999999997,10.004000000000001,1.464,0.10800000000000003,14.213999999999999,0.05,405.278,512.0,0.8587,0.24126641301727814,1.54,0.3928833917245299,1,0.49999999999999994,0.8660254037844387,0.4323714261771182,0.9013674279843699,-0.2817623302598763,0.22469796037174664
2025-01-29,28859.0,7959.0,14.968,75.0,57.0,2435.0,56.4,4352.4,3.04,161.4,3.8,69.82000000000001,2.8600000000000003,150.28,6.18,4156.0,6.914,20.726000000000003,9.936,1.3980000000000001,0.10800000000000003,14.106,0.059999999999999984,405.58000000000004,512.0,0.8587,0.2371528395541481,1.54,0.37859365681523044,1,0.49999999999999994,0.8660254037844387,0.4478123931385583,0.8937965937265094,-4.4408920985006264e-17,0.3603875471609676
2025-01-30,28204.4,7971.0,9.552000000000001,75.0,36.4,2075.0,62.4,4346.4,2.28,151.4,3.7,66.94,2.74,144.54000000000002,6.08,3917.4199999999996,6.94,20.634,10.386,1.3719999999999999,0.11200000000000003,13.815999999999999,0.059999999999999984,388.42600000000004,512.0,0.8587,0.24284096527830323,1.54,0.36723670274271597,1,0.49999999999999994,0.8660254037844387,0.4631208452082601,0.8859612706767607,0.2817623302598763,0.22469796037174666
2025-01-31,27643.0,7971.0,11.324000000000002,75.0,43.1,2090.0,61.7,4309.4,2.28,156.4,4.1,63.88000000000001,2.7600000000000007,136.5,6.08,3620.0800000000004,6.952000000000001,20.988000000000003,11.772,1.356,0.10800000000000003,13.675999999999998,0.059999999999999984,376.724,512.0,0.8587,0.24777493397245204,1.54,0.3760609564350313,1,0.49999999999999994,0.8660254037844387,0.47829225236896666,0.8778637774332724,0.35135187892997066,-0.08019377358048381
2025-02-01,27551.8,8001.0,11.448,75.0,43.5,2010.0,62.9,4276.0,2.28,157.9,4.3,60.64,2.6000000000000005,127.74000000000001,6.0,3358.2399999999993,6.9799999999999995,20.152,12.716000000000001,1.3399999999999999,0.10800000000000003,13.528,0.059999999999999984,371.15999999999997,512.0,0.8587,0.24945930124903884,1.54,0.373699346824406,2,0.5732050807568877,0.792820323027551,0.49332212515721496,0.8695065101745717,0.15636629649360598,-0.3246979603717467
2025-02-02,27460.2,8094.0,11.534,75.0,43.7,2030.0,63.3,4220.6,2.28,161.0,4.2,57.98,2.4600000000000004,121.82000000000001,5.92,3184.14,6.9879999999999995,20.136000000000003,12.790000000000001,1.284,0.10800000000000003,13.504,0.059999999999999984,369.284,512.0,0.8587,0.25313433234866284,1.54,0.3789663128413583,2,0.6464101615137754,0.7196152422706632,0.5082060159918395,0.8608919419504957,-0.15636629649360595,-0.32469796037174675
2025-02-03,27878.8,8223.0,17.16,75.0,45.1,2045.0,55.3,4136.2,3.04,158.6,4.4,53.06,2.4600000000000004,112.97999999999999,5.92,2984.1600000000003,7.008,21.05,12.452000000000002,1.2120000000000002,0.11200000000000003,13.674000000000001,0.05999999999999998,380.022,512.0,0.8587,0.25338297625121836,1.54,0.37804761339618387,2,0.719615242270663,0.6464101615137755,0.5229395204900834,0.852022621950377,-0.35135187892997066,-0.08019377358048389
2025-02-04,28015.6,8367.0,22.595999999999997,75.0,65.7,1980.0,48.10000000000001,4127.6,3.8,163.1,4.5,58.34000000000001,2.4600000000000004,122.32000000000001,5.92,3260.0600000000004,6.946,21.518,12.124,1.2559999999999998,0.10800000000000003,13.906,0.059999999999999984,388.262,512.0,0.8587,0.2565663366221139,1.54,0.37760485370367936,2,0.7928203230275508,0.5732050807568878,0.5375182787709264,0.8429011747486974,-0.2817623302598763,0.22469796037174664
2025-02-05,28044.8,8547.0,24.479999999999997,75.0,52.8,1900.0,47.00000000000001,4090.2,3.8,158.4,4.5,61.260000000000005,2.4200000000000004,127.97999999999999,5.92,3414.6400000000003,6.8420000000000005,21.288,11.436,1.3679999999999999,0.11200000000000002,13.951999999999998,0.06999999999999998,389.62,512.0,0.8587,0.2620617014580607,1.54,0.377294447191386,2,0.8660254037844386,0.5000000000000001,0.5519379767452437,0.8335302995284337,-4.4408920985006264e-17,0.3603875471609676
2025-02-06,27997.4,8886.0,26.202000000000005,75.0,59.4,1920.0,46.00000000000001,4066.0,3.8,159.2,4.7,65.0,2.6400000000000006,136.62,6.5,3635.44,6.836,21.34,10.794,1.37,0.11600000000000002,13.606,0.07999999999999999,378.928,512.0,0.8587,0.27282686803414896,1.54,0.3897130401549215,2,0.8660254037844386,0.5000000000000001,0.5661943473924136,0.8239127692823265,0.2817623302598763,0.22469796037174666
2025-02-07,28021.6,9270.0,29.162,75.0,70.8,1885.0,46.400000000000006,4132.2,3.8,158.1,5.4,71.02000000000001,2.9000000000000004,147.32,7.12,3918.7,6.833999999999999,21.092000000000002,10.426,1.3699999999999999,0.11200000000000003,13.618,0.07999999999999999,379.57800000000003,512.0,0.8587,0.28444029824091716,1.54,0.39983290251762166,2,0.8660254037844386,0.5000000000000001,0.5802831720229993,0.814051429992307,0.35135187892997066,-0.08019377358048381
2025-02-08,27304.6,9471.0,27.322000000000003,75.0,83.8,1915.0,46.00000000000001,4116.2,3.8,171.6,5.9,82.76,3.0200000000000005,168.78000000000003,7.4,4393.860000000001,6.814,21.02,10.348,1.466,0.11600000000000002,14.041999999999998,0.07999999999999999,380.002,512.0,0.8587,0.29808614260481586,1.54,0.4192038883840567,2,0.8660254037844386,0.5000000000000001,0.5942002815271247,0.8039491997873244,0.15636629649360598,-0.3246979603717467
2025-02-09,27340.6,9630.0,23.894,75.0,70.8,1975.0,45.400000000000006,4112.0,3.8,169.8,6.3,84.25999999999999,3.1000000000000005,171.22,7.62,4461.88,6.864,21.168,10.303999999999998,1.448,0.12000000000000002,14.388,0.07999999999999999,390.27200000000005,512.0,0.8587,0.3025792898476495,1.54,0.4262580204250407,2,0.8660254037844386,0.5000000000000001,0.6079415576081828,0.793609068079826,-0.15636629649360595,-0.32469796037174675
2025-02-10,27607.4,9774.0,23.974,75.0,91.2,2020.0,45.00000000000001,4088.6,3.8,169.5,6.7,84.78,3.2,172.8,7.9,4534.88,6.959999999999999,21.822,10.424,1.3599999999999999,0.11600000000000002,14.675999999999998,0.06999999999999998,402.294,512.0,0.8587,0.3042651730211906,1.54,0.43054412982269136,2,0.8660254037844386,0.5000000000000001,0.6215029340015058,0.7830340946811406,-0.35135187892997066,-0.08019377358048389
2025-02-11,27528.4,9702.0,24.038,75.0,91.4,2050.0,44.60000000000001,4105.0,3.8,166.3,6.8,81.66,3.12,167.04000000000002,7.42,4375.18,6.909999999999999,21.666,10.68,1.318,0.11600000000000002,15.024000000000001,0.059999999999999984,411.24399999999997,512.0,0.8587,0.3029022342207684,1.54,0.4312741132270338,2,0.8660254037844386,0.5000000000000001,0.6348803976776368,0.7722274088960318,-0.2817623302598763,0.22469796037174664
2025-02-12,27398.4,9498.0,22.544,75.0,85.6,2150.0,44.400000000000006,4063.2,3.8,163.3,6.6,81.25999999999999,2.8600000000000003,166.72,6.8,4363.38,6.889999999999999,21.892000000000003,10.982,1.326,0.12000000000000002,14.916,0.059999999999999984,406.594,512.0,0.8587,0.2979787370793917,1.54,0.43253432979358264,2,0.8660254037844386,0.5000000000000001,0.6480699900298518,0.7611922085966863,-4.4408920985006264e-17,0.3603875471609676
2025-02-13,27897.2,9585.0,24.541999999999998,75.0,93.2,2130.0,46.2,4029.6,3.8,157.6,6.0,76.8,2.7,158.38000000000002,6.44,4239.36,6.884,21.369999999999997,10.946,1.39,0.12000000000000002,14.437999999999999,0.05,401.742,512.0,0.8587,0.2950259236675764,1.54,0.42648450007802385,2,0.8660254037844386,0.5000000000000001,0.6610678080455732,0.7499317592764122,0.2817623302598763,0.22469796037174666
2025-02-14,27681.4,9684.0,28.326,75.0,107.6,2260.0,46.2,4045.8,3.8,176.4,5.8,79.17999999999999,2.6000000000000005,163.48,6.2,4350.339999999999,6.9,21.086000000000002,10.586,1.5,0.12000000000000002,14.39,0.05,397.092,512.0,0.8587,0.30045027485474274,1.54,0.4414442252600466,2,0.8660254037844386,0.5000000000000001,0.6738700054613357,0.7384493930833262,0.35135187892997066,-0.08019377358048381
2025-02-15,27513.0,9675.0,26.118000000000002,75.0,99.2,2245.0,45.2,4059.0,3.8,173.4,5.4,85.64,2.5200000000000005,176.18,5.9799999999999995,4678.219999999999,6.884,20.772,9.592,1.588,0.12000000000000002,14.596,0.05,400.148,512.0,0.8587,0.30198639036827934,1.54,0.44234977748493465,2,0.8660254037844386,0.5000000000000001,0.6864727939009563,0.7267485078343185,0.15636629649360598,-0.3246979603717467
2025-02-16,27805.4,9621.0,21.936,75.0,83.4,2240.0,45.00000000000001,4004.4,3.8,180.7,5.5,93.68,2.5400000000000005,192.76,6.2,5197.219999999999,6.912000000000001,21.253999999999998,8.862,1.684,0.12000000000000002,15.064000000000002,0.05,417.97800000000007,512.0,0.8587,0.2974247606712429,1.54,0.4353254764163947,2,0.8660254037844386,0.5000000000000001,0.6988724439965763,0.7148325660095836,-0.15636629649360595,-0.32469796037174675
2025-02-17,27813.6,9660.0,21.574,75.0,82.0,2165.0,45.00000000000001,3955.2,3.8,197.1,5.4,96.52000000000001,2.74,199.84,6.5,5383.2,6.925999999999999,22.506,7.980000000000001,1.7920000000000003,0.11600000000000003,16.054000000000002,0.059999999999999984,444.782,512.0,0.8587,0.2985659225361576,1.54,0.4318827329418597,2,0.8660254037844386,0.5000000000000001,0.7110652864922413,0.7027050937280163,-0.35135187892997066,-0.08019377358048389
2025-02-18,28024.8,9690.0,20.814,75.0,79.1,2165.0,44.300000000000004,3984.0,3.8,205.8,5.7,95.1,2.8800000000000003,201.51999999999998,6.76,5459.08,6.956,22.234,7.660000000000001,1.6960000000000002,0.10800000000000003,15.668000000000001,0.059999999999999984,436.52799999999996,512.0,0.8587,0.29726668049075433,1.54,0.4295032096363851,2,0.8660254037844386,0.5000000000000001,0.723047713329693,0.690369679703777,-0.2817623302598763,0.22469796037174664
2025-02-19,28389.0,9699.0,18.224,75.0,69.3,1985.0,44.7,3994.0,3.8,184.2,5.6,93.22,2.9400000000000004,197.83999999999997,6.840000000000001,5417.36,6.965999999999999,22.266000000000002,7.728,1.596,0.10800000000000003,15.452000000000002,0.059999999999999984,435.826,512.0,0.8587,0.293561471184609,1.54,0.41310962349705554,2,0.8660254037844386,0.5000000000000001,0.7348161787160511,0.6778299741843332,-4.4408920985006264e-17,0.3603875471609676
2025-02-20,28533.0,9738.0,18.363999999999997,75.0,69.8,1975.0,44.400000000000006,3946.0,3.8,198.3,5.5,85.52000000000001,3.0000000000000004,185.56,6.880000000000001,5102.76,7.0,21.944,7.92,1.528,0.11200000000000002,14.95,0.059999999999999984,424.122,512.0,0.8587,0.2932034270724334,1.54,0.41154081815524474,2,0.8660254037844386,0.5000000000000001,0.7463672001730717,0.6650896878702927,0.2817623302598763,0.22469796037174666
2025-02-21,28318.2,9714.0,22.080000000000002,75.0,83.8,1960.0,43.400000000000006,4001.2,3.8,197.0,5.2,78.47999999999999,2.98,172.62,6.8,4693.160000000001,7.014,21.462,7.996,1.452,0.11200000000000002,14.478,0.059999999999999984,407.284,512.0,0.8587,0.2945650126246199,1.54,0.4136812176848282,2,0.8660254037844386,0.5000000000000001,0.7576973595676675,0.6521525908173473,0.35135187892997066,-0.08019377358048381
2025-02-22,28999.8,9672.0,20.660000000000004,75.0,78.4,1940.0,43.400000000000006,4019.6,3.8,191.6,5.0,72.42,2.96,163.2,6.640000000000001,4538.14,6.9799999999999995,20.125999999999998,8.41,1.324,0.11200000000000003,13.572,0.05,391.76800000000003,512.0,0.8587,0.2867546103495352,1.54,0.40172227980917585,2,0.8660254037844386,0.5000000000000001,0.7688033041233889,0.6390225113206526,0.15636629649360598,-0.3246979603717467
2025-02-23,28506.4,9201.0,18.584,75.0,70.5,1880.0,43.10000000000001,4017.0,3.8,175.5,4.8,69.5,2.9400000000000004,155.2,6.4799999999999995,4244.4,6.952,20.16,8.756,1.342,0.11600000000000002,13.912,0.059999999999999984,394.46000000000004,512.0,0.8587,0.27709778531275603,1.54,0.39014144938175976,2,0.8660254037844386,0.5000000000000001,0.7796817474125642,0.6257033347819745,-0.15636629649360595,-0.32469796037174675
2025-02-24,28511.2,9054.0,18.68,75.0,70.84,1885.0,43.50000000000001,3965.8,3.8,176.3,4.9,63.06,3.000000000000001,142.8,6.42,3887.1399999999994,6.948,20.314,8.736,1.3559999999999999,0.11200000000000002,13.522,0.059999999999999984,383.212,512.0,0.8587,0.27269837641780936,1.54,0.38604234235482054,2,0.8660254037844386,0.5000000000000001,0.7903294703288073,0.6121990025599359,-0.35135187892997066,-0.08019377358048389
2025-02-25,28863.6,9066.0,18.546,75.0,70.34,1910.0,45.2,3972.2,3.8,155.9,5.0,59.92,2.9400000000000004,133.14,6.42,3651.5,7.128,20.032,8.826,1.338,0.11200000000000002,13.290000000000001,0.059999999999999984,381.144,512.0,0.8587,0.2694850082276761,1.54,0.3828429313484909,2,0.8660254037844386,0.5000000000000001,0.8007433220396015,0.5985135108037049,-0.2817623302598763,0.22469796037174664
2025-02-26,29210.0,9126.0,18.584,75.0,70.53999999999999,1905.0,45.800000000000004,3980.4,3.8,149.2,4.8,56.1,2.9200000000000004,122.66,6.359999999999999,3395.0799999999995,7.12,19.776,8.66,1.352,0.10800000000000003,12.914000000000001,0.059999999999999984,374.83599999999996,460.8,0.8587,0.26794988437580336,1.54,0.37961981887335094,2,0.8660254037844386,0.5000000000000001,0.810920220918683,0.5846509092704705,-4.4408920985006264e-17,0.3603875471609676
2025-02-27,28695.4,9066.0,18.932,75.0,71.94,1925.0,44.400000000000006,3991.4,3.8,127.4,4.7,54.839999999999996,2.8600000000000003,116.0,6.459999999999999,3131.8399999999997,7.15,19.666,8.468,1.424,0.11200000000000003,13.006,0.059999999999999984,370.704,460.8,0.8587,0.2708666702831447,1.54,0.38563666934052965,2,0.8660254037844386,0.5000000000000001,0.8208571554579427,0.5706153001270544,0.2817623302598763,0.22469796037174666
2025-02-28,29205.2,9327.0,19.48,75.0,73.94,2170.0,44.800000000000004,3947.2,3.8,127.8,5.0,56.220000000000006,2.9200000000000004,116.75999999999999,6.68,3214.2200000000003,7.148000000000001,20.095999999999997,8.108,1.5020000000000002,0.11800000000000002,13.324000000000002,0.05,387.52,460.8,0.8587,0.27421137970420456,1.54,0.4007508614868132,2,0.8660254037844386,0.5000000000000001,0.8305511851585807,0.5564108367360132,0.35135187892997066,-0.08019377358048381
2025-03-01,28555.2,9222.0,21.186,75.0,80.4,2355.0,43.800000000000004,3992.4,3.8,129.7,4.8,56.260000000000005,2.9200000000000004,116.43999999999998,6.840000000000001,3134.06,7.1,19.762,7.851999999999999,1.4860000000000002,0.12600000000000003,13.784,0.059999999999999984,391.158,460.8,0.8587,0.27766598054436303,1.54,0.418881278952569,3,0.8928203230275509,0.4000000000000001,0.8399994414012466,0.5420417224265924,0.15636629649360598,-0.3246979603717467
2025-03-02,28569.2,9183.0,19.482000000000003,75.0,74.0,2555.0,44.60000000000001,4119.6,3.8,147.9,4.6,57.260000000000005,2.9600000000000004,121.4,6.8,3284.4200000000005,6.934,19.806,8.116,1.464,0.12600000000000003,14.080000000000002,0.059999999999999984,400.15200000000004,460.8,0.8587,0.2764085162828717,1.54,0.42815104306971924,3,0.9196152422706632,0.3000000000000001,0.8491991282949105,0.5275122092508928,-0.15636629649360595,-0.32469796037174675
2025-03-03,28818.0,9153.0,17.818,75.0,67.7,2685.0,45.900000000000006,4160.2,3.8,155.1,4.5,56.67999999999999,3.0,120.92,6.76,3297.12,6.922,20.308,8.346,1.498,0.12600000000000003,14.466,0.059999999999999984,415.22800000000007,512.0,0.8587,0.27339389407547593,1.54,0.4307192557778932,3,0.9464101615137753,0.2000000000000001,0.8581475235042115,0.5128265967256206,-0.35135187892997066,-0.08019377358048389
2025-03-04,29388.2,9210.0,17.568,75.0,66.7,2725.0,46.7,4149.4,3.8,166.8,4.3,57.160000000000004,3.0000000000000004,123.05999999999999,6.62,3429.7400000000002,6.888,20.356,8.541999999999998,1.474,0.12200000000000003,14.693999999999999,0.059999999999999984,429.98199999999997,512.0,0.8587,0.26992774710252315,1.54,0.427095745243375,3,0.9732050807568877,0.10000000000000006,0.8668419790550417,0.4979892305597905,-0.2817623302598763,0.22469796037174664
2025-03-05,29492.0,9261.0,17.538,75.0,66.7,2670.0,46.300000000000004,4245.4,3.8,173.7,3.7,61.17999999999999,2.9400000000000004,134.24,6.4,3783.9,6.890000000000001,20.217999999999996,8.692,1.416,0.11600000000000002,14.693999999999999,0.06999999999999998,431.31800000000004,512.0,0.8587,0.2704771682129516,1.54,0.42405882965242003,3,1.0,6.123233995736766e-17,0.8752799221181231,0.48300450136876155,-4.4408920985006264e-17,0.3603875471609676
2025-03-06,30319.6,9408.0,16.044,75.0,61.1,2670.0,47.7,4272.0,3.8,175.8,3.7,69.52,2.9200000000000004,152.6,6.26,4421.46,6.9079999999999995,20.4,9.088,1.522,0.11200000000000002,14.796000000000001,0.05999999999999998,446.65999999999997,512.0,0.8587,0.26659148235778046,1.54,0.41494381860078045,3,1.0,6.123233995736766e-17,0.8834588557703498,0.4678768433749824,0.2817623302598763,0.22469796037174666
2025-03-07,30300.4,9363.0,19.194,75.6,73.0,2605.0,47.00000000000001,4170.0,3.8,168.4,3.7,74.72,2.8400000000000003,159.38,6.18,4622.84,6.8740000000000006,20.752000000000002,9.121999999999998,1.576,0.11600000000000002,14.972,0.059999999999999984,451.61800000000005,512.0,0.8587,0.26547014620735254,1.54,0.41096967993329425,3,1.0,6.123233995736766e-17,0.8913763597336679,0.45261073309583394,0.35135187892997066,-0.08019377358048381
2025-03-08,29681.8,9375.0,18.538,76.2,70.5,2535.0,47.10000000000001,4150.8,3.8,166.4,3.8,80.52000000000001,2.8400000000000003,172.58,6.16,4928.9800000000005,6.851999999999999,20.566,9.104000000000001,1.574,0.12400000000000003,15.190000000000001,0.059999999999999984,448.90600000000006,512.0,0.8587,0.2715418795229537,1.54,0.41606597857198757,3,1.0,6.123233995736766e-17,0.8990300910912741,0.437210688018956,0.15636629649360598,-0.3246979603717467
2025-03-09,29677.6,9243.0,16.316,76.8,62.1,2605.0,48.800000000000004,4204.4,3.8,171.2,4.0,83.9,2.8800000000000003,178.62,6.18,5114.54,6.890000000000001,19.951999999999998,8.858,1.52,0.12800000000000003,15.080000000000002,0.059999999999999984,445.446,512.0,0.8587,0.2679095722490654,1.54,0.4157829012503333,3,1.0,6.123233995736766e-17,0.906417784980923,0.4216812652654497,-0.15636629649360595,-0.32469796037174675
2025-03-10,29709.6,9288.0,15.690000000000001,77.4,59.7,2680.0,49.2,4154.6,3.8,161.1,4.4,80.49999999999999,2.8200000000000003,168.78,6.18,4825.280000000001,6.901999999999999,20.69,8.978,1.482,0.12800000000000003,14.9,0.05,440.846,512.0,0.8587,0.2689127185456207,1.54,0.4205715839530281,3,1.0,6.123233995736766e-17,0.9135372552651363,0.4060270602413521,-0.35135187892997066,-0.08019377358048389
2025-03-11,29566.8,9324.0,15.776,78.0,59.9,2645.0,48.00000000000001,4138.6,3.8,158.6,4.6,74.66,2.7800000000000002,154.35999999999999,6.16,4377.18,6.928,20.671999999999997,8.94,1.358,0.13200000000000003,14.6,0.05,429.93999999999994,512.0,0.8587,0.2713096723160336,1.54,0.4217329512797101,3,1.0,6.123233995736766e-17,0.9203863951781155,0.3902527052777817,-0.2817623302598763,0.22469796037174664
2025-03-12,29850.6,9393.0,14.732,78.0,56.0,2655.0,48.50000000000001,4133.8,3.8,157.0,4.9,70.47999999999999,2.8800000000000003,149.88,6.24,4279.88,6.932,20.578,8.913999999999998,1.284,0.12400000000000004,14.258000000000001,0.05,423.526,512.0,0.8587,0.2707299310912828,1.54,0.4200709081512123,3,1.0,6.123233995736766e-17,0.9269631779491683,0.37436286826015747,-4.4408920985006264e-17,0.3603875471609676
2025-03-13,30233.0,9450.0,15.248,78.0,58.0,2740.0,48.300000000000004,4157.0,3.8,163.4,5.3,73.4,2.96,153.1,6.5,4433.4800000000005,6.964,20.951999999999998,9.05,1.28,0.12000000000000002,14.23,0.059999999999999984,428.258,512.0,0.8587,0.2686766357938132,1.54,0.4209194416885639,3,1.0,6.123233995736766e-17,0.9332656574024624,0.35836225124689564,0.2817623302598763,0.22469796037174666
2025-03-14,30156.4,9639.0,17.616,78.0,67.0,2780.0,47.60000000000001,4179.0,3.8,165.6,5.7,77.6,3.0000000000000004,163.06,6.7,4719.9,6.959999999999999,22.164,9.256,1.318,0.12000000000000002,14.329999999999998,0.059999999999999984,430.23,512.0,0.8587,0.2745913679583339,1.54,0.42972173943785397,3,1.0,6.123233995736766e-17,0.9392919685329304,0.3422555890779956,0.35135187892997066,-0.08019377358048381
2025-03-15,29754.0,9582.0,18.688,78.0,71.0,2735.0,46.800000000000004,4174.8,3.8,176.7,5.7,75.52000000000001,3.0200000000000005,158.76,6.76,4541.08,6.992,21.562,8.884,1.3079999999999998,0.12000000000000002,14.175999999999998,0.059999999999999984,419.942,512.0,0.8587,0.27674696321609193,1.54,0.4318701620079851,3,1.0,6.123233995736766e-17,0.9450403280581551,0.32604764797392444,0.15636629649360598,-0.3246979603717467
2025-03-16,30022.6,9531.0,16.896,78.0,64.2,2695.0,46.2,4176.8,3.8,176.9,5.5,78.08,3.04,161.08,6.779999999999999,4644.18,6.998,21.902,8.361999999999998,1.3619999999999999,0.12000000000000002,14.596,0.06999999999999998,436.1,512.0,0.8587,0.2728013351591316,1.54,0.4241213378225733,3,1.0,6.123233995736766e-17,0.9505090349460703,0.30974322412521554,-0.15636629649360595,-0.32469796037174675
2025-03-17,29918.6,9495.0,16.607999999999997,78.0,63.0,2609.0,44.800000000000004,4179.6,3.8,176.0,5.4,78.12,3.04,157.84,6.8,4530.46,7.018000000000001,22.106,7.889999999999999,1.45,0.12400000000000003,14.758000000000001,0.06999999999999998,439.686,512.0,0.8587,0.27270686906961095,1.54,0.41986093561396054,3,1.0,6.123233995736766e-17,0.9556964709183251,0.2933471422731988,-0.35135187892997066,-0.08019377358048389
2025-03-18,29968.6,9477.0,18.256,78.0,69.2,2584.0,44.800000000000004,4126.4,3.8,172.3,5.1,77.41999999999999,2.9800000000000004,157.7,6.540000000000001,4543.32,7.01,21.706,7.401999999999999,1.484,0.12000000000000002,14.756,0.06999999999999998,440.384,512.0,0.8587,0.2717334245014702,1.54,0.4176055321034056,3,1.0,6.123233995736766e-17,0.9606011009291576,0.2768642542822817,-0.2817623302598763,0.22469796037174664
2025-03-19,29890.0,9513.0,18.163999999999998,78.0,68.8,2504.0,44.60000000000001,4096.6,3.8,175.5,4.6,78.24000000000001,2.9800000000000004,160.24,6.38,4609.0199999999995,7.017999999999999,21.196,7.101999999999999,1.532,0.11600000000000003,14.956,0.06999999999999998,445.262,512.0,0.8587,0.27345821908655166,1.54,0.41539542897446546,3,1.0,6.123233995736766e-17,0.9652214736196394,0.26029943770420483,-4.4408920985006264e-17,0.3603875471609676
2025-03-20,30162.6,9582.0,18.228,78.0,69.1,2469.0,45.300000000000004,4145.6,3.8,167.6,4.6,83.58,3.0600000000000005,170.82,6.42,4951.0199999999995,6.996,21.18,7.4,1.6460000000000001,0.12000000000000004,15.178,0.07999999999999999,455.326,512.0,0.8587,0.27285420137346816,1.54,0.4113497741170522,3,1.0,6.123233995736766e-17,0.9695562217471568,0.24365759433469608,0.2817623302598763,0.22469796037174666
2025-03-21,30050.6,9624.0,22.232,78.0,84.3,2609.0,46.50000000000001,4126.6,3.8,176.6,4.8,86.12,3.1400000000000006,180.6,6.58,5224.379999999999,6.9959999999999996,20.878,7.641999999999999,1.7560000000000002,0.12000000000000004,15.118,0.06999999999999998,452.08000000000004,512.0,0.8587,0.27505045535754913,1.54,0.4224383492988381,3,1.0,6.123233995736766e-17,0.9736040625899998,0.22694364876294998,0.35135187892997066,-0.08019377358048381
2025-03-22,29264.4,9510.0,22.484,78.0,85.3,2720.0,46.900000000000006,4128.8,3.8,182.0,4.9,93.56,3.12,195.72,6.68,5532.1,6.959999999999999,21.048,7.7799999999999985,1.8399999999999999,0.12000000000000004,15.548000000000002,0.06999999999999998,452.5400000000001,512.0,0.8587,0.2793091999905556,1.54,0.4373818857821655,3,1.0,6.123233995736766e-17,0.9773637983269392,0.2101625469143627,0.15636629649360598,-0.3246979603717467
2025-03-23,29110.0,9246.0,19.247999999999998,78.0,73.1,2870.0,45.900000000000006,4157.8,3.8,188.1,5.2,89.74,3.2000000000000006,188.38,7.0,5278.2,6.9799999999999995,20.962,7.818,1.8720000000000003,0.12800000000000006,15.178,0.059999999999999984,439.61400000000003,512.0,0.8587,0.2730368490729383,1.54,0.43946154085544364,3,1.0,6.123233995736766e-17,0.9808343163916821,0.19331925458695323,-0.15636629649360595,-0.32469796037174675
2025-03-24,29142.6,9237.0,17.432,78.0,66.3,3100.0,45.900000000000006,4128.8,3.8,182.7,5.6,90.46,3.2,187.07999999999998,7.139999999999999,5241.5,6.984,21.758,7.799999999999999,1.932,0.13200000000000003,15.277999999999997,0.059999999999999984,443.154,512.0,0.8587,0.27248416009450727,1.54,0.450719480316089,3,1.0,6.123233995736766e-17,0.9840145898020978,0.1764187559819037,-0.35135187892997066,-0.08019377358048389
2025-03-25,29162.0,9273.0,17.348,78.0,66.0,3135.0,46.800000000000004,4097.4,3.8,195.8,5.5,94.8,3.1800000000000006,198.4,7.12,5578.94,6.9719999999999995,21.6,7.4,1.888,0.12800000000000003,15.622,0.05,453.878,512.0,0.8587,0.2733494089843907,1.54,0.45343982816502815,3,1.0,6.123233995736766e-17,0.9869036774641188,0.1594660522286543,-0.2817623302598763,0.22469796037174664
2025-03-26,29311.2,9261.0,17.160000000000004,78.0,65.4,3110.0,47.60000000000001,4096.2,3.8,185.7,5.4,93.58,3.14,195.5,7.06,5518.84,6.962000000000001,22.102,7.347999999999999,1.8039999999999998,0.12400000000000003,15.732,0.05,459.54800000000006,512.0,0.8587,0.2716699105023729,1.54,0.44960491667576524,3,1.0,6.123233995736766e-17,0.9895007244502247,0.14246615990498832,-4.4408920985006264e-17,0.3603875471609676
2025-03-27,30298.8,9414.0,16.56,78.0,63.2,3155.0,48.800000000000004,4042.4,3.8,179.2,5.4,86.02,3.1800000000000006,181.16,6.919999999999999,5260.82,7.0,22.252000000000002,7.3759999999999994,1.7280000000000002,0.12800000000000003,15.416,0.05,465.51000000000005,512.0,0.8587,0.26675680782786787,1.54,0.4411854468152862,3,1.0,6.123233995736766e-17,0.9918049622524301,0.12542410955254638,0.2817623302598763,0.22469796037174666
2025-03-28,30396.4,9576.0,19.924,78.0,75.9,3100.0,50.900000000000006,4008.6,3.8,171.9,5.3,87.62,3.0600000000000005,183.88,6.640000000000001,5364.86,7.0,23.15,7.635999999999998,1.736,0.12400000000000003,15.913999999999998,0.05,481.7,512.0,0.8587,0.27061918700913845,1.54,0.4422064484302791,3,1.0,6.123233995736766e-17,0.9938157090096974,0.10834494418820795,0.35135187892997066,-0.08019377358048381
2025-03-29,29804.6,9393.0,21.86,78.0,83.2,2990.0,50.2,4050.2,3.8,168.6,5.4,81.52,3.0000000000000004,171.92,6.539999999999999,4919.04,6.964,23.092000000000002,7.941999999999998,1.7399999999999998,0.12400000000000003,15.632,0.059999999999999984,464.188,512.0,0.8587,0.2707981636819625,1.54,0.4403822352136908,3,1.0,6.123233995736766e-17,0.9955323697097114,0.09123371781178172,0.15636629649360598,-0.3246979603717467
2025-03-30,29820.2,9222.0,19.84,78.0,75.5,3005.0,50.10000000000001,4038.2,3.8,159.5,5.7,75.7,2.9800000000000004,157.42000000000002,6.639999999999999,4491.32,6.965999999999999,24.211999999999996,8.105999999999998,1.6940000000000002,0.12400000000000003,15.416,0.059999999999999984,458.07,512.0,0.8587,0.2656776925053398,1.54,0.4355931759487559,3,1.0,6.123233995736766e-17,0.9969544363649527,0.07409549391044556,-0.15636629649360595,-0.32469796037174675
2025-03-31,29631.2,9084.0,17.883999999999997,78.0,68.02000000000001,2965.0,49.60000000000001,4033.8,3.8,164.1,5.8,73.44,2.9200000000000004,152.86,6.5600000000000005,4326.219999999999,6.975999999999999,24.568,8.139999999999999,1.7,0.12000000000000002,15.05,0.059999999999999984,444.166,512.0,0.8587,0.26340116416780834,1.54,0.43176559096239986,3,1.0,6.123233995736766e-17,0.998081488163019,0.05693534396037945,-0.35135187892997066,-0.08019377358048389
2025-04-01,29500.6,8958.0,18.288,78.0,69.42,3035.0,49.60000000000001,4078.0,3.8,167.7,5.6,75.42,2.8200000000000003,157.04000000000002,6.56,4439.640000000001,6.965999999999999,24.2,8.241999999999999,1.6939999999999997,0.12000000000000002,14.836000000000002,0.059999999999999984,435.64,512.0,0.8587,0.2610268234817833,1.54,0.4338285506790788,4,0.9732050807568877,-0.09999999999999991,0.9989131915911509,0.03975834592603385,-0.2817623302598763,0.22469796037174664
2025-04-02,29870.8,8973.0,16.436,78.0,62.32000000000001,3025.0,48.7,4136.4,3.8,177.8,5.5,75.97999999999999,2.8200000000000003,157.9,6.640000000000001,4524.42,6.959999999999999,23.863999999999997,8.197999999999999,1.636,0.11600000000000002,14.758,0.059999999999999984,439.02799999999996,512.0,0.8587,0.2583829526738118,1.54,0.42823637383203844,4,0.9464101615137755,-0.19999999999999987,0.9994493005349231,0.022569582757478453,-4.4408920985006264e-17,0.3603875471609676
2025-04-03,30569.4,9123.0,16.139999999999997,78.4,61.220000000000006,2945.0,48.2,4069.4,3.8,176.8,5.3,80.3,2.8400000000000003,164.35999999999999,6.74,4822.62,6.994,24.738,8.207999999999998,1.596,0.11600000000000002,14.896,0.05999999999999998,453.50999999999993,512.0,0.8587,0.25633634933444893,1.54,0.41779759096997504,4,0.9196152422706632,-0.2999999999999999,0.9996896563510738,0.0053741408862754535,0.2817623302598763,0.22469796037174666
2025-04-04,30868.0,9045.0,19.74,78.8,74.92,3420.0,46.7,4072.4,3.8,180.7,5.0,80.12,2.9,163.94,6.840000000000001,4852.9400000000005,6.9719999999999995,23.788,8.028,1.6780000000000002,0.12000000000000002,14.55,0.059999999999999984,447.5,512.0,0.8587,0.25169451853046904,1.54,0.4369995101172509,4,0.8928203230275511,-0.3999999999999998,0.9996341879144502,-0.011822891279677361,0.35135187892997066,-0.08019377358048381
2025-04-05,30193.4,8841.0,17.838,79.2,67.7,4230.0,46.50000000000001,4092.8,3.8,188.2,5.0,83.56,2.9600000000000004,170.1,6.959999999999999,4914.320000000001,6.956,23.798,8.224,1.704,0.12400000000000003,15.041999999999998,0.06999999999999998,450.73400000000004,512.0,0.8587,0.2516252496746061,1.54,0.4901759425117893,4,0.8660254037844387,-0.4999999999999998,0.9992829116390552,-0.029016424861888535,0.15636629649360598,-0.3246979603717467
2025-04-06,29299.2,8916.0,17.696,79.6,67.2,4315.0,45.400000000000006,4106.8,3.8,201.4,5.2,91.22,3.06,183.42000000000002,7.12,5134.879999999999,6.948,23.628,8.34,1.69,0.12400000000000003,15.516,0.06999999999999998,451.216,512.0,0.8587,0.2626277329464878,1.54,0.5126708809896231,4,0.8660254037844387,-0.4999999999999998,0.9986359314731901,-0.04620137201715365,-0.15636629649360595,-0.32469796037174675
2025-04-07,28260.6,8946.0,17.734,80.0,67.4,4305.0,45.60000000000001,4056.6,3.8,194.4,5.4,95.18,3.0800000000000005,191.04,7.159999999999999,5163.76,6.944,24.65,8.306000000000001,1.682,0.12400000000000003,15.776,0.06999999999999998,442.07399999999996,512.0,0.8587,0.27330967126877814,1.54,0.5290687457682782,4,0.8660254037844387,-0.4999999999999998,0.9976934388686948,-0.06337264744313033,-0.35135187892997066,-0.08019377358048389
2025-04-08,27734.0,9024.0,17.753999999999998,80.0,67.4,4245.0,46.00000000000001,4077.8,3.8,199.2,5.1,96.94,3.0600000000000005,198.04000000000002,7.0200000000000005,5271.36,6.9239999999999995,23.818,8.3,1.6179999999999999,0.12400000000000003,15.939999999999998,0.06999999999999998,438.62600000000003,512.0,0.8587,0.28062407245748167,1.54,0.535560333318666,4,0.8660254037844387,-0.4999999999999998,0.9964557127242945,-0.08052516988316069,-0.2817623302598763,0.22469796037174664
2025-04-09,26918.2,9255.0,17.944,80.0,68.2,3735.0,45.800000000000004,4096.8,3.8,203.4,5.2,99.24000000000001,3.08,202.26,6.959999999999999,5261.92,6.934,25.072,8.796000000000001,1.6179999999999999,0.11600000000000003,16.299999999999997,0.06999999999999998,436.826,512.0,0.8587,0.29509276632758635,1.54,0.5279244729757153,4,0.8660254037844387,-0.4999999999999998,0.9949231193030679,-0.09765386362989724,-4.4408920985006264e-17,0.3603875471609676
2025-04-10,27656.6,9633.0,21.392,80.0,81.3,2815.0,45.10000000000001,4093.0,3.8,195.2,5.1,94.06,3.0000000000000004,191.9,6.82,5084.0199999999995,6.914,25.6,8.896,1.6039999999999999,0.11200000000000003,15.994,0.059999999999999984,440.088,512.0,0.8587,0.2995821747890076,1.54,0.473172757661278,4,0.8660254037844387,-0.4999999999999998,0.993096112124066,-0.11475366002728613,0.2817623302598763,0.22469796037174666
2025-04-11,28514.8,9669.0,23.121999999999996,80.0,87.8,2550.0,45.400000000000006,4084.2,3.8,189.4,4.8,90.41999999999999,2.9200000000000004,185.82,6.619999999999999,5082.339999999999,6.9159999999999995,27.214,8.8,1.6480000000000001,0.10800000000000003,16.166000000000004,0.059999999999999984,459.0,512.0,0.8587,0.29197390869796574,1.54,0.44507895304854606,4,0.8660254037844387,-0.4999999999999998,0.9909752318281064,-0.13181949897046408,0.35135187892997066,-0.08019377358048381
2025-04-12,28426.4,9570.0,23.252000000000002,80.0,88.4,2400.0,44.2,4075.8,3.8,186.2,4.6,83.02,2.9400000000000004,171.34,6.459999999999999,4690.379999999999,6.910000000000001,26.968,8.654,1.674,0.11600000000000002,15.735999999999999,0.059999999999999984,446.29200000000003,512.0,0.8587,0.2897396897920335,1.54,0.4341474415972345,4,0.8660254037844387,-0.4999999999999998,0.9885611060177905,-0.14884633040312487,0.15636629649360598,-0.3246979603717467
2025-04-13,28778.8,9552.0,21.448,80.0,81.6,2510.0,45.60000000000001,4060.2,3.8,188.3,4.5,76.7,2.8600000000000003,156.54,6.359999999999999,4325.3,6.917999999999999,27.75,7.9239999999999995,1.734,0.11600000000000002,15.366,0.05,441.19800000000004,512.0,0.8587,0.28568278187992907,1.54,0.4341680798085827,4,0.8660254037844387,-0.4999999999999998,0.9858544490717851,-0.16582911581191218,-0.15636629649360595,-0.32469796037174675
2025-04-14,29633.6,9693.0,19.330000000000002,80.0,73.4,2495.0,47.400000000000006,3996.2,3.8,179.9,4.3,71.86,2.7600000000000007,146.92000000000002,6.14,4180.82,6.938,27.77,7.247999999999999,1.6780000000000002,0.11600000000000003,15.126,0.05,447.2960000000001,512.0,0.8587,0.28114955508576933,1.54,0.42386581030297404,4,0.8660254037844387,-0.4999999999999998,0.9828560619334263,-0.18276282971739682,-0.35135187892997066,-0.08019377358048389
2025-04-15,29592.2,9774.0,19.574,80.0,74.4,2580.0,48.400000000000006,3974.6,3.8,175.0,4.2,71.08,2.8,145.7,6.119999999999999,4139.8,6.948,26.392000000000003,6.767999999999999,1.6960000000000002,0.12000000000000002,14.786000000000001,0.05,436.514,460.8,0.8587,0.2838633724238254,1.54,0.4314628039561395,4,0.8660254037844387,-0.4999999999999998,0.9795668318737081,-0.19964246116119688,-0.2817623302598763,0.22469796037174664
2025-04-16,29430.6,9822.0,19.660000000000004,80.0,74.8,2658.0,48.2,3979.0,3.8,163.0,4.4,64.66,2.7800000000000002,132.68,6.16,3719.44,6.93,24.958,6.601999999999999,1.7240000000000002,0.12400000000000003,14.330000000000002,0.05,420.146,460.8,0.8587,0.2866992304854614,1.54,0.4393031604545364,4,0.8660254037844387,-0.4999999999999998,0.9759877322287235,-0.21646301518880104,-4.4408920985006264e-17,0.3603875471609676
2025-04-17,29873.4,9990.0,21.332,80.0,81.0,2808.0,49.60000000000001,3977.2,3.8,158.7,4.2,66.98,2.7400000000000007,137.28000000000003,6.12,3909.46,6.922,23.904,6.651999999999999,1.716,0.12000000000000002,14.459999999999999,0.05,430.29200000000003,460.8,0.8587,0.28725031115687094,1.54,0.4465579950949662,4,0.8660254037844387,-0.4999999999999998,0.9721198221116396,-0.23321951432765572,0.2817623302598763,0.22469796037174666
2025-04-18,29791.2,10068.0,22.973999999999997,80.0,87.2,2808.0,50.2,3987.2,3.8,144.5,4.7,66.98,2.8400000000000007,138.14000000000001,6.2,3920.9800000000005,6.912000000000001,22.724,7.15,1.7,0.12000000000000002,14.656,0.05,434.904,460.8,0.8587,0.29029810415740204,1.54,0.45039240591318874,4,0.8660254037844387,-0.4999999999999998,0.967964246099289,-0.24990700006007974,0.35135187892997066,-0.08019377358048381
2025-04-19,29038.4,9930.0,22.924,80.0,87.0,2773.0,49.800000000000004,4025.2,3.8,146.0,5.2,70.25999999999999,2.9000000000000004,145.16,6.42,4011.8399999999992,6.9,22.688,7.384,1.768,0.12400000000000003,15.016,0.05,433.724,460.8,0.8587,0.2937840234814685,1.54,0.45566958982648026,4,0.8660254037844387,-0.4999999999999998,0.9635222338934704,-0.2665205342905689,0.15636629649360598,-0.3246979603717467
2025-04-20,28851.6,9690.0,19.29,80.0,73.2,2808.0,49.800000000000004,4050.8,3.8,148.7,5.3,70.04,2.96,143.57999999999998,6.4799999999999995,3942.22,6.904000000000001,22.954,7.1899999999999995,1.6919999999999997,0.12800000000000003,15.386000000000001,0.05,441.95200000000006,512.0,0.8587,0.28855401107577927,1.54,0.45263235323505435,4,0.8660254037844387,-0.4999999999999998,0.9587950999570604,-0.2830552008070585,-0.15636629649360595,-0.32469796037174675
2025-04-21,28885.4,9735.0,17.387999999999998,80.0,66.0,2810.0,49.400000000000006,4088.8,3.8,171.7,5.4,74.72,3.0000000000000004,152.37999999999997,6.659999999999999,4205.84,6.836,23.961999999999996,6.9959999999999996,1.61,0.12400000000000003,15.318000000000001,0.05,440.39,512.0,0.8587,0.28951664944970945,1.54,0.4531249465191127,4,0.8660254037844387,-0.4999999999999998,0.9537842431250432,-0.2995061067357089,-0.35135187892997066,-0.08019377358048389
2025-04-22,29170.6,9864.0,17.387999999999998,80.0,66.0,2760.0,47.800000000000004,4105.2,3.8,180.6,5.9,69.78,3.0400000000000005,141.57999999999998,6.94,3920.5399999999995,6.8420000000000005,25.398000000000003,6.685999999999998,1.5879999999999999,0.11600000000000003,15.378,0.05,446.524,512.0,0.8587,0.29042832192181084,1.54,0.44951024286530467,4,0.8660254037844387,-0.4999999999999998,0.9484911461905725,-0.31586838398878636,-0.2817623302598763,0.22469796037174664
2025-04-23,29007.8,9889.0,19.11,80.0,72.6,2700.0,46.800000000000004,4117.6,3.8,200.6,5.8,67.32,3.0600000000000005,134.23999999999998,7.1,3681.56,6.87,26.303999999999995,6.461999999999999,1.5419999999999998,0.11200000000000003,15.492,0.05,447.304,512.0,0.8587,0.29285243203097805,1.54,0.4497573230687332,4,0.8660254037844387,-0.4999999999999998,0.9429173754661889,-0.33213719070520786,-4.4408920985006264e-17,0.3603875471609676
2025-04-24,29038.8,9963.0,21.006,80.0,79.8,2660.0,47.60000000000001,4112.0,3.8,202.0,5.8,62.98,3.0800000000000005,124.66,7.140000000000001,3420.84,6.918000000000001,26.369999999999997,6.4399999999999995,1.448,0.11200000000000003,15.362,0.05,444.226,512.0,0.8587,0.2948140942044005,1.54,0.44964846257180424,4,0.8660254037844387,-0.4999999999999998,0.937064580320323,-0.34830771268332616,0.2817623302598763,0.22469796037174666
2025-04-25,29045.2,10176.0,24.352,80.0,92.4,2600.0,48.00000000000001,4014.8,3.8,201.4,5.9,64.26,3.0000000000000004,126.42,7.26,3469.0800000000004,6.962000000000001,27.424,6.777999999999999,1.532,0.10400000000000002,15.466,0.05,447.33599999999996,512.0,0.8587,0.3010655215868945,1.54,0.4532010169233778,4,0.8660254037844387,-0.4999999999999998,0.9309344926892207,-0.36437516480552923,0.35135187892997066,-0.08019377358048381
2025-04-26,28319.2,10089.0,24.528,80.0,93.0,2580.0,48.60000000000001,3932.8,3.8,183.8,6.0,57.980000000000004,3.0600000000000005,114.8,7.26,3046.9,7.07,28.718,6.9959999999999996,1.494,0.10400000000000002,15.906,0.05,448.756,512.0,0.8587,0.3061847229002825,1.54,0.46173507315909273,4,0.8660254037844387,-0.4999999999999998,0.924528926564436,-0.38033479245423363,0.15636629649360598,-0.3246979603717467
2025-04-27,27874.8,10017.0,22.956,80.0,87.1,2580.0,48.10000000000001,3926.4,3.8,186.2,5.6,66.54,3.0200000000000005,130.54000000000002,7.08,3440.6800000000003,7.108,29.962,7.33,1.466,0.10800000000000003,16.058,0.05,446.03000000000003,512.0,0.8587,0.3087470328338493,1.54,0.46647659091278226,4,0.8660254037844387,-0.4999999999999998,0.9178497774560409,-0.3961818729188524,-0.15636629649360595,-0.32469796037174675
2025-04-28,27855.6,9917.0,20.759999999999998,80.0,78.7,2620.0,46.7,3912.0,3.8,174.6,5.5,68.54,3.0200000000000005,137.2,7.139999999999999,3627.66,7.114,30.536,7.545999999999999,1.4739999999999998,0.10400000000000002,16.488,0.059999999999999984,457.75200000000007,512.0,0.8587,0.30595513703521127,1.54,0.46552208353764335,4,0.8660254037844387,-0.4999999999999998,0.9108990218317136,-0.41191171679332106,-0.35135187892997066,-0.08019377358048389
2025-04-29,27793.8,9789.0,20.522,80.0,77.9,2645.0,45.900000000000006,3834.0,3.8,187.3,5.3,71.42,2.96,143.7,7.18,3797.1,7.087999999999999,30.206,7.6,1.5,0.10000000000000002,17.028000000000002,0.059999999999999984,471.52,512.0,0.8587,0.30263623734992506,1.54,0.4639149378752857,4,0.8660254037844387,-0.4999999999999998,0.9036787165318699,-0.4275196693637683,-0.2817623302598763,0.22469796037174664
2025-04-30,26379.4,9423.0,18.756,80.0,71.3,2615.0,44.7,3913.8,3.8,200.9,4.9,75.6,3.0000000000000004,154.7,7.159999999999999,3870.9800000000005,7.066,31.634000000000004,7.252,1.556,0.10000000000000002,18.364,0.07799999999999999,478.238,512.0,0.8587,0.3075117168286903,1.54,0.47555188593421194,4,0.8660254037844387,-0.4999999999999998,0.8961909981610121,-0.4430011119859206,-4.4408920985006264e-17,0.3603875471609676
2025-05-01,26230.6,9180.0,20.442,80.0,77.7,2460.0,44.900000000000006,3949.0,3.8,203.5,4.5,82.42,2.8200000000000003,167.68,6.720000000000001,4201.9400000000005,7.008,31.294,7.203999999999999,1.6440000000000001,0.09200000000000003,19.368000000000002,0.07799999999999999,501.674,512.0,0.8587,0.30123347121465516,1.54,0.46098259680750947,5,0.7928203230275509,-0.5732050807568875,0.8884380824554718,-0.4583514634518339,0.2817623302598763,0.22469796037174666
2025-05-02,25901.2,8838.0,20.22,80.0,76.8,2360.0,47.2,3939.0,3.8,199.9,4.3,74.34,2.7400000000000007,153.32,6.5,3776.7599999999998,7.022,29.506,7.197999999999999,1.656,0.09200000000000003,19.168,0.07799999999999999,491.1259999999999,512.0,0.8587,0.2938409040488125,1.54,0.4495492512466037,5,0.7196152422706631,-0.6464101615137754,0.8804222636277386,-0.4735661813455458,0.35135187892997066,-0.08019377358048381
2025-05-03,25510.6,8565.0,20.816,80.0,79.1,2365.0,47.300000000000004,3906.2,3.8,195.1,4.1,72.4,2.62,149.4,6.06,3629.3599999999997,7.008,29.24,7.3199999999999985,1.6740000000000002,0.09600000000000002,18.8,0.06799999999999998,474.54200000000003,512.0,0.8587,0.2893615938621209,1.54,0.44782296575015784,5,0.6464101615137754,-0.7196152422706631,0.8721459136875657,-0.4886407633872503,0.15636629649360598,-0.3246979603717467
2025-05-04,26030.0,8619.0,17.5,80.0,66.5,2400.0,46.7,3985.2,3.8,186.1,4.0,67.44,2.5000000000000004,140.4,5.62,3448.96,7.0200000000000005,29.624000000000002,7.401999999999999,1.638,0.09600000000000003,18.356,0.06799999999999999,470.898,512.0,0.8587,0.2857847639864083,1.54,0.4428747583689506,5,0.5732050807568877,-0.792820323027551,0.8636114817400543,-0.5035707487655945,-0.15636629649360595,-0.32469796037174675
2025-05-05,27119.0,8982.0,17.398,80.0,66.1,2430.0,47.300000000000004,3949.8,3.8,159.1,4.2,59.6,2.5000000000000004,124.72000000000003,5.5200000000000005,3211.78,7.0200000000000005,28.580000000000002,7.878,1.478,0.09600000000000002,17.65,0.05,476.31800000000004,512.0,0.8587,0.2843564602792403,1.54,0.4360133156562876,5,0.49999999999999994,-0.8660254037844387,0.854821493260923,-0.5183517194577048,-0.35135187892997066,-0.08019377358048389
2025-05-06,27426.4,9333.0,15.395999999999997,80.0,58.5,2465.0,46.10000000000001,3923.6,3.8,168.7,4.3,55.64000000000001,2.56,116.24000000000001,5.74,3025.3999999999996,7.0760000000000005,27.631999999999998,7.974000000000001,1.3960000000000001,0.09600000000000003,16.912,0.05,462.73,512.0,0.8587,0.2921996026339916,1.54,0.44383523469000374,5,0.49999999999999994,-0.8660254037844387,0.8457785493491807,-0.5329793015365502,-0.2817623302598763,0.22469796037174664
2025-05-07,27958.6,9759.0,17.168,80.0,65.3,2530.0,44.7,3862.0,3.8,171.7,4.7,54.56,2.6400000000000006,114.9,5.959999999999999,3038.9,7.0280000000000005,27.880000000000003,8.323999999999998,1.402,0.09200000000000003,16.906,0.05,470.70599999999996,512.0,0.8587,0.2999119431259977,1.54,0.4527737464485268,5,0.49999999999999994,-0.8660254037844387,0.8364853259574175,-0.5474491664652585,-4.4408920985006264e-17,0.3603875471609676
2025-05-08,28086.0,10059.0,17.134,80.0,65.2,2810.0,46.60000000000001,3884.0,3.8,180.2,4.9,55.56,2.72,117.24000000000001,6.180000000000001,3112.4,7.036,26.756,8.245999999999999,1.342,0.10800000000000003,16.7,0.05,467.14399999999995,512.0,0.8587,0.3080734504342351,1.54,0.47683551478576514,5,0.49999999999999994,-0.8660254037844387,0.8269445730999487,-0.5617570323779997,0.2817623302598763,0.22469796037174666
2025-05-09,27939.2,10173.0,18.877999999999997,80.0,71.8,2850.0,45.2,3866.8,3.8,179.6,4.6,65.22,2.7800000000000002,136.54000000000002,6.26,3658.04,6.986,25.951999999999998,8.123999999999999,1.3,0.12000000000000002,16.476000000000003,0.05,458.212,512.0,0.8587,0.3128244981365745,1.54,0.4847995747394088,5,0.49999999999999994,-0.8660254037844387,0.8171591140390408,-0.5758986653470586,0.35135187892997066,-0.08019377358048381
2025-05-10,27801.2,10050.0,19.279999999999998,80.0,73.2,2750.0,44.00000000000001,3847.6,3.8,191.2,4.3,72.74,2.72,153.95999999999998,6.0600000000000005,4114.719999999999,6.952,25.48,8.127999999999998,1.326,0.11600000000000003,15.972,0.059999999999999984,441.908,512.0,0.8587,0.3104938505759998,1.54,0.47720560411061363,5,0.49999999999999994,-0.8660254037844387,0.807131844449463,-0.5898698806357225,0.15636629649360598,-0.3246979603717467
2025-05-11,27781.8,9675.0,19.464,80.0,74.0,2765.0,45.800000000000004,3898.2,3.8,194.0,4.1,80.7,2.6600000000000006,170.68,5.96,4569.86,6.956,25.568,8.104,1.276,0.11600000000000003,15.654000000000002,0.059999999999999984,432.916,512.0,0.8587,0.2988861113314283,1.54,0.4667372568718089,5,0.49999999999999994,-0.8660254037844387,0.7968657315616094,-0.6036665439366128,-0.15636629649360595,-0.32469796037174675
2025-05-12,27653.6,9564.0,17.79,80.0,67.6,2760.0,45.800000000000004,3963.8,3.8,195.2,3.8,87.28,2.6000000000000005,182.9,5.72,4904.54,6.986,26.016000000000002,7.994,1.238,0.12000000000000002,16.116,0.059999999999999984,443.84799999999996,512.0,0.8587,0.29690484534424966,1.54,0.4648198216227703,5,0.49999999999999994,-0.8660254037844387,0.7863638132834502,-0.6172845725950913,-0.35135187892997066,-0.08019377358048389
2025-05-13,27700.2,9540.0,19.878,80.0,75.5,2485.0,44.7,3974.6,3.8,187.6,3.7,87.05999999999999,2.54,181.22,5.659999999999999,4866.08,6.998,26.802,8.552,1.258,0.10400000000000002,16.351999999999997,0.06999999999999998,450.782,512.0,0.8587,0.2956283398735146,1.54,0.4473325389893761,5,0.49999999999999994,-0.8660254037844387,0.7756291973015632,-0.6307199368173851,-0.2817623302598763,0.22469796037174664
2025-05-14,27382.0,9507.0,19.882,80.0,75.5,2550.0,41.300000000000004,3950.8,3.8,181.2,4.1,80.35999999999999,2.54,166.40000000000003,5.7,4392.9,7.01,26.940000000000005,9.219999999999999,1.2739999999999998,0.08800000000000002,16.514000000000003,0.06999999999999998,450.41,512.0,0.8587,0.29807460047248224,1.54,0.45523703239816626,5,0.49999999999999994,-0.8660254037844387,0.7646650601615207,-0.6439686608630667,-4.4408920985006264e-17,0.3603875471609676
2025-05-15,27923.8,9642.0,21.5,80.0,81.7,2674.0,42.10000000000001,3994.2,3.8,190.0,4.5,81.53999999999999,2.6000000000000005,166.18,5.859999999999999,4481.32,7.029999999999999,26.768,9.758,1.296,0.09600000000000003,16.71,0.05999999999999998,465.264,460.8,0.8587,0.2964265558818262,1.54,0.458434020852859,5,0.49999999999999994,-0.8660254037844387,0.7534746463278986,-0.6570268242215394,0.2817623302598763,0.22469796037174666
2025-05-16,28269.4,9984.0,21.657999999999998,80.0,82.3,2759.0,41.10000000000001,3980.4,3.8,188.6,4.7,80.4,2.72,165.35999999999999,6.0200000000000005,4524.48,6.9959999999999996,26.85,10.174000000000001,1.3359999999999999,0.10000000000000002,16.812,0.059999999999999984,473.76000000000005,460.8,0.8587,0.30341021323001,1.54,0.46838966382739855,5,0.49999999999999994,-0.8660254037844387,0.7420612672241866,-0.6698905627721797,0.35135187892997066,-0.08019377358048381
2025-05-17,27965.0,10002.0,21.488000000000003,80.0,81.7,2769.0,41.10000000000001,3954.2,3.8,182.6,4.9,85.52000000000001,2.7800000000000002,176.32,6.220000000000001,4758.58,6.944,26.15,10.15,1.318,0.10400000000000002,16.375999999999998,0.059999999999999984,456.904,460.8,0.8587,0.3074849157341063,1.54,0.4748235317466111,5,0.49999999999999994,-0.8660254037844387,0.7304283002528853,-0.6825560699277929,0.15636629649360598,-0.3246979603717467
2025-05-18,27892.4,10074.0,19.524,80.0,74.2,2829.0,41.2,3872.8,3.8,192.0,5.1,93.54,2.9000000000000004,193.88,6.3,5224.839999999999,6.917999999999999,26.226,9.844,1.33,0.10800000000000003,16.652,0.05,463.49799999999993,460.8,0.8587,0.3105760787082462,1.54,0.4815241961063295,5,0.49999999999999994,-0.8660254037844387,0.7185791877960778,-0.6950195977610434,-0.15636629649360595,-0.32469796037174675
2025-05-19,27624.2,10041.0,19.15,80.0,72.8,2749.0,47.2,3928.0,3.8,195.1,5.0,101.82000000000001,3.0000000000000004,213.06,6.359999999999999,5693.179999999999,6.92,26.656,9.7,1.3679999999999999,0.11200000000000002,16.832,0.05,463.924,460.8,0.8587,0.3126986411021405,1.54,0.4808651693701574,5,0.49999999999999994,-0.8660254037844387,0.7065174361967739,-0.7072774581135262,-0.35135187892997066,-0.08019377358048389
2025-05-20,27093.8,9957.0,17.282,80.0,65.7,2850.0,48.2,3980.0,3.8,193.7,5.2,103.22,3.0000000000000004,216.38000000000002,6.4,5684.36,6.912000000000001,26.682,9.457999999999998,1.316,0.11200000000000002,16.418,0.05,443.696,512.0,0.8587,0.3158559783048731,1.54,0.49281099853791377,5,0.49999999999999994,-0.8660254037844387,0.694246614721327,-0.7193260236871531,-0.2817623302598763,0.22469796037174664
2025-05-21,26760.6,9876.0,18.628,80.0,70.7,2915.0,48.2,3983.8,3.8,181.3,5.3,107.28,3.0200000000000005,226.26,6.34,5888.04,6.925999999999999,26.51,9.122,1.34,0.11600000000000002,16.23,0.05,433.054,512.0,0.8587,0.31697240183579906,1.54,0.5000626091393068,5,0.49999999999999994,-0.8660254037844387,0.6817703545032299,-0.7311617291175281,-4.4408920985006264e-17,0.3603875471609676
2025-05-22,27154.2,9720.0,18.607999999999997,80.0,70.6,3020.0,48.900000000000006,3975.2,3.8,188.5,5.2,108.08,3.04,227.9,6.339999999999999,6020.0599999999995,6.960000000000001,26.784,8.941999999999998,1.3599999999999999,0.11600000000000002,16.342,0.059999999999999984,442.012,512.0,0.8587,0.30776626483243585,1.54,0.49458255554762154,5,0.49999999999999994,-0.8660254037844387,0.6690923474686052,-0.7427810720289962,0.2817623302598763,0.22469796037174666
2025-05-23,27263.4,9594.0,18.672000000000004,80.0,70.8,3000.0,49.300000000000004,4057.4,3.8,179.8,4.9,101.61999999999999,3.0200000000000005,216.1,6.359999999999999,5715.360000000001,6.95,25.839999999999996,8.649999999999999,1.296,0.11200000000000003,15.616,0.059999999999999984,423.81000000000006,512.0,0.8587,0.3025993968645314,1.54,0.48753962724666877,5,0.49999999999999994,-0.8660254037844387,0.6562163452437038,-0.7541806140710525,0.35135187892997066,-0.08019377358048381
2025-05-24,27294.0,9558.0,18.942,80.0,71.7,3040.0,48.60000000000001,4067.8,3.8,178.8,4.9,94.44,2.9600000000000004,200.18,6.32,5302.9400000000005,6.964,25.086000000000002,8.267999999999999,1.276,0.10800000000000001,15.372,0.059999999999999984,417.88800000000003,512.0,0.8587,0.30105266037038575,1.54,0.48826165726961274,5,0.49999999999999994,-0.8660254037844387,0.6431461580447386,-0.7653569819358058,0.15636629649360598,-0.3246979603717467
2025-05-25,27312.4,9534.0,17.211999999999996,80.0,65.1,3075.0,47.900000000000006,3984.0,3.8,188.6,4.8,96.94000000000001,3.0000000000000004,206.34,6.44,5468.5599999999995,6.994,25.468,7.367999999999999,1.384,0.10800000000000001,16.002000000000002,0.06999999999999998,434.79400000000004,512.0,0.8587,0.30007086695108637,1.54,0.48884149943094357,5,0.49999999999999994,-0.8660254037844387,0.6298856535503816,-0.7763068683561947,-0.15636629649360595,-0.32469796037174675
2025-05-26,27461.4,9507.0,15.948000000000002,80.0,60.3,2980.0,47.7,3954.4,3.8,192.2,4.7,91.22,3.0200000000000005,191.98,6.519999999999999,5101.628,7.023999999999999,25.086000000000002,7.215999999999999,1.4100000000000001,0.10400000000000002,16.324,0.06999999999999998,446.14,512.0,0.8587,0.29761689538681824,1.54,0.4795884614548204,5,0.49999999999999994,-0.8660254037844387,0.6164387557572533,-0.7870270330846603,-0.35135187892997066,-0.08019377358048389
2025-05-27,27513.8,9663.0,17.774,80.0,67.2,2880.0,46.60000000000001,4003.4,3.8,179.4,4.4,82.64,2.9800000000000004,174.98,6.459999999999999,4628.768,7.0120000000000005,23.696,7.057999999999998,1.4200000000000002,0.10200000000000002,16.024,0.05999999999999998,438.67600000000004,512.0,0.8587,0.3017921432327691,1.54,0.47807700431271505,5,0.49999999999999994,-0.8660254037844387,0.6028094438187503,-0.7975143038519887,-0.2817623302598763,0.22469796037174664
2025-05-28,28042.4,9777.0,19.556,80.0,74.0,2814.0,46.00000000000001,4027.6,3.8,178.8,4.7,83.1,2.9400000000000004,173.56,6.4,4668.3279999999995,7.034000000000001,23.322,7.522,1.48,0.09800000000000002,16.362000000000002,0.059999999999999984,456.404,512.0,0.8587,0.29986766205525284,1.54,0.46983783496802173,5,0.49999999999999994,-0.8660254037844387,0.5890017508675502,-0.807765577306036,-4.4408920985006264e-17,0.3603875471609676
2025-05-29,27976.4,9858.0,21.474,80.0,81.5,2729.0,45.7,4009.6,3.8,177.1,4.9,84.76,2.9400000000000004,177.14000000000001,6.3999999999999995,4752.348,7.042,22.728,8.102,1.4120000000000001,0.10200000000000002,16.17,0.059999999999999984,450.3639999999999,512.0,0.8587,0.3033368760479715,1.54,0.4689132771282091,5,0.49999999999999994,-0.8660254037844387,0.5750197628221414,-0.81777781993006,0.2817623302598763,0.22469796037174666
2025-05-30,27998.0,9870.0,24.970000000000002,80.0,94.8,2604.0,45.60000000000001,4025.4,3.8,162.7,4.8,75.74000000000001,2.8200000000000003,158.14000000000001,6.2,4251.088,7.032000000000001,21.4,9.238,1.304,0.09800000000000002,15.538,0.05,434.012,512.0,0.8587,0.30347413528412515,1.54,0.4621212257900513,5,0.49999999999999994,-0.8660254037844387,0.560867617177735,-0.8275480689403867,0.35135187892997066,-0.08019377358048381
2025-05-31,27714.0,9612.0,23.148,80.0,88.0,2584.0,45.800000000000004,4049.2,3.8,170.5,5.0,67.34,2.8,142.1,6.14,3775.2400000000002,6.996,20.556,9.958,1.314,0.09800000000000003,14.928,0.05,412.9,512.0,0.8587,0.2982756678418027,1.54,0.4570256763302417,5,0.49999999999999994,-0.8660254037844387,0.5465495017819135,-0.8370734331631458,0.15636629649360598,-0.3246979603717467
